

Microchip MPLAB XC8 Assembler V3.00 build 20241204225717 
                                                                                               Mon Jun 30 20:32:22 2025

Microchip MPLAB XC8 C Compiler v3.00 (Free license) build 20241204225717 Og1 
     1                           	processor	16F877A
     2                           	pagewidth 120
     3                           	opt	flic
     4                           	psect	idataCOMMON,global,class=CODE,space=0,delta=2,noexec
     5                           	psect	idataBANK1,global,class=CODE,space=0,delta=2,noexec
     6                           	psect	strings,global,class=STRING,space=0,delta=2,noexec
     7                           	psect	stringtext,global,reloc=256,class=STRCODE,space=0,delta=2,noexec
     8                           	psect	cinit,global,class=CODE,space=0,merge=1,delta=2
     9                           	psect	bssCOMMON,global,class=COMMON,space=1,delta=1,noexec
    10                           	psect	dataCOMMON,global,class=COMMON,space=1,delta=1,noexec
    11                           	psect	bssBANK0,global,class=BANK0,space=1,delta=1,noexec
    12                           	psect	bssBANK1,global,class=BANK1,space=1,delta=1,noexec
    13                           	psect	dataBANK1,global,class=BANK1,space=1,delta=1,noexec
    14                           	psect	inittext,global,class=CODE,space=0,delta=2
    15                           	psect	cstackCOMMON,global,class=COMMON,space=1,delta=1,noexec
    16                           	psect	cstackBANK0,global,class=BANK0,space=1,delta=1,noexec
    17                           	psect	maintext,global,class=CODE,space=0,split=1,delta=2
    18                           	psect	text1,local,class=CODE,space=0,merge=1,delta=2
    19                           	psect	text2,local,class=CODE,space=0,merge=1,delta=2
    20                           	psect	text3,local,class=CODE,space=0,merge=1,delta=2
    21                           	psect	text4,local,class=CODE,space=0,merge=1,delta=2
    22                           	psect	text5,local,class=CODE,space=0,merge=1,delta=2
    23                           	psect	text6,local,class=CODE,space=0,merge=1,delta=2,group=1
    24                           	psect	text7,local,class=CODE,space=0,merge=1,delta=2,group=1
    25                           	psect	text8,local,class=CODE,space=0,merge=1,delta=2,group=1
    26                           	psect	text9,local,class=CODE,space=0,merge=1,delta=2,group=1
    27                           	psect	text10,local,class=CODE,space=0,merge=1,delta=2,group=1
    28                           	psect	text11,local,class=CODE,space=0,merge=1,delta=2,group=1
    29                           	psect	text12,local,class=CODE,space=0,merge=1,delta=2,group=1
    30                           	psect	text13,local,class=CODE,space=0,merge=1,delta=2,group=1
    31                           	psect	text14,local,class=CODE,space=0,merge=1,delta=2,group=1
    32                           	psect	text15,local,class=CODE,space=0,merge=1,delta=2,group=1
    33                           	psect	text16,local,class=CODE,space=0,merge=1,delta=2
    34                           	psect	text17,local,class=CODE,space=0,merge=1,delta=2
    35                           	psect	text18,local,class=CODE,space=0,merge=1,delta=2
    36                           	psect	text19,local,class=CODE,space=0,merge=1,delta=2
    37                           	psect	text20,local,class=CODE,space=0,merge=1,delta=2
    38                           	psect	text21,local,class=CODE,space=0,merge=1,delta=2
    39                           	psect	text22,local,class=CODE,space=0,merge=1,delta=2
    40                           	psect	text23,local,class=CODE,space=0,merge=1,delta=2
    41                           	psect	text24,local,class=CODE,space=0,merge=1,delta=2
    42                           	psect	text25,local,class=CODE,space=0,merge=1,delta=2
    43                           	psect	text26,local,class=CODE,space=0,merge=1,delta=2
    44                           	psect	text27,local,class=CODE,space=0,merge=1,delta=2
    45                           	psect	intentry,global,class=CODE,space=0,delta=2
    46                           	psect	config,global,abs,ovrld,class=CONFIG,space=4,delta=2,noexec
    47                           	dabs	1,0x7E,2
    48     0000                     
    49                           ; Generated 12/10/2023 GMT
    50                           ; 
    51                           ; Copyright © 2023, Microchip Technology Inc. and its subsidiaries ("Microchip")
    52                           ; All rights reserved.
    53                           ; 
    54                           ; This software is developed by Microchip Technology Inc. and its subsidiaries ("Microch
      +                          ip").
    55                           ; 
    56                           ; Redistribution and use in source and binary forms, with or without modification, are
    57                           ; permitted provided that the following conditions are met:
    58                           ; 
    59                           ;     1. Redistributions of source code must retain the above copyright notice, this lis
      +                          t of
    60                           ;        conditions and the following disclaimer.
    61                           ; 
    62                           ;     2. Redistributions in binary form must reproduce the above copyright notice, this 
      +                          list
    63                           ;        of conditions and the following disclaimer in the documentation and/or other
    64                           ;        materials provided with the distribution. Publication is not required when
    65                           ;        this file is used in an embedded application.
    66                           ; 
    67                           ;     3. Microchip's name may not be used to endorse or promote products derived from th
      +                          is
    68                           ;        software without specific prior written permission.
    69                           ; 
    70                           ; THIS SOFTWARE IS PROVIDED BY MICROCHIP "AS IS" AND ANY EXPRESS OR IMPLIED WARRANTIES,
    71                           ; INCLUDING, BUT NOT LIMITED TO, THE IMPLIED WARRANTIES OF MERCHANTABILITY AND FITNESS F
      +                          OR
    72                           ; PURPOSE ARE DISCLAIMED.  IN NO EVENT SHALL MICROCHIP BE LIABLE FOR ANY DIRECT, INDIREC
      +                          T,
    73                           ; INCIDENTAL, SPECIAL, EXEMPLARY, OR CONSEQUENTIAL DAMAGES (INCLUDING BUT NOT LIMITED TO
    74                           ; PROCUREMENT OF SUBSTITUTE GOODS OR SERVICES; LOSS OF USE, DATA OR PROFITS; OR BUSINESS
    75                           ; INTERRUPTION) HOWSOEVER CAUSED AND ON ANY THEORY OF LIABILITY, WHETHER IN CONTRACT, ST
      +                          RICT
    76                           ; LIABILITY, OR TORT (INCLUDING NEGLIGENCE OR OTHERWISE) ARISING IN ANY WAY OUT OF THE U
      +                          SE OF
    77                           ; THIS SOFTWARE, EVEN IF ADVISED OF THE POSSIBILITY OF SUCH DAMAGE.
    78                           ; 
    79                           ; 
    80                           ; Code-generator required, PIC16F877A Definitions
    81                           ; 
    82                           ; SFR Addresses
    83     0004                     fsr             equ	4
    84     0004                     fsr0            equ	4
    85     0000                     indf            equ	0
    86     0000                     indf0           equ	0
    87     0002                     pc              equ	2
    88     0002                     pcl             equ	2
    89     000A                     pclath          equ	10
    90     0003                     status          equ	3
    91     0000                     INDF            equ	0	;# 
    92     0001                     TMR0            equ	1	;# 
    93     0002                     PCL             equ	2	;# 
    94     0003                     STATUS          equ	3	;# 
    95     0004                     FSR             equ	4	;# 
    96     0005                     PORTA           equ	5	;# 
    97     0006                     PORTB           equ	6	;# 
    98     0007                     PORTC           equ	7	;# 
    99     0008                     PORTD           equ	8	;# 
   100     0009                     PORTE           equ	9	;# 
   101     000A                     PCLATH          equ	10	;# 
   102     000B                     INTCON          equ	11	;# 
   103     000C                     PIR1            equ	12	;# 
   104     000D                     PIR2            equ	13	;# 
   105     000E                     TMR1            equ	14	;# 
   106     000E                     TMR1L           equ	14	;# 
   107     000F                     TMR1H           equ	15	;# 
   108     0010                     T1CON           equ	16	;# 
   109     0011                     TMR2            equ	17	;# 
   110     0012                     T2CON           equ	18	;# 
   111     0013                     SSPBUF          equ	19	;# 
   112     0014                     SSPCON          equ	20	;# 
   113     0015                     CCPR1           equ	21	;# 
   114     0015                     CCPR1L          equ	21	;# 
   115     0016                     CCPR1H          equ	22	;# 
   116     0017                     CCP1CON         equ	23	;# 
   117     0018                     RCSTA           equ	24	;# 
   118     0019                     TXREG           equ	25	;# 
   119     001A                     RCREG           equ	26	;# 
   120     001B                     CCPR2           equ	27	;# 
   121     001B                     CCPR2L          equ	27	;# 
   122     001C                     CCPR2H          equ	28	;# 
   123     001D                     CCP2CON         equ	29	;# 
   124     001E                     ADRESH          equ	30	;# 
   125     001F                     ADCON0          equ	31	;# 
   126     0081                     OPTION_REG      equ	129	;# 
   127     0085                     TRISA           equ	133	;# 
   128     0086                     TRISB           equ	134	;# 
   129     0087                     TRISC           equ	135	;# 
   130     0088                     TRISD           equ	136	;# 
   131     0089                     TRISE           equ	137	;# 
   132     008C                     PIE1            equ	140	;# 
   133     008D                     PIE2            equ	141	;# 
   134     008E                     PCON            equ	142	;# 
   135     0091                     SSPCON2         equ	145	;# 
   136     0092                     PR2             equ	146	;# 
   137     0093                     SSPADD          equ	147	;# 
   138     0094                     SSPSTAT         equ	148	;# 
   139     0098                     TXSTA           equ	152	;# 
   140     0099                     SPBRG           equ	153	;# 
   141     009C                     CMCON           equ	156	;# 
   142     009D                     CVRCON          equ	157	;# 
   143     009E                     ADRESL          equ	158	;# 
   144     009F                     ADCON1          equ	159	;# 
   145     010C                     EEDATA          equ	268	;# 
   146     010D                     EEADR           equ	269	;# 
   147     010E                     EEDATH          equ	270	;# 
   148     010F                     EEADRH          equ	271	;# 
   149     018C                     EECON1          equ	396	;# 
   150     018D                     EECON2          equ	397	;# 
   151     0000                     INDF            equ	0	;# 
   152     0001                     TMR0            equ	1	;# 
   153     0002                     PCL             equ	2	;# 
   154     0003                     STATUS          equ	3	;# 
   155     0004                     FSR             equ	4	;# 
   156     0005                     PORTA           equ	5	;# 
   157     0006                     PORTB           equ	6	;# 
   158     0007                     PORTC           equ	7	;# 
   159     0008                     PORTD           equ	8	;# 
   160     0009                     PORTE           equ	9	;# 
   161     000A                     PCLATH          equ	10	;# 
   162     000B                     INTCON          equ	11	;# 
   163     000C                     PIR1            equ	12	;# 
   164     000D                     PIR2            equ	13	;# 
   165     000E                     TMR1            equ	14	;# 
   166     000E                     TMR1L           equ	14	;# 
   167     000F                     TMR1H           equ	15	;# 
   168     0010                     T1CON           equ	16	;# 
   169     0011                     TMR2            equ	17	;# 
   170     0012                     T2CON           equ	18	;# 
   171     0013                     SSPBUF          equ	19	;# 
   172     0014                     SSPCON          equ	20	;# 
   173     0015                     CCPR1           equ	21	;# 
   174     0015                     CCPR1L          equ	21	;# 
   175     0016                     CCPR1H          equ	22	;# 
   176     0017                     CCP1CON         equ	23	;# 
   177     0018                     RCSTA           equ	24	;# 
   178     0019                     TXREG           equ	25	;# 
   179     001A                     RCREG           equ	26	;# 
   180     001B                     CCPR2           equ	27	;# 
   181     001B                     CCPR2L          equ	27	;# 
   182     001C                     CCPR2H          equ	28	;# 
   183     001D                     CCP2CON         equ	29	;# 
   184     001E                     ADRESH          equ	30	;# 
   185     001F                     ADCON0          equ	31	;# 
   186     0081                     OPTION_REG      equ	129	;# 
   187     0085                     TRISA           equ	133	;# 
   188     0086                     TRISB           equ	134	;# 
   189     0087                     TRISC           equ	135	;# 
   190     0088                     TRISD           equ	136	;# 
   191     0089                     TRISE           equ	137	;# 
   192     008C                     PIE1            equ	140	;# 
   193     008D                     PIE2            equ	141	;# 
   194     008E                     PCON            equ	142	;# 
   195     0091                     SSPCON2         equ	145	;# 
   196     0092                     PR2             equ	146	;# 
   197     0093                     SSPADD          equ	147	;# 
   198     0094                     SSPSTAT         equ	148	;# 
   199     0098                     TXSTA           equ	152	;# 
   200     0099                     SPBRG           equ	153	;# 
   201     009C                     CMCON           equ	156	;# 
   202     009D                     CVRCON          equ	157	;# 
   203     009E                     ADRESL          equ	158	;# 
   204     009F                     ADCON1          equ	159	;# 
   205     010C                     EEDATA          equ	268	;# 
   206     010D                     EEADR           equ	269	;# 
   207     010E                     EEDATH          equ	270	;# 
   208     010F                     EEADRH          equ	271	;# 
   209     018C                     EECON1          equ	396	;# 
   210     018D                     EECON2          equ	397	;# 
   211     0000                     INDF            equ	0	;# 
   212     0001                     TMR0            equ	1	;# 
   213     0002                     PCL             equ	2	;# 
   214     0003                     STATUS          equ	3	;# 
   215     0004                     FSR             equ	4	;# 
   216     0005                     PORTA           equ	5	;# 
   217     0006                     PORTB           equ	6	;# 
   218     0007                     PORTC           equ	7	;# 
   219     0008                     PORTD           equ	8	;# 
   220     0009                     PORTE           equ	9	;# 
   221     000A                     PCLATH          equ	10	;# 
   222     000B                     INTCON          equ	11	;# 
   223     000C                     PIR1            equ	12	;# 
   224     000D                     PIR2            equ	13	;# 
   225     000E                     TMR1            equ	14	;# 
   226     000E                     TMR1L           equ	14	;# 
   227     000F                     TMR1H           equ	15	;# 
   228     0010                     T1CON           equ	16	;# 
   229     0011                     TMR2            equ	17	;# 
   230     0012                     T2CON           equ	18	;# 
   231     0013                     SSPBUF          equ	19	;# 
   232     0014                     SSPCON          equ	20	;# 
   233     0015                     CCPR1           equ	21	;# 
   234     0015                     CCPR1L          equ	21	;# 
   235     0016                     CCPR1H          equ	22	;# 
   236     0017                     CCP1CON         equ	23	;# 
   237     0018                     RCSTA           equ	24	;# 
   238     0019                     TXREG           equ	25	;# 
   239     001A                     RCREG           equ	26	;# 
   240     001B                     CCPR2           equ	27	;# 
   241     001B                     CCPR2L          equ	27	;# 
   242     001C                     CCPR2H          equ	28	;# 
   243     001D                     CCP2CON         equ	29	;# 
   244     001E                     ADRESH          equ	30	;# 
   245     001F                     ADCON0          equ	31	;# 
   246     0081                     OPTION_REG      equ	129	;# 
   247     0085                     TRISA           equ	133	;# 
   248     0086                     TRISB           equ	134	;# 
   249     0087                     TRISC           equ	135	;# 
   250     0088                     TRISD           equ	136	;# 
   251     0089                     TRISE           equ	137	;# 
   252     008C                     PIE1            equ	140	;# 
   253     008D                     PIE2            equ	141	;# 
   254     008E                     PCON            equ	142	;# 
   255     0091                     SSPCON2         equ	145	;# 
   256     0092                     PR2             equ	146	;# 
   257     0093                     SSPADD          equ	147	;# 
   258     0094                     SSPSTAT         equ	148	;# 
   259     0098                     TXSTA           equ	152	;# 
   260     0099                     SPBRG           equ	153	;# 
   261     009C                     CMCON           equ	156	;# 
   262     009D                     CVRCON          equ	157	;# 
   263     009E                     ADRESL          equ	158	;# 
   264     009F                     ADCON1          equ	159	;# 
   265     010C                     EEDATA          equ	268	;# 
   266     010D                     EEADR           equ	269	;# 
   267     010E                     EEDATH          equ	270	;# 
   268     010F                     EEADRH          equ	271	;# 
   269     018C                     EECON1          equ	396	;# 
   270     018D                     EECON2          equ	397	;# 
   271     0000                     INDF            equ	0	;# 
   272     0001                     TMR0            equ	1	;# 
   273     0002                     PCL             equ	2	;# 
   274     0003                     STATUS          equ	3	;# 
   275     0004                     FSR             equ	4	;# 
   276     0005                     PORTA           equ	5	;# 
   277     0006                     PORTB           equ	6	;# 
   278     0007                     PORTC           equ	7	;# 
   279     0008                     PORTD           equ	8	;# 
   280     0009                     PORTE           equ	9	;# 
   281     000A                     PCLATH          equ	10	;# 
   282     000B                     INTCON          equ	11	;# 
   283     000C                     PIR1            equ	12	;# 
   284     000D                     PIR2            equ	13	;# 
   285     000E                     TMR1            equ	14	;# 
   286     000E                     TMR1L           equ	14	;# 
   287     000F                     TMR1H           equ	15	;# 
   288     0010                     T1CON           equ	16	;# 
   289     0011                     TMR2            equ	17	;# 
   290     0012                     T2CON           equ	18	;# 
   291     0013                     SSPBUF          equ	19	;# 
   292     0014                     SSPCON          equ	20	;# 
   293     0015                     CCPR1           equ	21	;# 
   294     0015                     CCPR1L          equ	21	;# 
   295     0016                     CCPR1H          equ	22	;# 
   296     0017                     CCP1CON         equ	23	;# 
   297     0018                     RCSTA           equ	24	;# 
   298     0019                     TXREG           equ	25	;# 
   299     001A                     RCREG           equ	26	;# 
   300     001B                     CCPR2           equ	27	;# 
   301     001B                     CCPR2L          equ	27	;# 
   302     001C                     CCPR2H          equ	28	;# 
   303     001D                     CCP2CON         equ	29	;# 
   304     001E                     ADRESH          equ	30	;# 
   305     001F                     ADCON0          equ	31	;# 
   306     0081                     OPTION_REG      equ	129	;# 
   307     0085                     TRISA           equ	133	;# 
   308     0086                     TRISB           equ	134	;# 
   309     0087                     TRISC           equ	135	;# 
   310     0088                     TRISD           equ	136	;# 
   311     0089                     TRISE           equ	137	;# 
   312     008C                     PIE1            equ	140	;# 
   313     008D                     PIE2            equ	141	;# 
   314     008E                     PCON            equ	142	;# 
   315     0091                     SSPCON2         equ	145	;# 
   316     0092                     PR2             equ	146	;# 
   317     0093                     SSPADD          equ	147	;# 
   318     0094                     SSPSTAT         equ	148	;# 
   319     0098                     TXSTA           equ	152	;# 
   320     0099                     SPBRG           equ	153	;# 
   321     009C                     CMCON           equ	156	;# 
   322     009D                     CVRCON          equ	157	;# 
   323     009E                     ADRESL          equ	158	;# 
   324     009F                     ADCON1          equ	159	;# 
   325     010C                     EEDATA          equ	268	;# 
   326     010D                     EEADR           equ	269	;# 
   327     010E                     EEDATH          equ	270	;# 
   328     010F                     EEADRH          equ	271	;# 
   329     018C                     EECON1          equ	396	;# 
   330     018D                     EECON2          equ	397	;# 
   331     0000                     INDF            equ	0	;# 
   332     0001                     TMR0            equ	1	;# 
   333     0002                     PCL             equ	2	;# 
   334     0003                     STATUS          equ	3	;# 
   335     0004                     FSR             equ	4	;# 
   336     0005                     PORTA           equ	5	;# 
   337     0006                     PORTB           equ	6	;# 
   338     0007                     PORTC           equ	7	;# 
   339     0008                     PORTD           equ	8	;# 
   340     0009                     PORTE           equ	9	;# 
   341     000A                     PCLATH          equ	10	;# 
   342     000B                     INTCON          equ	11	;# 
   343     000C                     PIR1            equ	12	;# 
   344     000D                     PIR2            equ	13	;# 
   345     000E                     TMR1            equ	14	;# 
   346     000E                     TMR1L           equ	14	;# 
   347     000F                     TMR1H           equ	15	;# 
   348     0010                     T1CON           equ	16	;# 
   349     0011                     TMR2            equ	17	;# 
   350     0012                     T2CON           equ	18	;# 
   351     0013                     SSPBUF          equ	19	;# 
   352     0014                     SSPCON          equ	20	;# 
   353     0015                     CCPR1           equ	21	;# 
   354     0015                     CCPR1L          equ	21	;# 
   355     0016                     CCPR1H          equ	22	;# 
   356     0017                     CCP1CON         equ	23	;# 
   357     0018                     RCSTA           equ	24	;# 
   358     0019                     TXREG           equ	25	;# 
   359     001A                     RCREG           equ	26	;# 
   360     001B                     CCPR2           equ	27	;# 
   361     001B                     CCPR2L          equ	27	;# 
   362     001C                     CCPR2H          equ	28	;# 
   363     001D                     CCP2CON         equ	29	;# 
   364     001E                     ADRESH          equ	30	;# 
   365     001F                     ADCON0          equ	31	;# 
   366     0081                     OPTION_REG      equ	129	;# 
   367     0085                     TRISA           equ	133	;# 
   368     0086                     TRISB           equ	134	;# 
   369     0087                     TRISC           equ	135	;# 
   370     0088                     TRISD           equ	136	;# 
   371     0089                     TRISE           equ	137	;# 
   372     008C                     PIE1            equ	140	;# 
   373     008D                     PIE2            equ	141	;# 
   374     008E                     PCON            equ	142	;# 
   375     0091                     SSPCON2         equ	145	;# 
   376     0092                     PR2             equ	146	;# 
   377     0093                     SSPADD          equ	147	;# 
   378     0094                     SSPSTAT         equ	148	;# 
   379     0098                     TXSTA           equ	152	;# 
   380     0099                     SPBRG           equ	153	;# 
   381     009C                     CMCON           equ	156	;# 
   382     009D                     CVRCON          equ	157	;# 
   383     009E                     ADRESL          equ	158	;# 
   384     009F                     ADCON1          equ	159	;# 
   385     010C                     EEDATA          equ	268	;# 
   386     010D                     EEADR           equ	269	;# 
   387     010E                     EEDATH          equ	270	;# 
   388     010F                     EEADRH          equ	271	;# 
   389     018C                     EECON1          equ	396	;# 
   390     018D                     EECON2          equ	397	;# 
   391     0000                     INDF            equ	0	;# 
   392     0001                     TMR0            equ	1	;# 
   393     0002                     PCL             equ	2	;# 
   394     0003                     STATUS          equ	3	;# 
   395     0004                     FSR             equ	4	;# 
   396     0005                     PORTA           equ	5	;# 
   397     0006                     PORTB           equ	6	;# 
   398     0007                     PORTC           equ	7	;# 
   399     0008                     PORTD           equ	8	;# 
   400     0009                     PORTE           equ	9	;# 
   401     000A                     PCLATH          equ	10	;# 
   402     000B                     INTCON          equ	11	;# 
   403     000C                     PIR1            equ	12	;# 
   404     000D                     PIR2            equ	13	;# 
   405     000E                     TMR1            equ	14	;# 
   406     000E                     TMR1L           equ	14	;# 
   407     000F                     TMR1H           equ	15	;# 
   408     0010                     T1CON           equ	16	;# 
   409     0011                     TMR2            equ	17	;# 
   410     0012                     T2CON           equ	18	;# 
   411     0013                     SSPBUF          equ	19	;# 
   412     0014                     SSPCON          equ	20	;# 
   413     0015                     CCPR1           equ	21	;# 
   414     0015                     CCPR1L          equ	21	;# 
   415     0016                     CCPR1H          equ	22	;# 
   416     0017                     CCP1CON         equ	23	;# 
   417     0018                     RCSTA           equ	24	;# 
   418     0019                     TXREG           equ	25	;# 
   419     001A                     RCREG           equ	26	;# 
   420     001B                     CCPR2           equ	27	;# 
   421     001B                     CCPR2L          equ	27	;# 
   422     001C                     CCPR2H          equ	28	;# 
   423     001D                     CCP2CON         equ	29	;# 
   424     001E                     ADRESH          equ	30	;# 
   425     001F                     ADCON0          equ	31	;# 
   426     0081                     OPTION_REG      equ	129	;# 
   427     0085                     TRISA           equ	133	;# 
   428     0086                     TRISB           equ	134	;# 
   429     0087                     TRISC           equ	135	;# 
   430     0088                     TRISD           equ	136	;# 
   431     0089                     TRISE           equ	137	;# 
   432     008C                     PIE1            equ	140	;# 
   433     008D                     PIE2            equ	141	;# 
   434     008E                     PCON            equ	142	;# 
   435     0091                     SSPCON2         equ	145	;# 
   436     0092                     PR2             equ	146	;# 
   437     0093                     SSPADD          equ	147	;# 
   438     0094                     SSPSTAT         equ	148	;# 
   439     0098                     TXSTA           equ	152	;# 
   440     0099                     SPBRG           equ	153	;# 
   441     009C                     CMCON           equ	156	;# 
   442     009D                     CVRCON          equ	157	;# 
   443     009E                     ADRESL          equ	158	;# 
   444     009F                     ADCON1          equ	159	;# 
   445     010C                     EEDATA          equ	268	;# 
   446     010D                     EEADR           equ	269	;# 
   447     010E                     EEDATH          equ	270	;# 
   448     010F                     EEADRH          equ	271	;# 
   449     018C                     EECON1          equ	396	;# 
   450     018D                     EECON2          equ	397	;# 
   451     0000                     INDF            equ	0	;# 
   452     0001                     TMR0            equ	1	;# 
   453     0002                     PCL             equ	2	;# 
   454     0003                     STATUS          equ	3	;# 
   455     0004                     FSR             equ	4	;# 
   456     0005                     PORTA           equ	5	;# 
   457     0006                     PORTB           equ	6	;# 
   458     0007                     PORTC           equ	7	;# 
   459     0008                     PORTD           equ	8	;# 
   460     0009                     PORTE           equ	9	;# 
   461     000A                     PCLATH          equ	10	;# 
   462     000B                     INTCON          equ	11	;# 
   463     000C                     PIR1            equ	12	;# 
   464     000D                     PIR2            equ	13	;# 
   465     000E                     TMR1            equ	14	;# 
   466     000E                     TMR1L           equ	14	;# 
   467     000F                     TMR1H           equ	15	;# 
   468     0010                     T1CON           equ	16	;# 
   469     0011                     TMR2            equ	17	;# 
   470     0012                     T2CON           equ	18	;# 
   471     0013                     SSPBUF          equ	19	;# 
   472     0014                     SSPCON          equ	20	;# 
   473     0015                     CCPR1           equ	21	;# 
   474     0015                     CCPR1L          equ	21	;# 
   475     0016                     CCPR1H          equ	22	;# 
   476     0017                     CCP1CON         equ	23	;# 
   477     0018                     RCSTA           equ	24	;# 
   478     0019                     TXREG           equ	25	;# 
   479     001A                     RCREG           equ	26	;# 
   480     001B                     CCPR2           equ	27	;# 
   481     001B                     CCPR2L          equ	27	;# 
   482     001C                     CCPR2H          equ	28	;# 
   483     001D                     CCP2CON         equ	29	;# 
   484     001E                     ADRESH          equ	30	;# 
   485     001F                     ADCON0          equ	31	;# 
   486     0081                     OPTION_REG      equ	129	;# 
   487     0085                     TRISA           equ	133	;# 
   488     0086                     TRISB           equ	134	;# 
   489     0087                     TRISC           equ	135	;# 
   490     0088                     TRISD           equ	136	;# 
   491     0089                     TRISE           equ	137	;# 
   492     008C                     PIE1            equ	140	;# 
   493     008D                     PIE2            equ	141	;# 
   494     008E                     PCON            equ	142	;# 
   495     0091                     SSPCON2         equ	145	;# 
   496     0092                     PR2             equ	146	;# 
   497     0093                     SSPADD          equ	147	;# 
   498     0094                     SSPSTAT         equ	148	;# 
   499     0098                     TXSTA           equ	152	;# 
   500     0099                     SPBRG           equ	153	;# 
   501     009C                     CMCON           equ	156	;# 
   502     009D                     CVRCON          equ	157	;# 
   503     009E                     ADRESL          equ	158	;# 
   504     009F                     ADCON1          equ	159	;# 
   505     010C                     EEDATA          equ	268	;# 
   506     010D                     EEADR           equ	269	;# 
   507     010E                     EEDATH          equ	270	;# 
   508     010F                     EEADRH          equ	271	;# 
   509     018C                     EECON1          equ	396	;# 
   510     018D                     EECON2          equ	397	;# 
   511                           
   512                           	psect	idataCOMMON
   513     07FB                     __pidataCOMMON:
   514                           
   515                           ;initializer for read_digital_keypad@once
   516     07FB  3401               	retlw	1
   517                           
   518                           	psect	idataBANK1
   519     14C4                     __pidataBANK1:
   520                           
   521                           ;initializer for _washing_program
   522     14C4  3448               	retlw	low (STR_1| (0+32768))
   523     14C5  3491               	retlw	high (STR_1| (0+32768))
   524     14C6  344E               	retlw	low (STR_2| (0+32768))
   525     14C7  3491               	retlw	high (STR_2| (0+32768))
   526     14C8  34EA               	retlw	low (STR_3| (0+32768))
   527     14C9  3490               	retlw	high (STR_3| (0+32768))
   528     14CA  3429               	retlw	low (STR_4| (0+32768))
   529     14CB  3491               	retlw	high (STR_4| (0+32768))
   530     14CC  34CA               	retlw	low (STR_5| (0+32768))
   531     14CD  3490               	retlw	high (STR_5| (0+32768))
   532     14CE  3492               	retlw	low (STR_6| (0+32768))
   533     14CF  3490               	retlw	high (STR_6| (0+32768))
   534     14D0  341A               	retlw	low (STR_7| (0+32768))
   535     14D1  3491               	retlw	high (STR_7| (0+32768))
   536     14D2  34D5               	retlw	low (STR_8| (0+32768))
   537     14D3  3490               	retlw	high (STR_8| (0+32768))
   538     14D4  34FE               	retlw	low (STR_9| (0+32768))
   539     14D5  3490               	retlw	high (STR_9| (0+32768))
   540     14D6  3411               	retlw	low (STR_10| (0+32768))
   541     14D7  3491               	retlw	high (STR_10| (0+32768))
   542     14D8  34F4               	retlw	low (STR_11| (0+32768))
   543     14D9  3490               	retlw	high (STR_11| (0+32768))
   544     14DA  34BF               	retlw	low (STR_12| (0+32768))
   545     14DB  3490               	retlw	high (STR_12| (0+32768))
   546                           
   547                           ;initializer for _water_level_options
   548     14DC  3459               	retlw	low (STR_13| (0+32768))
   549     14DD  3491               	retlw	high (STR_13| (0+32768))
   550     14DE  3463               	retlw	low (STR_14| (0+32768))
   551     14DF  3491               	retlw	high (STR_14| (0+32768))
   552     14E0  3422               	retlw	low (STR_15| (0+32768))
   553     14E1  3491               	retlw	high (STR_15| (0+32768))
   554     14E2  3454               	retlw	low (STR_16| (0+32768))
   555     14E3  3491               	retlw	high (STR_16| (0+32768))
   556     14E4  3467               	retlw	low (STR_17| (0+32768))
   557     14E5  3491               	retlw	high (STR_17| (0+32768))
   558                           
   559                           ;initializer for read_digital_keypad@longpressed
   560     14E6  3401               	retlw	1
   561     14E7  3400               	retlw	0
   562                           
   563                           ;initializer for _operational_state
   564     14E8  3401               	retlw	1
   565     14E9  3400               	retlw	0
   566                           
   567                           ;initializer for _reset_flag
   568     14EA  3411               	retlw	17
   569     14EB  3400               	retlw	0
   570     0006                     _PORTB          set	6
   571     0008                     _PORTD          set	8
   572     005E                     _PEIE           set	94
   573     005F                     _GIE            set	95
   574     0061                     _TMR2IF         set	97
   575     0049                     _RE1            set	73
   576     004A                     _RE2            set	74
   577     0030                     _RB0            set	48
   578     0039                     _RC1            set	57
   579     003A                     _RC2            set	58
   580     0092                     _TMR2ON         set	146
   581     0086                     _TRISB          set	134
   582     0088                     _TRISD          set	136
   583     0092                     _PR2            set	146
   584     043A                     _TRISC2         set	1082
   585     0439                     _TRISC1         set	1081
   586     0449                     _TRISE1         set	1097
   587     044A                     _TRISE2         set	1098
   588     0461                     _TMR2IE         set	1121
   589                           
   590                           	psect	strings
   591     116B                     __pstrings:
   592     116B                     stringtab:
   593     116B                     __stringtab:
   594                           
   595                           ;	String table - string pointers are 2 bytes each
   596     116B  1BFF               	btfsc	btemp+1,7
   597     116C  2975               	ljmp	stringcode
   598     116D  1383               	bcf	3,7
   599     116E  187F               	btfsc	btemp+1,0
   600     116F  1783               	bsf	3,7
   601     1170  0800               	movf	0,w
   602     1171  0A84               	incf	4,f
   603     1172  1903               	skipnz
   604     1173  0AFF               	incf	btemp+1,f
   605     1174  0008               	return
   606     1175                     stringcode:
   607     1175  087F               	movf	btemp+1,w
   608     1176  397F               	andlw	127
   609     1177  008A               	movwf	10
   610     1178  0804               	movf	4,w
   611     1179  0A84               	incf	4,f
   612     117A  1903               	skipnz
   613     117B  0AFF               	incf	btemp+1,f
   614     117C  0082               	movwf	2
   615     117D                     __stringbase:
   616     117D                     __end_of__stringtab:
   617                           
   618                           	psect	stringtext
   619     1000                     __pstringtext:
   620     1000                     STR_38:
   621     1000  3450               	retlw	80	;'P'
   622     1001  346C               	retlw	108	;'l'
   623     1002  3465               	retlw	101	;'e'
   624     1003  3461               	retlw	97	;'a'
   625     1004  3473               	retlw	115	;'s'
   626     1005  3465               	retlw	101	;'e'
   627     1006  3420               	retlw	32	;' '
   628     1007  3463               	retlw	99	;'c'
   629     1008  346C               	retlw	108	;'l'
   630     1009  346F               	retlw	111	;'o'
   631     100A  3473               	retlw	115	;'s'
   632     100B  3465               	retlw	101	;'e'
   633     100C  3420               	retlw	32	;' '
   634     100D  3464               	retlw	100	;'d'
   635     100E  346F               	retlw	111	;'o'
   636     100F  346F               	retlw	111	;'o'
   637     1010  3472               	retlw	114	;'r'
   638     1011  3400               	retlw	0
   639     1012                     STR_35:
   640     1012  3450               	retlw	80	;'P'
   641     1013  3472               	retlw	114	;'r'
   642     1014  346F               	retlw	111	;'o'
   643     1015  3467               	retlw	103	;'g'
   644     1016  3472               	retlw	114	;'r'
   645     1017  3461               	retlw	97	;'a'
   646     1018  346D               	retlw	109	;'m'
   647     1019  3420               	retlw	32	;' '
   648     101A  3463               	retlw	99	;'c'
   649     101B  346F               	retlw	111	;'o'
   650     101C  346D               	retlw	109	;'m'
   651     101D  3470               	retlw	112	;'p'
   652     101E  346C               	retlw	108	;'l'
   653     101F  3465               	retlw	101	;'e'
   654     1020  3474               	retlw	116	;'t'
   655     1021  3465               	retlw	101	;'e'
   656     1022  3400               	retlw	0
   657     1023                     STR_19:
   658     1023  3457               	retlw	87	;'W'
   659     1024  3461               	retlw	97	;'a'
   660     1025  3473               	retlw	115	;'s'
   661     1026  3468               	retlw	104	;'h'
   662     1027  3469               	retlw	105	;'i'
   663     1028  346E               	retlw	110	;'n'
   664     1029  3467               	retlw	103	;'g'
   665     102A  3420               	retlw	32	;' '
   666     102B  344D               	retlw	77	;'M'
   667     102C  3461               	retlw	97	;'a'
   668     102D  3463               	retlw	99	;'c'
   669     102E  3468               	retlw	104	;'h'
   670     102F  3469               	retlw	105	;'i'
   671     1030  346E               	retlw	110	;'n'
   672     1031  3465               	retlw	101	;'e'
   673     1032  3400               	retlw	0
   674     1033                     STR_20:
   675     1033  3477               	retlw	119	;'w'
   676     1034  3461               	retlw	97	;'a'
   677     1035  3473               	retlw	115	;'s'
   678     1036  3468               	retlw	104	;'h'
   679     1037  3469               	retlw	105	;'i'
   680     1038  346E               	retlw	110	;'n'
   681     1039  3467               	retlw	103	;'g'
   682     103A  3420               	retlw	32	;' '
   683     103B  3470               	retlw	112	;'p'
   684     103C  3472               	retlw	114	;'r'
   685     103D  346F               	retlw	111	;'o'
   686     103E  3467               	retlw	103	;'g'
   687     103F  3472               	retlw	114	;'r'
   688     1040  3461               	retlw	97	;'a'
   689     1041  346D               	retlw	109	;'m'
   690     1042  3400               	retlw	0
   691     1043                     STR_43:
   692     1043  3450               	retlw	80	;'P'
   693     1044  3472               	retlw	114	;'r'
   694     1045  3465               	retlw	101	;'e'
   695     1046  3473               	retlw	115	;'s'
   696     1047  3473               	retlw	115	;'s'
   697     1048  3420               	retlw	32	;' '
   698     1049  346B               	retlw	107	;'k'
   699     104A  3465               	retlw	101	;'e'
   700     104B  3479               	retlw	121	;'y'
   701     104C  3420               	retlw	32	;' '
   702     104D  3435               	retlw	53	;'5'
   703     104E  3420               	retlw	32	;' '
   704     104F  3474               	retlw	116	;'t'
   705     1050  346F               	retlw	111	;'o'
   706     1051  3400               	retlw	0
   707     1052                     STR_36:
   708     1052  3452               	retlw	82	;'R'
   709     1053  3465               	retlw	101	;'e'
   710     1054  346D               	retlw	109	;'m'
   711     1055  346F               	retlw	111	;'o'
   712     1056  3476               	retlw	118	;'v'
   713     1057  3465               	retlw	101	;'e'
   714     1058  3420               	retlw	32	;' '
   715     1059  3463               	retlw	99	;'c'
   716     105A  346C               	retlw	108	;'l'
   717     105B  346F               	retlw	111	;'o'
   718     105C  3474               	retlw	116	;'t'
   719     105D  3468               	retlw	104	;'h'
   720     105E  3473               	retlw	115	;'s'
   721     105F  3400               	retlw	0
   722     1060                     STR_46:
   723     1060  3470               	retlw	112	;'p'
   724     1061  3472               	retlw	114	;'r'
   725     1062  3465               	retlw	101	;'e'
   726     1063  3473               	retlw	115	;'s'
   727     1064  3473               	retlw	115	;'s'
   728     1065  3420               	retlw	32	;' '
   729     1066  3473               	retlw	115	;'s'
   730     1067  3477               	retlw	119	;'w'
   731     1068  3469               	retlw	105	;'i'
   732     1069  3474               	retlw	116	;'t'
   733     106A  3463               	retlw	99	;'c'
   734     106B  3468               	retlw	104	;'h'
   735     106C  3400               	retlw	0
   736     106D                     STR_37:
   737     106D  3444               	retlw	68	;'D'
   738     106E  344F               	retlw	79	;'O'
   739     106F  344F               	retlw	79	;'O'
   740     1070  3452               	retlw	82	;'R'
   741     1071  3420               	retlw	32	;' '
   742     1072  3449               	retlw	73	;'I'
   743     1073  3453               	retlw	83	;'S'
   744     1074  3420               	retlw	32	;' '
   745     1075  344F               	retlw	79	;'O'
   746     1076  3450               	retlw	80	;'P'
   747     1077  3445               	retlw	69	;'E'
   748     1078  344E               	retlw	78	;'N'
   749     1079  3400               	retlw	0
   750     107A                     STR_21:
   751     107A  3457               	retlw	87	;'W'
   752     107B  3441               	retlw	65	;'A'
   753     107C  3454               	retlw	84	;'T'
   754     107D  3445               	retlw	69	;'E'
   755     107E  3452               	retlw	82	;'R'
   756     107F  3420               	retlw	32	;' '
   757     1080  344C               	retlw	76	;'L'
   758     1081  3445               	retlw	69	;'E'
   759     1082  3456               	retlw	86	;'V'
   760     1083  3445               	retlw	69	;'E'
   761     1084  344C               	retlw	76	;'L'
   762     1085  3400               	retlw	0
   763     1086                     STR_18:
   764     1086  3450               	retlw	80	;'P'
   765     1087  346F               	retlw	111	;'o'
   766     1088  3477               	retlw	119	;'w'
   767     1089  3465               	retlw	101	;'e'
   768     108A  3472               	retlw	114	;'r'
   769     108B  3469               	retlw	105	;'i'
   770     108C  346E               	retlw	110	;'n'
   771     108D  3467               	retlw	103	;'g'
   772     108E  3420               	retlw	32	;' '
   773     108F  344F               	retlw	79	;'O'
   774     1090  344E               	retlw	78	;'N'
   775     1091  3400               	retlw	0
   776     1092                     STR_6:
   777     1092  3445               	retlw	69	;'E'
   778     1093  3463               	retlw	99	;'c'
   779     1094  346F               	retlw	111	;'o'
   780     1095  3420               	retlw	32	;' '
   781     1096  3463               	retlw	99	;'c'
   782     1097  346F               	retlw	111	;'o'
   783     1098  3474               	retlw	116	;'t'
   784     1099  3474               	retlw	116	;'t'
   785     109A  346F               	retlw	111	;'o'
   786     109B  346E               	retlw	110	;'n'
   787     109C  3473               	retlw	115	;'s'
   788     109D  3400               	retlw	0
   789     109E                     STR_24:
   790     109E  3446               	retlw	70	;'F'
   791     109F  3455               	retlw	85	;'U'
   792     10A0  344E               	retlw	78	;'N'
   793     10A1  3443               	retlw	67	;'C'
   794     10A2  3454               	retlw	84	;'T'
   795     10A3  3449               	retlw	73	;'I'
   796     10A4  344F               	retlw	79	;'O'
   797     10A5  344E               	retlw	78	;'N'
   798     10A6  343A               	retlw	58	;':'
   799     10A7  3420               	retlw	32	;' '
   800     10A8  3400               	retlw	0
   801     10A9                     STR_27:
   802     10A9  3453               	retlw	83	;'S'
   803     10AA  3457               	retlw	87	;'W'
   804     10AB  3436               	retlw	54	;'6'
   805     10AC  343A               	retlw	58	;':'
   806     10AD  3420               	retlw	32	;' '
   807     10AE  3450               	retlw	80	;'P'
   808     10AF  3441               	retlw	65	;'A'
   809     10B0  3455               	retlw	85	;'U'
   810     10B1  3453               	retlw	83	;'S'
   811     10B2  3445               	retlw	69	;'E'
   812     10B3  3400               	retlw	0
   813     10B4                     STR_26:
   814     10B4  3453               	retlw	83	;'S'
   815     10B5  3457               	retlw	87	;'W'
   816     10B6  3435               	retlw	53	;'5'
   817     10B7  343A               	retlw	58	;':'
   818     10B8  3420               	retlw	32	;' '
   819     10B9  3453               	retlw	83	;'S'
   820     10BA  3454               	retlw	84	;'T'
   821     10BB  3441               	retlw	65	;'A'
   822     10BC  3452               	retlw	82	;'R'
   823     10BD  3454               	retlw	84	;'T'
   824     10BE  3400               	retlw	0
   825     10BF                     STR_12:
   826     10BF  3441               	retlw	65	;'A'
   827     10C0  3471               	retlw	113	;'q'
   828     10C1  3475               	retlw	117	;'u'
   829     10C2  3461               	retlw	97	;'a'
   830     10C3  3420               	retlw	32	;' '
   831     10C4  3473               	retlw	115	;'s'
   832     10C5  3474               	retlw	116	;'t'
   833     10C6  346F               	retlw	111	;'o'
   834     10C7  3472               	retlw	114	;'r'
   835     10C8  3465               	retlw	101	;'e'
   836     10C9  3400               	retlw	0
   837     10CA                     STR_5:
   838     10CA  3453               	retlw	83	;'S'
   839     10CB  3474               	retlw	116	;'t'
   840     10CC  3461               	retlw	97	;'a'
   841     10CD  3469               	retlw	105	;'i'
   842     10CE  346E               	retlw	110	;'n'
   843     10CF  3420               	retlw	32	;' '
   844     10D0  3477               	retlw	119	;'w'
   845     10D1  3461               	retlw	97	;'a'
   846     10D2  3473               	retlw	115	;'s'
   847     10D3  3468               	retlw	104	;'h'
   848     10D4  3400               	retlw	0
   849     10D5                     STR_8:
   850     10D5  3442               	retlw	66	;'B'
   851     10D6  3465               	retlw	101	;'e'
   852     10D7  3464               	retlw	100	;'d'
   853     10D8  3420               	retlw	32	;' '
   854     10D9  3473               	retlw	115	;'s'
   855     10DA  3468               	retlw	104	;'h'
   856     10DB  3465               	retlw	101	;'e'
   857     10DC  3465               	retlw	101	;'e'
   858     10DD  3474               	retlw	116	;'t'
   859     10DE  3473               	retlw	115	;'s'
   860     10DF  3400               	retlw	0
   861     10E0                     STR_48:
   862     10E0  3453               	retlw	83	;'S'
   863     10E1  3457               	retlw	87	;'W'
   864     10E2  3436               	retlw	54	;'6'
   865     10E3  343A               	retlw	58	;':'
   866     10E4  3420               	retlw	32	;' '
   867     10E5  3453               	retlw	83	;'S'
   868     10E6  3454               	retlw	84	;'T'
   869     10E7  344F               	retlw	79	;'O'
   870     10E8  3450               	retlw	80	;'P'
   871     10E9  3400               	retlw	0
   872     10EA                     STR_3:
   873     10EA  3444               	retlw	68	;'D'
   874     10EB  3465               	retlw	101	;'e'
   875     10EC  3464               	retlw	100	;'d'
   876     10ED  3469               	retlw	105	;'i'
   877     10EE  3463               	retlw	99	;'c'
   878     10EF  3461               	retlw	97	;'a'
   879     10F0  3474               	retlw	116	;'t'
   880     10F1  3465               	retlw	101	;'e'
   881     10F2  3473               	retlw	115	;'s'
   882     10F3  3400               	retlw	0
   883     10F4                     STR_11:
   884     10F4  3457               	retlw	87	;'W'
   885     10F5  3461               	retlw	97	;'a'
   886     10F6  3473               	retlw	115	;'s'
   887     10F7  3468               	retlw	104	;'h'
   888     10F8  3420               	retlw	32	;' '
   889     10F9  346F               	retlw	111	;'o'
   890     10FA  346E               	retlw	110	;'n'
   891     10FB  346C               	retlw	108	;'l'
   892     10FC  3479               	retlw	121	;'y'
   893     10FD  3400               	retlw	0
   894     10FE                     STR_9:
   895     10FE  3452               	retlw	82	;'R'
   896     10FF  3469               	retlw	105	;'i'
   897     1100  346E               	retlw	110	;'n'
   898     1101  3473               	retlw	115	;'s'
   899     1102  3465               	retlw	101	;'e'
   900     1103  342B               	retlw	43	;'+'
   901     1104  3444               	retlw	68	;'D'
   902     1105  3472               	retlw	114	;'r'
   903     1106  3479               	retlw	121	;'y'
   904     1107  3400               	retlw	0
   905     1108                     STR_44:
   906     1108  3450               	retlw	80	;'P'
   907     1109  346F               	retlw	111	;'o'
   908     110A  3477               	retlw	119	;'w'
   909     110B  3465               	retlw	101	;'e'
   910     110C  3472               	retlw	114	;'r'
   911     110D  3420               	retlw	32	;' '
   912     110E  344F               	retlw	79	;'O'
   913     110F  344E               	retlw	78	;'N'
   914     1110  3400               	retlw	0
   915     1111                     STR_10:
   916     1111  3444               	retlw	68	;'D'
   917     1112  3472               	retlw	114	;'r'
   918     1113  3479               	retlw	121	;'y'
   919     1114  3420               	retlw	32	;' '
   920     1115  346F               	retlw	111	;'o'
   921     1116  346E               	retlw	110	;'n'
   922     1117  346C               	retlw	108	;'l'
   923     1118  3479               	retlw	121	;'y'
   924     1119  3400               	retlw	0
   925     111A                     STR_7:
   926     111A  3457               	retlw	87	;'W'
   927     111B  346F               	retlw	111	;'o'
   928     111C  346F               	retlw	111	;'o'
   929     111D  346C               	retlw	108	;'l'
   930     111E  3465               	retlw	101	;'e'
   931     111F  346E               	retlw	110	;'n'
   932     1120  3473               	retlw	115	;'s'
   933     1121  3400               	retlw	0
   934     1122                     STR_15:
   935     1122  344D               	retlw	77	;'M'
   936     1123  3445               	retlw	69	;'E'
   937     1124  3444               	retlw	68	;'D'
   938     1125  3449               	retlw	73	;'I'
   939     1126  3455               	retlw	85	;'U'
   940     1127  344D               	retlw	77	;'M'
   941     1128  3400               	retlw	0
   942     1129                     STR_4:
   943     1129  3457               	retlw	87	;'W'
   944     112A  3468               	retlw	104	;'h'
   945     112B  3469               	retlw	105	;'i'
   946     112C  3474               	retlw	116	;'t'
   947     112D  3465               	retlw	101	;'e'
   948     112E  3473               	retlw	115	;'s'
   949     112F  3400               	retlw	0
   950     1130                     STR_30:
   951     1130  3473               	retlw	115	;'s'
   952     1131  3470               	retlw	112	;'p'
   953     1132  3469               	retlw	105	;'i'
   954     1133  346E               	retlw	110	;'n'
   955     1134  3420               	retlw	32	;' '
   956     1135  3400               	retlw	0
   957     1136                     STR_23:
   958     1136  3454               	retlw	84	;'T'
   959     1137  3449               	retlw	73	;'I'
   960     1138  344D               	retlw	77	;'M'
   961     1139  3445               	retlw	69	;'E'
   962     113A  343A               	retlw	58	;':'
   963     113B  3400               	retlw	0
   964     113C                     STR_22:
   965     113C  3450               	retlw	80	;'P'
   966     113D  3472               	retlw	114	;'r'
   967     113E  346F               	retlw	111	;'o'
   968     113F  3467               	retlw	103	;'g'
   969     1140  343A               	retlw	58	;':'
   970     1141  3400               	retlw	0
   971     1142                     STR_29:
   972     1142  3472               	retlw	114	;'r'
   973     1143  3469               	retlw	105	;'i'
   974     1144  346E               	retlw	110	;'n'
   975     1145  3473               	retlw	115	;'s'
   976     1146  3465               	retlw	101	;'e'
   977     1147  3400               	retlw	0
   978     1148                     STR_1:
   979     1148  3444               	retlw	68	;'D'
   980     1149  3461               	retlw	97	;'a'
   981     114A  3469               	retlw	105	;'i'
   982     114B  346C               	retlw	108	;'l'
   983     114C  3479               	retlw	121	;'y'
   984     114D  3400               	retlw	0
   985     114E                     STR_2:
   986     114E  3448               	retlw	72	;'H'
   987     114F  3465               	retlw	101	;'e'
   988     1150  3461               	retlw	97	;'a'
   989     1151  3476               	retlw	118	;'v'
   990     1152  3479               	retlw	121	;'y'
   991     1153  3400               	retlw	0
   992     1154                     STR_16:
   993     1154  3448               	retlw	72	;'H'
   994     1155  3449               	retlw	73	;'I'
   995     1156  3447               	retlw	71	;'G'
   996     1157  3448               	retlw	72	;'H'
   997     1158  3400               	retlw	0
   998     1159                     STR_13:
   999     1159  3441               	retlw	65	;'A'
  1000     115A  3455               	retlw	85	;'U'
  1001     115B  3454               	retlw	84	;'T'
  1002     115C  344F               	retlw	79	;'O'
  1003     115D  3400               	retlw	0
  1004     115E                     STR_25:
  1005     115E  3454               	retlw	84	;'T'
  1006     115F  3469               	retlw	105	;'i'
  1007     1160  346D               	retlw	109	;'m'
  1008     1161  3465               	retlw	101	;'e'
  1009     1162  3400               	retlw	0
  1010     1163                     STR_14:
  1011     1163  344C               	retlw	76	;'L'
  1012     1164  344F               	retlw	79	;'O'
  1013     1165  3457               	retlw	87	;'W'
  1014     1166  3400               	retlw	0
  1015     1167                     STR_17:
  1016     1167  344D               	retlw	77	;'M'
  1017     1168  3441               	retlw	65	;'A'
  1018     1169  3458               	retlw	88	;'X'
  1019     116A  3400               	retlw	0
  1020     10D0                     STR_28          equ	STR_5+6
  1021     10D0                     STR_34          equ	STR_5+6
  1022     1142                     STR_31          equ	STR_29
  1023     1023                     STR_45          equ	STR_19
  1024     115E                     STR_40          equ	STR_25
  1025     10B4                     STR_41          equ	STR_26
  1026     10B4                     STR_47          equ	STR_26
  1027     10A9                     STR_42          equ	STR_27
  1028     1130                     STR_32          equ	STR_30
  1029     1130                     STR_33          equ	STR_30
  1030     109E                     STR_39          equ	STR_24
  1031                           
  1032                           	psect	cinit
  1033     000F                     start_initialization:	
  1034                           ; #config settings
  1035                           
  1036     000F                     __initialization:
  1037                           
  1038                           ; Initialize objects allocated to BANK1
  1039     000F  1383               	bcf	3,7	;select IRP bank0
  1040     0010  30C8               	movlw	low (__pdataBANK1+40)
  1041     0011  00FD               	movwf	btemp+-1
  1042     0012  3014               	movlw	high __pidataBANK1
  1043     0013  00FE               	movwf	btemp
  1044     0014  30C4               	movlw	low __pidataBANK1
  1045     0015  00FF               	movwf	btemp+1
  1046     0016  30A0               	movlw	low __pdataBANK1
  1047     0017  0084               	movwf	4
  1048     0018  160A  118A  245B  120A  118A  	fcall	init_ram0
  1049                           
  1050                           ; Initialize objects allocated to COMMON
  1051     001D  120A  118A  27FB  120A  118A  	fcall	__pidataCOMMON	;fetch initializer
  1052     0022  00FB               	movwf	__pdataCOMMON& (0+127)
  1053                           
  1054                           ; Clear objects allocated to BANK1
  1055     0023  1683               	bsf	3,5	;RP0=1, select bank1
  1056     0024  1303               	bcf	3,6	;RP1=0, select bank1
  1057     0025  01C8               	clrf	__pbssBANK1& (0+127)
  1058     0026  01C9               	clrf	(__pbssBANK1+1)& (0+127)
  1059     0027  01CA               	clrf	(__pbssBANK1+2)& (0+127)
  1060     0028  01CB               	clrf	(__pbssBANK1+3)& (0+127)
  1061     0029  01CC               	clrf	(__pbssBANK1+4)& (0+127)
  1062     002A  01CD               	clrf	(__pbssBANK1+5)& (0+127)
  1063                           
  1064                           ; Clear objects allocated to BANK0
  1065     002B  1283               	bcf	3,5	;RP0=0, select bank0
  1066     002C  1303               	bcf	3,6	;RP1=0, select bank0
  1067     002D  01E9               	clrf	__pbssBANK0& (0+127)
  1068     002E  01EA               	clrf	(__pbssBANK0+1)& (0+127)
  1069     002F  01EB               	clrf	(__pbssBANK0+2)& (0+127)
  1070     0030  01EC               	clrf	(__pbssBANK0+3)& (0+127)
  1071     0031  01ED               	clrf	(__pbssBANK0+4)& (0+127)
  1072     0032  01EE               	clrf	(__pbssBANK0+5)& (0+127)
  1073     0033  01EF               	clrf	(__pbssBANK0+6)& (0+127)
  1074                           
  1075                           ; Clear objects allocated to COMMON
  1076     0034  01FA               	clrf	__pbssCOMMON& (0+127)
  1077     0035                     end_of_initialization:	
  1078                           ;End of C runtime variable initialization code
  1079                           
  1080     0035                     __end_of__initialization:
  1081     0035  0183               	clrf	3
  1082     0036  120A  158A  2C5C   	ljmp	_main	;jump to C main() function
  1083                           
  1084                           	psect	bssCOMMON
  1085     007A                     __pbssCOMMON:
  1086     007A                     _spin_time:
  1087     007A                     	ds	1
  1088                           
  1089                           	psect	dataCOMMON
  1090     007B                     __pdataCOMMON:
  1091     007B                     read_digital_keypad@once:
  1092     007B                     	ds	1
  1093                           
  1094                           	psect	bssBANK0
  1095     0069                     __pbssBANK0:
  1096     0069                     _time:
  1097     0069                     	ds	1
  1098     006A                     _wash_time:
  1099     006A                     	ds	1
  1100     006B                     _total_time:
  1101     006B                     	ds	1
  1102     006C                     _min:
  1103     006C                     	ds	1
  1104     006D                     _sec:
  1105     006D                     	ds	1
  1106     006E                     _level:
  1107     006E                     	ds	1
  1108     006F                     _program_no:
  1109     006F                     	ds	1
  1110                           
  1111                           	psect	bssBANK1
  1112     00C8                     __pbssBANK1:
  1113     00C8                     isr@count:
  1114     00C8                     	ds	4
  1115     00CC                     read_digital_keypad@pre_key:
  1116     00CC                     	ds	1
  1117     00CD                     _rinse_time:
  1118     00CD                     	ds	1
  1119                           
  1120                           	psect	dataBANK1
  1121     00A0                     __pdataBANK1:
  1122     00A0                     _washing_program:
  1123     00A0                     	ds	24
  1124     00B8                     _water_level_options:
  1125     00B8                     	ds	10
  1126     00C2                     read_digital_keypad@longpressed:
  1127     00C2                     	ds	2
  1128     00C4                     _operational_state:
  1129     00C4                     	ds	2
  1130     00C6                     _reset_flag:
  1131     00C6                     	ds	2
  1132                           
  1133                           	psect	inittext
  1134     1457                     init_fetch0:	
  1135                           ;	Called with low address in FSR and high address in W
  1136                           
  1137     1457  087E               	movf	btemp,w
  1138     1458  008A               	movwf	10
  1139     1459  087F               	movf	btemp+1,w
  1140     145A  0082               	movwf	2
  1141     145B                     init_ram0:	
  1142                           ;Called with:
  1143                           ;	high address of idata address in btemp 
  1144                           ;	low address of idata address in btemp+1 
  1145                           ;	low address of data in FSR
  1146                           ;	high address + 1 of data in btemp-1
  1147                           
  1148     145B  160A  118A  2457  160A  118A  	fcall	init_fetch0
  1149     1460  0080               	movwf	0
  1150     1461  0A84               	incf	4,f
  1151     1462  0804               	movf	4,w
  1152     1463  067D               	xorwf	btemp+-1,w
  1153     1464  1903               	btfsc	3,2
  1154     1465  3400               	retlw	0
  1155     1466  0AFF               	incf	btemp+1,f
  1156     1467  1903               	btfsc	3,2
  1157     1468  0AFE               	incf	btemp,f
  1158     1469  2C5B               	goto	init_ram0
  1159                           
  1160                           	psect	cstackCOMMON
  1161     0070                     __pcstackCOMMON:
  1162     0070                     ?_door_status_check:
  1163     0070                     ?_init_timer2:	
  1164                           ; 1 bytes @ 0x0
  1165                           
  1166     0070                     ?_power_ON_screen:	
  1167                           ; 1 bytes @ 0x0
  1168                           
  1169     0070                     ?_clear_clcd:	
  1170                           ; 1 bytes @ 0x0
  1171                           
  1172     0070                     ?_washing_program_:	
  1173                           ; 1 bytes @ 0x0
  1174                           
  1175     0070                     ?_water_level_screen:	
  1176                           ; 1 bytes @ 0x0
  1177                           
  1178     0070                     ?_set_time:	
  1179                           ; 1 bytes @ 0x0
  1180                           
  1181     0070                     ?_start:	
  1182                           ; 1 bytes @ 0x0
  1183                           
  1184     0070                     ?_init_display_controller:	
  1185                           ; 1 bytes @ 0x0
  1186                           
  1187     0070                     ?_init_clcd:	
  1188                           ; 1 bytes @ 0x0
  1189                           
  1190     0070                     ?_init_digital_keypad:	
  1191                           ; 1 bytes @ 0x0
  1192                           
  1193     0070                     ?_read_digital_keypad:	
  1194                           ; 1 bytes @ 0x0
  1195                           
  1196     0070                     ?_isr:	
  1197                           ; 1 bytes @ 0x0
  1198                           
  1199     0070                     ?_init_config:	
  1200                           ; 1 bytes @ 0x0
  1201                           
  1202     0070                     ?_main:	
  1203                           ; 1 bytes @ 0x0
  1204                           
  1205     0070                     read_digital_keypad@mode:	
  1206                           ; 1 bytes @ 0x0
  1207                           
  1208     0070                     ??_isr:	
  1209                           ; 1 bytes @ 0x0
  1210                           
  1211                           
  1212                           ; 1 bytes @ 0x0
  1213     0070                     	ds	2
  1214     0072                     ?_clcd_write:
  1215     0072                     ?___bmul:	
  1216                           ; 1 bytes @ 0x2
  1217                           
  1218     0072                     ?__Umul8_16:	
  1219                           ; 1 bytes @ 0x2
  1220                           
  1221     0072                     ?___awdiv:	
  1222                           ; 2 bytes @ 0x2
  1223                           
  1224     0072                     ?___awmod:	
  1225                           ; 2 bytes @ 0x2
  1226                           
  1227     0072                     ?___fladd:	
  1228                           ; 2 bytes @ 0x2
  1229                           
  1230     0072                     ?___xxtofl:	
  1231                           ; 4 bytes @ 0x2
  1232                           
  1233     0072                     clcd_write@mode:	
  1234                           ; 4 bytes @ 0x2
  1235                           
  1236     0072                     read_digital_keypad@key:	
  1237                           ; 1 bytes @ 0x2
  1238                           
  1239     0072                     ___bmul@multiplicand:	
  1240                           ; 1 bytes @ 0x2
  1241                           
  1242     0072                     __Umul8_16@multiplicand:	
  1243                           ; 1 bytes @ 0x2
  1244                           
  1245     0072                     ___awdiv@divisor:	
  1246                           ; 1 bytes @ 0x2
  1247                           
  1248     0072                     ___awmod@divisor:	
  1249                           ; 2 bytes @ 0x2
  1250                           
  1251     0072                     ___fladd@b:	
  1252                           ; 2 bytes @ 0x2
  1253                           
  1254     0072                     ___xxtofl@val:	
  1255                           ; 4 bytes @ 0x2
  1256                           
  1257     0072                     ??_init_timer2:	
  1258                           ; 4 bytes @ 0x2
  1259                           
  1260     0072                     ??_set_time:	
  1261                           ; 1 bytes @ 0x2
  1262                           
  1263     0072                     ??_init_digital_keypad:	
  1264                           ; 1 bytes @ 0x2
  1265                           
  1266     0072                     ??_read_digital_keypad:	
  1267                           ; 1 bytes @ 0x2
  1268                           
  1269                           
  1270                           ; 1 bytes @ 0x2
  1271     0072                     	ds	1
  1272     0073                     ___bmul@product:
  1273     0073                     ??_clcd_write:	
  1274                           ; 1 bytes @ 0x3
  1275                           
  1276     0073                     ??___bmul:	
  1277                           ; 1 bytes @ 0x3
  1278                           
  1279                           
  1280                           ; 1 bytes @ 0x3
  1281     0073                     	ds	1
  1282     0074                     ___bmul@multiplier:
  1283     0074                     ___awdiv@dividend:	
  1284                           ; 1 bytes @ 0x4
  1285                           
  1286     0074                     ___awmod@dividend:	
  1287                           ; 2 bytes @ 0x4
  1288                           
  1289     0074                     ??__Umul8_16:	
  1290                           ; 2 bytes @ 0x4
  1291                           
  1292                           
  1293                           ; 1 bytes @ 0x4
  1294     0074                     	ds	1
  1295     0075                     clcd_write@byte:
  1296                           
  1297                           ; 1 bytes @ 0x5
  1298     0075                     	ds	1
  1299     0076                     ___awdiv@counter:
  1300     0076                     ___awmod@counter:	
  1301                           ; 1 bytes @ 0x6
  1302                           
  1303     0076                     ___fladd@a:	
  1304                           ; 1 bytes @ 0x6
  1305                           
  1306     0076                     ??_clear_clcd:	
  1307                           ; 4 bytes @ 0x6
  1308                           
  1309     0076                     ??_init_display_controller:	
  1310                           ; 1 bytes @ 0x6
  1311                           
  1312     0076                     ??___awdiv:	
  1313                           ; 1 bytes @ 0x6
  1314                           
  1315     0076                     ??___awmod:	
  1316                           ; 1 bytes @ 0x6
  1317                           
  1318     0076                     ??___xxtofl:	
  1319                           ; 1 bytes @ 0x6
  1320                           
  1321                           
  1322                           ; 1 bytes @ 0x6
  1323     0076                     	ds	1
  1324     0077                     ___awdiv@sign:
  1325     0077                     ___awmod@sign:	
  1326                           ; 1 bytes @ 0x7
  1327                           
  1328                           
  1329                           ; 1 bytes @ 0x7
  1330     0077                     	ds	1
  1331     0078                     ___awdiv@quotient:
  1332     0078                     ??_clcd_print:	
  1333                           ; 2 bytes @ 0x8
  1334                           
  1335     0078                     ??_door_status_check:	
  1336                           ; 1 bytes @ 0x8
  1337                           
  1338     0078                     ??_init_clcd:	
  1339                           ; 1 bytes @ 0x8
  1340                           
  1341     0078                     ??_init_config:	
  1342                           ; 1 bytes @ 0x8
  1343                           
  1344                           
  1345                           ; 1 bytes @ 0x8
  1346     0078                     	ds	2
  1347     007A                     ??_clcd_putch:
  1348     007A                     ??___flsub:	
  1349                           ; 1 bytes @ 0xA
  1350                           
  1351                           
  1352                           	psect	cstackBANK0
  1353     0020                     __pcstackBANK0:	
  1354                           ; 1 bytes @ 0xA
  1355                           
  1356     0020                     ?_clcd_putch:
  1357     0020                     ?_clcd_print:	
  1358                           ; 1 bytes @ 0x0
  1359                           
  1360     0020                     clcd_putch@addr:	
  1361                           ; 1 bytes @ 0x0
  1362                           
  1363     0020                     ___xxtofl@sign:	
  1364                           ; 1 bytes @ 0x0
  1365                           
  1366     0020                     clcd_print@str:	
  1367                           ; 1 bytes @ 0x0
  1368                           
  1369     0020                     __Umul8_16@product:	
  1370                           ; 2 bytes @ 0x0
  1371                           
  1372     0020                     ??___fladd:	
  1373                           ; 2 bytes @ 0x0
  1374                           
  1375                           
  1376                           ; 1 bytes @ 0x0
  1377     0020                     	ds	1
  1378     0021                     clcd_putch@data:
  1379     0021                     ___xxtofl@exp:	
  1380                           ; 1 bytes @ 0x1
  1381                           
  1382                           
  1383                           ; 1 bytes @ 0x1
  1384     0021                     	ds	1
  1385     0022                     clcd_print@addr:
  1386     0022                     __Umul8_16@word_mpld:	
  1387                           ; 1 bytes @ 0x2
  1388                           
  1389     0022                     ___xxtofl@arg:	
  1390                           ; 2 bytes @ 0x2
  1391                           
  1392                           
  1393                           ; 4 bytes @ 0x2
  1394     0022                     	ds	1
  1395     0023                     ??_power_ON_screen:
  1396     0023                     ??_washing_program_:	
  1397                           ; 1 bytes @ 0x3
  1398                           
  1399     0023                     ??_water_level_screen:	
  1400                           ; 1 bytes @ 0x3
  1401                           
  1402                           
  1403                           ; 1 bytes @ 0x3
  1404     0023                     	ds	1
  1405     0024                     __Umul8_16@multiplier:
  1406                           
  1407                           ; 1 bytes @ 0x4
  1408     0024                     	ds	1
  1409     0025                     washing_program_@key:
  1410     0025                     water_level_screen@key:	
  1411                           ; 1 bytes @ 0x5
  1412                           
  1413                           
  1414                           ; 1 bytes @ 0x5
  1415     0025                     	ds	1
  1416     0026                     ?___flmul:
  1417     0026                     power_ON_screen@i:	
  1418                           ; 4 bytes @ 0x6
  1419                           
  1420     0026                     ___flmul@b:	
  1421                           ; 2 bytes @ 0x6
  1422                           
  1423                           
  1424                           ; 4 bytes @ 0x6
  1425     0026                     	ds	2
  1426     0028                     ___fladd@signs:
  1427     0028                     power_ON_screen@i_92:	
  1428                           ; 1 bytes @ 0x8
  1429                           
  1430                           
  1431                           ; 2 bytes @ 0x8
  1432     0028                     	ds	1
  1433     0029                     ___fladd@aexp:
  1434                           
  1435                           ; 1 bytes @ 0x9
  1436     0029                     	ds	1
  1437     002A                     ___fladd@bexp:
  1438     002A                     ___flmul@a:	
  1439                           ; 1 bytes @ 0xA
  1440                           
  1441                           
  1442                           ; 4 bytes @ 0xA
  1443     002A                     	ds	1
  1444     002B                     ___fladd@grs:
  1445                           
  1446                           ; 1 bytes @ 0xB
  1447     002B                     	ds	3
  1448     002E                     ??___flmul:
  1449                           
  1450                           ; 1 bytes @ 0xE
  1451     002E                     	ds	5
  1452     0033                     ___flmul@sign:
  1453                           
  1454                           ; 1 bytes @ 0x13
  1455     0033                     	ds	1
  1456     0034                     ___flmul@aexp:
  1457                           
  1458                           ; 1 bytes @ 0x14
  1459     0034                     	ds	1
  1460     0035                     ___flmul@grs:
  1461                           
  1462                           ; 4 bytes @ 0x15
  1463     0035                     	ds	4
  1464     0039                     ___flmul@bexp:
  1465                           
  1466                           ; 1 bytes @ 0x19
  1467     0039                     	ds	1
  1468     003A                     ___flmul@prod:
  1469                           
  1470                           ; 4 bytes @ 0x1A
  1471     003A                     	ds	4
  1472     003E                     ___flmul@temp:
  1473                           
  1474                           ; 2 bytes @ 0x1E
  1475     003E                     	ds	2
  1476     0040                     ?___fltol:
  1477     0040                     ?___flsub:	
  1478                           ; 4 bytes @ 0x20
  1479                           
  1480     0040                     ___fltol@f1:	
  1481                           ; 4 bytes @ 0x20
  1482                           
  1483     0040                     ___flsub@a:	
  1484                           ; 4 bytes @ 0x20
  1485                           
  1486                           
  1487                           ; 4 bytes @ 0x20
  1488     0040                     	ds	4
  1489     0044                     ___flsub@b:
  1490     0044                     ??___fltol:	
  1491                           ; 4 bytes @ 0x24
  1492                           
  1493                           
  1494                           ; 1 bytes @ 0x24
  1495     0044                     	ds	4
  1496     0048                     ?___flge:
  1497     0048                     ___fltol@sign1:	
  1498                           ; 1 bit 
  1499                           
  1500     0048                     ___flge@ff1:	
  1501                           ; 1 bytes @ 0x28
  1502                           
  1503                           
  1504                           ; 4 bytes @ 0x28
  1505     0048                     	ds	1
  1506     0049                     ___fltol@exp1:
  1507                           
  1508                           ; 1 bytes @ 0x29
  1509     0049                     	ds	3
  1510     004C                     ___flge@ff2:
  1511                           
  1512                           ; 4 bytes @ 0x2C
  1513     004C                     	ds	4
  1514     0050                     ??___flge:
  1515                           
  1516                           ; 1 bytes @ 0x30
  1517     0050                     	ds	4
  1518     0054                     ??_start:
  1519                           
  1520                           ; 1 bytes @ 0x34
  1521     0054                     	ds	12
  1522     0060                     start@key:
  1523                           
  1524                           ; 1 bytes @ 0x40
  1525     0060                     	ds	1
  1526     0061                     ??_main:
  1527                           
  1528                           ; 1 bytes @ 0x41
  1529     0061                     	ds	3
  1530     0064                     main@delay:
  1531                           
  1532                           ; 2 bytes @ 0x44
  1533     0064                     	ds	2
  1534     0066                     main@delay_203:
  1535                           
  1536                           ; 2 bytes @ 0x46
  1537     0066                     	ds	2
  1538     0068                     main@key:
  1539                           
  1540                           ; 1 bytes @ 0x48
  1541     0068                     	ds	1
  1542                           
  1543                           	psect	maintext
  1544     0C5C                     __pmaintext:	
  1545 ;;
  1546 ;;Main: autosize = 0, tempsize = 3, incstack = 0, save=0
  1547 ;;
  1548 ;; *************** function _main *****************
  1549 ;; Defined at:
  1550 ;;		line 23 in file "../../Washing Machine/Washing-Machine-Simulator-PIC16F877A-master/Source files/main.c"
  1551 ;; Parameters:    Size  Location     Type
  1552 ;;		None
  1553 ;; Auto vars:     Size  Location     Type
  1554 ;;  delay           2   70[BANK0 ] unsigned int 
  1555 ;;  delay           2   68[BANK0 ] unsigned int 
  1556 ;;  key             1   72[BANK0 ] unsigned char 
  1557 ;; Return value:  Size  Location     Type
  1558 ;;                  1    wreg      void 
  1559 ;; Registers used:
  1560 ;;		wreg, fsr0l, fsr0h, status,2, status,0, btemp+1, pclath, cstack
  1561 ;; Tracked objects:
  1562 ;;		On entry : B00/0
  1563 ;;		On exit  : 0/0
  1564 ;;		Unchanged: 0/0
  1565 ;; Data sizes:     COMMON   BANK0   BANK1   BANK3   BANK2
  1566 ;;      Params:         0       0       0       0       0
  1567 ;;      Locals:         0       5       0       0       0
  1568 ;;      Temps:          0       3       0       0       0
  1569 ;;      Totals:         0       8       0       0       0
  1570 ;;Total ram usage:        8 bytes
  1571 ;; Hardware stack levels required when called: 5
  1572 ;; This function calls:
  1573 ;;		_clcd_print
  1574 ;;		_clear_clcd
  1575 ;;		_init_config
  1576 ;;		_power_ON_screen
  1577 ;;		_read_digital_keypad
  1578 ;;		_set_time
  1579 ;;		_start
  1580 ;;		_washing_program_
  1581 ;;		_water_level_screen
  1582 ;; This function is called by:
  1583 ;;		Startup code after reset
  1584 ;; This function uses a non-reentrant model
  1585 ;;
  1586                           
  1587     0C5C                     _main:	
  1588                           ;psect for function _main
  1589                           
  1590     0C5C                     l3578:	
  1591                           ;incstack = 0
  1592                           ; Regs used in _main: [wreg-fsr0h+status,2+status,0+btemp+1+pclath+cstack]
  1593                           
  1594                           
  1595                           ;../../Washing Machine/Washing-Machine-Simulator-PIC16F877A-master/Source files/main.c: 
      +                          24:     clcd_print("Washing Machine",(0x90 + 1));
  1596     0C5C  120A  158A  2005  120A  158A  	fcall	_init_config
  1597     0C61                     l3580:
  1598                           
  1599                           ;../../Washing Machine/Washing-Machine-Simulator-PIC16F877A-master/Source files/main.c: 
      +                          25:     while(read_digital_keypad(0) != 0x2F){;../../Washing Machine/Washing-Machine-Sim
      +                          ulator-PIC16F877A-master/Source files/main.c: 26:         for(unsigned int delay=3000;de
      +                          lay--;);
  1600     0C61  3043               	movlw	low (STR_43| (0+32768))
  1601     0C62  1283               	bcf	3,5	;RP0=0, select bank0
  1602     0C63  1303               	bcf	3,6	;RP1=0, select bank0
  1603     0C64  00A0               	movwf	clcd_print@str
  1604     0C65  3090               	movlw	high (STR_43| (0+32768))
  1605     0C66  00A1               	movwf	clcd_print@str+1
  1606     0C67  3081               	movlw	129
  1607     0C68  00A2               	movwf	clcd_print@addr
  1608     0C69  160A  118A  2515  120A  158A  	fcall	_clcd_print
  1609     0C6E                     l3582:
  1610                           
  1611                           ;../../Washing Machine/Washing-Machine-Simulator-PIC16F877A-master/Source files/main.c: 
      +                          27:     }
  1612     0C6E  3008               	movlw	low (STR_44| (0+32768))
  1613     0C6F  1283               	bcf	3,5	;RP0=0, select bank0
  1614     0C70  1303               	bcf	3,6	;RP1=0, select bank0
  1615     0C71  00A0               	movwf	clcd_print@str
  1616     0C72  3091               	movlw	high (STR_44| (0+32768))
  1617     0C73  00A1               	movwf	clcd_print@str+1
  1618     0C74  30C5               	movlw	197
  1619     0C75  00A2               	movwf	clcd_print@addr
  1620     0C76  160A  118A  2515  120A  158A  	fcall	_clcd_print
  1621     0C7B                     l3584:
  1622                           
  1623                           ;../../Washing Machine/Washing-Machine-Simulator-PIC16F877A-master/Source files/main.c: 
      +                          28:     clear_clcd();
  1624     0C7B  3023               	movlw	low (STR_19| (0+32768))
  1625     0C7C  1283               	bcf	3,5	;RP0=0, select bank0
  1626     0C7D  1303               	bcf	3,6	;RP1=0, select bank0
  1627     0C7E  00A0               	movwf	clcd_print@str
  1628     0C7F  3090               	movlw	high (STR_19| (0+32768))
  1629     0C80  00A1               	movwf	clcd_print@str+1
  1630     0C81  3091               	movlw	145
  1631     0C82  00A2               	movwf	clcd_print@addr
  1632     0C83  160A  118A  2515  120A  158A  	fcall	_clcd_print
  1633                           
  1634                           ;../../Washing Machine/Washing-Machine-Simulator-PIC16F877A-master/Source files/main.c: 
      +                          29:     power_ON_screen();
  1635     0C88  2C9D               	goto	l3590
  1636     0C89                     l3586:
  1637                           
  1638                           ;../../Washing Machine/Washing-Machine-Simulator-PIC16F877A-master/Source files/main.c: 
      +                          30:     _delay((unsigned long)((1000)*(20000000/4000.0)));
  1639     0C89  30B8               	movlw	184
  1640     0C8A  1283               	bcf	3,5	;RP0=0, select bank0
  1641     0C8B  1303               	bcf	3,6	;RP1=0, select bank0
  1642     0C8C  00E4               	movwf	main@delay
  1643     0C8D  300B               	movlw	11
  1644     0C8E  00E5               	movwf	main@delay+1
  1645     0C8F                     l3588:
  1646     0C8F  3001               	movlw	1
  1647     0C90  02E4               	subwf	main@delay,f
  1648     0C91  3000               	movlw	0
  1649     0C92  1C03               	skipc
  1650     0C93  03E5               	decf	main@delay+1,f
  1651     0C94  02E5               	subwf	main@delay+1,f
  1652     0C95  0A64               	incf	main@delay,w
  1653     0C96  1D03               	skipz
  1654     0C97  2C9C               	goto	u4351
  1655     0C98  0A65               	incf	main@delay+1,w
  1656     0C99  1D03               	btfss	3,2
  1657     0C9A  2C9C               	goto	u4351
  1658     0C9B  2C9D               	goto	u4350
  1659     0C9C                     u4351:
  1660     0C9C  2C8F               	goto	l3588
  1661     0C9D                     u4350:
  1662     0C9D                     l3590:
  1663                           
  1664                           ;../../Washing Machine/Washing-Machine-Simulator-PIC16F877A-master/Source files/main.c: 
      +                          29:     power_ON_screen();
  1665     0C9D  3000               	movlw	0
  1666     0C9E  160A  118A  278C  120A  158A  	fcall	_read_digital_keypad
  1667     0CA3  3A2F               	xorlw	47
  1668     0CA4  1D03               	skipz
  1669     0CA5  2CA7               	goto	u4361
  1670     0CA6  2CA8               	goto	u4360
  1671     0CA7                     u4361:
  1672     0CA7  2C89               	goto	l3586
  1673     0CA8                     u4360:
  1674     0CA8                     l3592:
  1675                           
  1676                           ;../../Washing Machine/Washing-Machine-Simulator-PIC16F877A-master/Source files/main.c: 
      +                          32: 
  1677     0CA8  160A  118A  2433  120A  158A  	fcall	_clear_clcd
  1678     0CAD                     l3594:
  1679                           
  1680                           ;../../Washing Machine/Washing-Machine-Simulator-PIC16F877A-master/Source files/main.c: 
      +                          33:     while(1){
  1681     0CAD  160A  118A  271B  120A  158A  	fcall	_power_ON_screen
  1682     0CB2                     l3596:
  1683                           
  1684                           ;../../Washing Machine/Washing-Machine-Simulator-PIC16F877A-master/Source files/main.c: 
      +                          34:         key=read_digital_keypad(0);
  1685     0CB2  301A               	movlw	26
  1686     0CB3  1283               	bcf	3,5	;RP0=0, select bank0
  1687     0CB4  1303               	bcf	3,6	;RP1=0, select bank0
  1688     0CB5  00E3               	movwf	??_main+2
  1689     0CB6  305E               	movlw	94
  1690     0CB7  00E2               	movwf	??_main+1
  1691     0CB8  306D               	movlw	109
  1692     0CB9  00E1               	movwf	??_main
  1693     0CBA                     u4467:
  1694     0CBA  0BE1               	decfsz	??_main,f
  1695     0CBB  2CBA               	goto	u4467
  1696     0CBC  0BE2               	decfsz	??_main+1,f
  1697     0CBD  2CBA               	goto	u4467
  1698     0CBE  0BE3               	decfsz	??_main+2,f
  1699     0CBF  2CBA               	goto	u4467
  1700     0CC0  2CC1               	nop2
  1701     0CC1                     l3598:
  1702                           
  1703                           ;../../Washing Machine/Washing-Machine-Simulator-PIC16F877A-master/Source files/main.c: 
      +                          35: 
  1704     0CC1  160A  118A  2433  120A  158A  	fcall	_clear_clcd
  1705     0CC6                     l3600:
  1706                           
  1707                           ;../../Washing Machine/Washing-Machine-Simulator-PIC16F877A-master/Source files/main.c: 
      +                          38:             operational_state = 0x02;
  1708     0CC6  3000               	movlw	0
  1709     0CC7  160A  118A  278C  120A  158A  	fcall	_read_digital_keypad
  1710     0CCC  1283               	bcf	3,5	;RP0=0, select bank0
  1711     0CCD  1303               	bcf	3,6	;RP1=0, select bank0
  1712     0CCE  00E8               	movwf	main@key
  1713     0CCF                     l3602:
  1714                           
  1715                           ;../../Washing Machine/Washing-Machine-Simulator-PIC16F877A-master/Source files/main.c: 
      +                          40:         }
  1716     0CCF  30B8               	movlw	184
  1717     0CD0  00E6               	movwf	main@delay_203
  1718     0CD1  300B               	movlw	11
  1719     0CD2  00E7               	movwf	main@delay_203+1
  1720     0CD3                     l3604:
  1721     0CD3  3001               	movlw	1
  1722     0CD4  02E6               	subwf	main@delay_203,f
  1723     0CD5  3000               	movlw	0
  1724     0CD6  1C03               	skipc
  1725     0CD7  03E7               	decf	main@delay_203+1,f
  1726     0CD8  02E7               	subwf	main@delay_203+1,f
  1727     0CD9  0A66               	incf	main@delay_203,w
  1728     0CDA  1D03               	skipz
  1729     0CDB  2CE0               	goto	u4371
  1730     0CDC  0A67               	incf	main@delay_203+1,w
  1731     0CDD  1D03               	btfss	3,2
  1732     0CDE  2CE0               	goto	u4371
  1733     0CDF  2CE1               	goto	u4370
  1734     0CE0                     u4371:
  1735     0CE0  2CD3               	goto	l3604
  1736     0CE1                     u4370:
  1737     0CE1                     l3606:
  1738                           
  1739                           ;../../Washing Machine/Washing-Machine-Simulator-PIC16F877A-master/Source files/main.c: 
      +                          41:         else if((key == 0x99) && (operational_state == 0x02)){
  1740     0CE1  3099               	movlw	153
  1741     0CE2  0668               	xorwf	main@key,w
  1742     0CE3  1D03               	btfss	3,2
  1743     0CE4  2CE6               	goto	u4381
  1744     0CE5  2CE7               	goto	u4380
  1745     0CE6                     u4381:
  1746     0CE6  2CF8               	goto	l3612
  1747     0CE7                     u4380:
  1748     0CE7                     l3608:
  1749     0CE7  1683               	bsf	3,5	;RP0=1, select bank1
  1750     0CE8  1303               	bcf	3,6	;RP1=0, select bank1
  1751     0CE9  0344               	decf	_operational_state^(0+128),w
  1752     0CEA  0445               	iorwf	(_operational_state+1)^(0+128),w
  1753     0CEB  1D03               	btfss	3,2
  1754     0CEC  2CEE               	goto	u4391
  1755     0CED  2CEF               	goto	u4390
  1756     0CEE                     u4391:
  1757     0CEE  2CF8               	goto	l3612
  1758     0CEF                     u4390:
  1759     0CEF                     l3610:
  1760                           
  1761                           ;../../Washing Machine/Washing-Machine-Simulator-PIC16F877A-master/Source files/main.c: 
      +                          42:             operational_state = 0x03;
  1762     0CEF  3002               	movlw	2
  1763     0CF0  00C4               	movwf	_operational_state^(0+128)
  1764     0CF1  3000               	movlw	0
  1765     0CF2  00C5               	movwf	(_operational_state^(0+128)+1)
  1766                           
  1767                           ;../../Washing Machine/Washing-Machine-Simulator-PIC16F877A-master/Source files/main.c: 
      +                          43:             clear_clcd();
  1768     0CF3  3022               	movlw	34
  1769     0CF4  00C6               	movwf	_reset_flag^(0+128)
  1770     0CF5  3000               	movlw	0
  1771     0CF6  00C7               	movwf	(_reset_flag^(0+128)+1)
  1772                           
  1773                           ;../../Washing Machine/Washing-Machine-Simulator-PIC16F877A-master/Source files/main.c: 
      +                          44:             clcd_print("press switch",(0x80 + 0));
  1774     0CF7  2D97               	goto	l3654
  1775     0CF8                     l3612:
  1776     0CF8  3099               	movlw	153
  1777     0CF9  1283               	bcf	3,5	;RP0=0, select bank0
  1778     0CFA  0668               	xorwf	main@key,w
  1779     0CFB  1D03               	btfss	3,2
  1780     0CFC  2CFE               	goto	u4401
  1781     0CFD  2CFF               	goto	u4400
  1782     0CFE                     u4401:
  1783     0CFE  2D3E               	goto	l3628
  1784     0CFF                     u4400:
  1785     0CFF                     l3614:
  1786     0CFF  3002               	movlw	2
  1787     0D00  1683               	bsf	3,5	;RP0=1, select bank1
  1788     0D01  1303               	bcf	3,6	;RP1=0, select bank1
  1789     0D02  0644               	xorwf	_operational_state^(0+128),w
  1790     0D03  0445               	iorwf	(_operational_state+1)^(0+128),w
  1791     0D04  1D03               	btfss	3,2
  1792     0D05  2D07               	goto	u4411
  1793     0D06  2D08               	goto	u4410
  1794     0D07                     u4411:
  1795     0D07  2D3E               	goto	l3628
  1796     0D08                     u4410:
  1797     0D08                     l3616:
  1798                           
  1799                           ;../../Washing Machine/Washing-Machine-Simulator-PIC16F877A-master/Source files/main.c: 
      +                          46:             clcd_print("SW6: STOP",(0x90 + 0));
  1800     0D08  3003               	movlw	3
  1801     0D09  00C4               	movwf	_operational_state^(0+128)
  1802     0D0A  3000               	movlw	0
  1803     0D0B  00C5               	movwf	(_operational_state^(0+128)+1)
  1804     0D0C                     l3618:
  1805                           
  1806                           ;../../Washing Machine/Washing-Machine-Simulator-PIC16F877A-master/Source files/main.c: 
      +                          47:             set_time();
  1807     0D0C  160A  118A  2433  120A  158A  	fcall	_clear_clcd
  1808     0D11                     l3620:
  1809                           
  1810                           ;../../Washing Machine/Washing-Machine-Simulator-PIC16F877A-master/Source files/main.c: 
      +                          48:         }
  1811     0D11  3060               	movlw	low (STR_46| (0+32768))
  1812     0D12  1283               	bcf	3,5	;RP0=0, select bank0
  1813     0D13  1303               	bcf	3,6	;RP1=0, select bank0
  1814     0D14  00A0               	movwf	clcd_print@str
  1815     0D15  3090               	movlw	high (STR_46| (0+32768))
  1816     0D16  00A1               	movwf	clcd_print@str+1
  1817     0D17  3080               	movlw	128
  1818     0D18  00A2               	movwf	clcd_print@addr
  1819     0D19  160A  118A  2515  120A  158A  	fcall	_clcd_print
  1820     0D1E                     l3622:
  1821                           
  1822                           ;../../Washing Machine/Washing-Machine-Simulator-PIC16F877A-master/Source files/main.c: 
      +                          49:         else if(key == 0x2F && operational_state == 0x44){
  1823     0D1E  30B4               	movlw	low (STR_26| (0+32768))
  1824     0D1F  1283               	bcf	3,5	;RP0=0, select bank0
  1825     0D20  1303               	bcf	3,6	;RP1=0, select bank0
  1826     0D21  00A0               	movwf	clcd_print@str
  1827     0D22  3090               	movlw	high (STR_26| (0+32768))
  1828     0D23  00A1               	movwf	clcd_print@str+1
  1829     0D24  30C0               	movlw	192
  1830     0D25  00A2               	movwf	clcd_print@addr
  1831     0D26  160A  118A  2515  120A  158A  	fcall	_clcd_print
  1832     0D2B                     l3624:
  1833                           
  1834                           ;../../Washing Machine/Washing-Machine-Simulator-PIC16F877A-master/Source files/main.c: 
      +                          50:             operational_state = 0x04;
  1835     0D2B  30E0               	movlw	low (STR_48| (0+32768))
  1836     0D2C  1283               	bcf	3,5	;RP0=0, select bank0
  1837     0D2D  1303               	bcf	3,6	;RP1=0, select bank0
  1838     0D2E  00A0               	movwf	clcd_print@str
  1839     0D2F  3090               	movlw	high (STR_48| (0+32768))
  1840     0D30  00A1               	movwf	clcd_print@str+1
  1841     0D31  3090               	movlw	144
  1842     0D32  00A2               	movwf	clcd_print@addr
  1843     0D33  160A  118A  2515  120A  158A  	fcall	_clcd_print
  1844     0D38                     l3626:
  1845                           
  1846                           ;../../Washing Machine/Washing-Machine-Simulator-PIC16F877A-master/Source files/main.c: 
      +                          51:             TMR2ON = 1;
  1847     0D38  120A  158A  2315  120A  158A  	fcall	_set_time
  1848                           
  1849                           ;../../Washing Machine/Washing-Machine-Simulator-PIC16F877A-master/Source files/main.c: 
      +                          52:             RC2 = 1;
  1850     0D3D  2D97               	goto	l3654
  1851     0D3E                     l3628:
  1852     0D3E  302F               	movlw	47
  1853     0D3F  1283               	bcf	3,5	;RP0=0, select bank0
  1854     0D40  0668               	xorwf	main@key,w
  1855     0D41  1D03               	btfss	3,2
  1856     0D42  2D44               	goto	u4421
  1857     0D43  2D45               	goto	u4420
  1858     0D44                     u4421:
  1859     0D44  2D57               	goto	l339
  1860     0D45                     u4420:
  1861     0D45                     l3630:
  1862     0D45  3044               	movlw	68
  1863     0D46  1683               	bsf	3,5	;RP0=1, select bank1
  1864     0D47  1303               	bcf	3,6	;RP1=0, select bank1
  1865     0D48  0644               	xorwf	_operational_state^(0+128),w
  1866     0D49  0445               	iorwf	(_operational_state+1)^(0+128),w
  1867     0D4A  1D03               	btfss	3,2
  1868     0D4B  2D4D               	goto	u4431
  1869     0D4C  2D4E               	goto	u4430
  1870     0D4D                     u4431:
  1871     0D4D  2D57               	goto	l339
  1872     0D4E                     u4430:
  1873     0D4E                     l3632:
  1874                           
  1875                           ;../../Washing Machine/Washing-Machine-Simulator-PIC16F877A-master/Source files/main.c: 
      +                          54: 
  1876     0D4E  3004               	movlw	4
  1877     0D4F  00C4               	movwf	_operational_state^(0+128)
  1878     0D50  3000               	movlw	0
  1879     0D51  00C5               	movwf	(_operational_state^(0+128)+1)
  1880     0D52                     l3634:
  1881                           
  1882                           ;../../Washing Machine/Washing-Machine-Simulator-PIC16F877A-master/Source files/main.c: 
      +                          55:         switch(operational_state){
  1883     0D52  1283               	bcf	3,5	;RP0=0, select bank0
  1884     0D53  1303               	bcf	3,6	;RP1=0, select bank0
  1885     0D54  1512               	bsf	18,2	;volatile
  1886     0D55                     l3636:
  1887                           
  1888                           ;../../Washing Machine/Washing-Machine-Simulator-PIC16F877A-master/Source files/main.c: 
      +                          56:                 case 0x01:
  1889     0D55  1507               	bsf	7,2	;volatile
  1890     0D56  2D97               	goto	l3654
  1891     0D57                     l339:
  1892                           
  1893                           ;../../Washing Machine/Washing-Machine-Simulator-PIC16F877A-master/Source files/main.c: 
      +                          59:                 case 0x02:
  1894     0D57  2D97               	goto	l3654
  1895     0D58                     l3638:
  1896                           
  1897                           ;../../Washing Machine/Washing-Machine-Simulator-PIC16F877A-master/Source files/main.c: 
      +                          61:                     break;
  1898     0D58  1283               	bcf	3,5	;RP0=0, select bank0
  1899     0D59  1303               	bcf	3,6	;RP1=0, select bank0
  1900     0D5A  0868               	movf	main@key,w
  1901     0D5B  120A  158A  21FE  120A  158A  	fcall	_washing_program_
  1902                           
  1903                           ;../../Washing Machine/Washing-Machine-Simulator-PIC16F877A-master/Source files/main.c: 
      +                          62:                 case 0x03:
  1904     0D60  2CC6               	goto	l3600
  1905     0D61                     l3640:
  1906                           
  1907                           ;../../Washing Machine/Washing-Machine-Simulator-PIC16F877A-master/Source files/main.c: 
      +                          64:                         operational_state = 0x04;
  1908     0D61  1283               	bcf	3,5	;RP0=0, select bank0
  1909     0D62  1303               	bcf	3,6	;RP1=0, select bank0
  1910     0D63  0868               	movf	main@key,w
  1911     0D64  120A  158A  2095  120A  158A  	fcall	_water_level_screen
  1912                           
  1913                           ;../../Washing Machine/Washing-Machine-Simulator-PIC16F877A-master/Source files/main.c: 
      +                          65:                         reset_flag = 0x33;
  1914     0D69  2CC6               	goto	l3600
  1915     0D6A                     l3642:
  1916                           
  1917                           ;../../Washing Machine/Washing-Machine-Simulator-PIC16F877A-master/Source files/main.c: 
      +                          67:                     else if(0x1F==key){
  1918     0D6A  302F               	movlw	47
  1919     0D6B  1283               	bcf	3,5	;RP0=0, select bank0
  1920     0D6C  1303               	bcf	3,6	;RP1=0, select bank0
  1921     0D6D  0668               	xorwf	main@key,w
  1922     0D6E  1D03               	btfss	3,2
  1923     0D6F  2D71               	goto	u4441
  1924     0D70  2D72               	goto	u4440
  1925     0D71                     u4441:
  1926     0D71  2D7D               	goto	l3646
  1927     0D72                     u4440:
  1928     0D72                     l3644:
  1929                           
  1930                           ;../../Washing Machine/Washing-Machine-Simulator-PIC16F877A-master/Source files/main.c: 
      +                          68:                         operational_state=0x01;
  1931     0D72  3004               	movlw	4
  1932     0D73  1683               	bsf	3,5	;RP0=1, select bank1
  1933     0D74  1303               	bcf	3,6	;RP1=0, select bank1
  1934     0D75  00C4               	movwf	_operational_state^(0+128)
  1935     0D76  3000               	movlw	0
  1936     0D77  00C5               	movwf	(_operational_state^(0+128)+1)
  1937                           
  1938                           ;../../Washing Machine/Washing-Machine-Simulator-PIC16F877A-master/Source files/main.c: 
      +                          69:                         reset_flag=0x11;
  1939     0D78  3033               	movlw	51
  1940     0D79  00C6               	movwf	_reset_flag^(0+128)
  1941     0D7A  3000               	movlw	0
  1942     0D7B  00C7               	movwf	(_reset_flag^(0+128)+1)
  1943                           
  1944                           ;../../Washing Machine/Washing-Machine-Simulator-PIC16F877A-master/Source files/main.c: 
      +                          70:                         continue;
  1945     0D7C  2CC6               	goto	l3600
  1946     0D7D                     l3646:
  1947     0D7D  301F               	movlw	31
  1948     0D7E  0668               	xorwf	main@key,w
  1949     0D7F  1D03               	btfss	3,2
  1950     0D80  2D82               	goto	u4451
  1951     0D81  2D83               	goto	u4450
  1952     0D82                     u4451:
  1953     0D82  2DAC               	goto	l345
  1954     0D83                     u4450:
  1955     0D83                     l3648:
  1956                           
  1957                           ;../../Washing Machine/Washing-Machine-Simulator-PIC16F877A-master/Source files/main.c: 
      +                          72:                     break;
  1958     0D83  3001               	movlw	1
  1959     0D84  1683               	bsf	3,5	;RP0=1, select bank1
  1960     0D85  1303               	bcf	3,6	;RP1=0, select bank1
  1961     0D86  00C4               	movwf	_operational_state^(0+128)
  1962     0D87  3000               	movlw	0
  1963     0D88  00C5               	movwf	(_operational_state^(0+128)+1)
  1964                           
  1965                           ;../../Washing Machine/Washing-Machine-Simulator-PIC16F877A-master/Source files/main.c: 
      +                          73:                 case 0x04:
  1966     0D89  3011               	movlw	17
  1967     0D8A  00C6               	movwf	_reset_flag^(0+128)
  1968     0D8B  3000               	movlw	0
  1969     0D8C  00C7               	movwf	(_reset_flag^(0+128)+1)
  1970                           
  1971                           ;../../Washing Machine/Washing-Machine-Simulator-PIC16F877A-master/Source files/main.c: 
      +                          74:                     start(key);
  1972     0D8D  2CC6               	goto	l3600
  1973     0D8E                     l3650:
  1974                           
  1975                           ;../../Washing Machine/Washing-Machine-Simulator-PIC16F877A-master/Source files/main.c: 
      +                          78:     }
  1976     0D8E  1283               	bcf	3,5	;RP0=0, select bank0
  1977     0D8F  1303               	bcf	3,6	;RP1=0, select bank0
  1978     0D90  0868               	movf	main@key,w
  1979     0D91  120A  118A  2039  120A  158A  	fcall	_start
  1980                           
  1981                           ;../../Washing Machine/Washing-Machine-Simulator-PIC16F877A-master/Source files/main.c: 
      +                          79:     return;
  1982     0D96  2CC6               	goto	l3600
  1983     0D97                     l3654:
  1984                           
  1985                           ; Switch on 2 bytes has been partitioned into a top level switch of size 1, and 1 sub-sw
      +                          itches
  1986                           ; Switch size 1, requested type "simple"
  1987                           ; Number of cases is 1, Range of values is 0 to 0
  1988                           ; switch strategies available:
  1989                           ; Name         Instructions Cycles
  1990                           ; simple_byte            4     3 (average)
  1991                           ; direct_byte           11     8 (fixed)
  1992                           ; jumptable            260     6 (fixed)
  1993                           ;	Chosen strategy is simple_byte
  1994     0D97  1683               	bsf	3,5	;RP0=1, select bank1
  1995     0D98  1303               	bcf	3,6	;RP1=0, select bank1
  1996     0D99  0845               	movf	(_operational_state+1)^(0+128),w
  1997     0D9A  3A00               	xorlw	0	; case 0
  1998     0D9B  1903               	skipnz
  1999     0D9C  2D9E               	goto	l3692
  2000     0D9D  2CC6               	goto	l3600
  2001     0D9E                     l3692:
  2002                           
  2003                           ; Switch size 1, requested type "simple"
  2004                           ; Number of cases is 4, Range of values is 1 to 4
  2005                           ; switch strategies available:
  2006                           ; Name         Instructions Cycles
  2007                           ; simple_byte           13     7 (average)
  2008                           ; direct_byte           23    11 (fixed)
  2009                           ; jumptable            263     9 (fixed)
  2010                           ;	Chosen strategy is simple_byte
  2011     0D9E  0844               	movf	_operational_state^(0+128),w
  2012     0D9F  3A01               	xorlw	1	; case 1
  2013     0DA0  1903               	skipnz
  2014     0DA1  2D58               	goto	l3638
  2015     0DA2  3A03               	xorlw	3	; case 2
  2016     0DA3  1903               	skipnz
  2017     0DA4  2D61               	goto	l3640
  2018     0DA5  3A01               	xorlw	1	; case 3
  2019     0DA6  1903               	skipnz
  2020     0DA7  2D6A               	goto	l3642
  2021     0DA8  3A07               	xorlw	7	; case 4
  2022     0DA9  1903               	skipnz
  2023     0DAA  2D8E               	goto	l3650
  2024     0DAB  2CC6               	goto	l3600
  2025     0DAC                     l345:
  2026     0DAC  2CC6               	goto	l3600
  2027     0DAD  120A  118A  280C   	ljmp	start
  2028     0DB0                     __end_of_main:
  2029                           
  2030                           	psect	text1
  2031     0895                     __ptext1:	
  2032 ;; *************** function _water_level_screen *****************
  2033 ;; Defined at:
  2034 ;;		line 62 in file "../../Washing Machine/Washing-Machine-Simulator-PIC16F877A-master/Source files/washing_machine_func
      +tion_def.c"
  2035 ;; Parameters:    Size  Location     Type
  2036 ;;  key             1    wreg     unsigned char 
  2037 ;; Auto vars:     Size  Location     Type
  2038 ;;  key             1    5[BANK0 ] unsigned char 
  2039 ;; Return value:  Size  Location     Type
  2040 ;;                  1    wreg      void 
  2041 ;; Registers used:
  2042 ;;		wreg, fsr0l, fsr0h, status,2, status,0, btemp+1, pclath, cstack
  2043 ;; Tracked objects:
  2044 ;;		On entry : 0/0
  2045 ;;		On exit  : 0/0
  2046 ;;		Unchanged: 0/0
  2047 ;; Data sizes:     COMMON   BANK0   BANK1   BANK3   BANK2
  2048 ;;      Params:         0       0       0       0       0
  2049 ;;      Locals:         0       1       0       0       0
  2050 ;;      Temps:          0       2       0       0       0
  2051 ;;      Totals:         0       3       0       0       0
  2052 ;;Total ram usage:        3 bytes
  2053 ;; Hardware stack levels used: 1
  2054 ;; Hardware stack levels required when called: 3
  2055 ;; This function calls:
  2056 ;;		___awmod
  2057 ;;		_clcd_print
  2058 ;;		_clcd_putch
  2059 ;;		_clear_clcd
  2060 ;; This function is called by:
  2061 ;;		_main
  2062 ;; This function uses a non-reentrant model
  2063 ;;
  2064                           
  2065     0895                     _water_level_screen:	
  2066                           ;psect for function _water_level_screen
  2067                           
  2068                           
  2069                           ;incstack = 0
  2070                           ; Regs used in _water_level_screen: [wreg-fsr0h+status,2+status,0+btemp+1+pclath+cstack]
  2071                           ;water_level_screen@key stored from wreg
  2072     0895  1283               	bcf	3,5	;RP0=0, select bank0
  2073     0896  1303               	bcf	3,6	;RP1=0, select bank0
  2074     0897  00A5               	movwf	water_level_screen@key
  2075     0898                     l3432:
  2076                           
  2077                           ;../../Washing Machine/Washing-Machine-Simulator-PIC16F877A-master/Source files/washing_
      +                          machine_function_def.c: 63:     if( reset_flag == 0x22){
  2078     0898  3022               	movlw	34
  2079     0899  1683               	bsf	3,5	;RP0=1, select bank1
  2080     089A  1303               	bcf	3,6	;RP1=0, select bank1
  2081     089B  0646               	xorwf	_reset_flag^(0+128),w
  2082     089C  0447               	iorwf	(_reset_flag+1)^(0+128),w
  2083     089D  1D03               	btfss	3,2
  2084     089E  28A0               	goto	u4231
  2085     089F  28A1               	goto	u4230
  2086     08A0                     u4231:
  2087     08A0  28AC               	goto	l3438
  2088     08A1                     u4230:
  2089     08A1                     l3434:
  2090                           
  2091                           ;../../Washing Machine/Washing-Machine-Simulator-PIC16F877A-master/Source files/washing_
      +                          machine_function_def.c: 64:         clear_clcd();
  2092     08A1  160A  118A  2433  120A  158A  	fcall	_clear_clcd
  2093     08A6                     l3436:
  2094                           
  2095                           ;../../Washing Machine/Washing-Machine-Simulator-PIC16F877A-master/Source files/washing_
      +                          machine_function_def.c: 65:         reset_flag = 0xFF;
  2096     08A6  30FF               	movlw	255
  2097     08A7  1683               	bsf	3,5	;RP0=1, select bank1
  2098     08A8  1303               	bcf	3,6	;RP1=0, select bank1
  2099     08A9  00C6               	movwf	_reset_flag^(0+128)
  2100     08AA  3000               	movlw	0
  2101     08AB  00C7               	movwf	(_reset_flag^(0+128)+1)
  2102     08AC                     l3438:
  2103                           
  2104                           ;../../Washing Machine/Washing-Machine-Simulator-PIC16F877A-master/Source files/washing_
      +                          machine_function_def.c: 68:     if(key == 0x37){
  2105     08AC  3037               	movlw	55
  2106     08AD  1283               	bcf	3,5	;RP0=0, select bank0
  2107     08AE  1303               	bcf	3,6	;RP1=0, select bank0
  2108     08AF  0625               	xorwf	water_level_screen@key,w
  2109     08B0  1D03               	btfss	3,2
  2110     08B1  28B3               	goto	u4241
  2111     08B2  28B4               	goto	u4240
  2112     08B3                     u4241:
  2113     08B3  28CF               	goto	l3442
  2114     08B4                     u4240:
  2115     08B4                     l3440:
  2116                           
  2117                           ;../../Washing Machine/Washing-Machine-Simulator-PIC16F877A-master/Source files/washing_
      +                          machine_function_def.c: 69:     clear_clcd();
  2118     08B4  160A  118A  2433  120A  158A  	fcall	_clear_clcd
  2119                           
  2120                           ;../../Washing Machine/Washing-Machine-Simulator-PIC16F877A-master/Source files/washing_
      +                          machine_function_def.c: 70:     level = (level + 1) % 5;
  2121     08B9  3005               	movlw	5
  2122     08BA  00F2               	movwf	___awmod@divisor
  2123     08BB  3000               	movlw	0
  2124     08BC  00F3               	movwf	___awmod@divisor+1
  2125     08BD  1283               	bcf	3,5	;RP0=0, select bank0
  2126     08BE  1303               	bcf	3,6	;RP1=0, select bank0
  2127     08BF  086E               	movf	_level,w
  2128     08C0  3E01               	addlw	1
  2129     08C1  00F4               	movwf	___awmod@dividend
  2130     08C2  3000               	movlw	0
  2131     08C3  1803               	skipnc
  2132     08C4  3001               	movlw	1
  2133     08C5  00F5               	movwf	___awmod@dividend+1
  2134     08C6  160A  118A  25F6  120A  158A  	fcall	___awmod
  2135     08CB  0872               	movf	?___awmod,w
  2136     08CC  1283               	bcf	3,5	;RP0=0, select bank0
  2137     08CD  1303               	bcf	3,6	;RP1=0, select bank0
  2138     08CE  00EE               	movwf	_level
  2139     08CF                     l3442:
  2140                           
  2141                           ;../../Washing Machine/Washing-Machine-Simulator-PIC16F877A-master/Source files/washing_
      +                          machine_function_def.c: 74:     clcd_print("WATER LEVEL",(0x80 + 0));
  2142     08CF  307A               	movlw	low (STR_21| (0+32768))
  2143     08D0  00A0               	movwf	clcd_print@str
  2144     08D1  3090               	movlw	high (STR_21| (0+32768))
  2145     08D2  00A1               	movwf	clcd_print@str+1
  2146     08D3  3080               	movlw	128
  2147     08D4  00A2               	movwf	clcd_print@addr
  2148     08D5  160A  118A  2515  120A  158A  	fcall	_clcd_print
  2149     08DA                     l3444:
  2150                           
  2151                           ;../../Washing Machine/Washing-Machine-Simulator-PIC16F877A-master/Source files/washing_
      +                          machine_function_def.c: 75:     clcd_putch('*',(0xC0 + 0));
  2152     08DA  30C0               	movlw	192
  2153     08DB  1283               	bcf	3,5	;RP0=0, select bank0
  2154     08DC  1303               	bcf	3,6	;RP1=0, select bank0
  2155     08DD  00A0               	movwf	clcd_putch@addr
  2156     08DE  302A               	movlw	42
  2157     08DF  160A  118A  246A  120A  158A  	fcall	_clcd_putch
  2158                           
  2159                           ;../../Washing Machine/Washing-Machine-Simulator-PIC16F877A-master/Source files/washing_
      +                          machine_function_def.c: 76:     clcd_print(water_level_options[level],(0xC0 + 1));
  2160     08E4  1283               	bcf	3,5	;RP0=0, select bank0
  2161     08E5  1303               	bcf	3,6	;RP1=0, select bank0
  2162     08E6  086E               	movf	_level,w
  2163     08E7  00A3               	movwf	??_water_level_screen
  2164     08E8  0723               	addwf	??_water_level_screen,w
  2165     08E9  3EB8               	addlw	(low (_water_level_options| 0))& (0+255)
  2166     08EA  0084               	movwf	4
  2167     08EB  1383               	bcf	3,7	;select IRP bank1
  2168     08EC  0800               	movf	0,w
  2169     08ED  00A0               	movwf	clcd_print@str
  2170     08EE  0A84               	incf	4,f
  2171     08EF  0800               	movf	0,w
  2172     08F0  0384               	decf	4,f
  2173     08F1  00A1               	movwf	clcd_print@str+1
  2174     08F2  30C1               	movlw	193
  2175     08F3  00A2               	movwf	clcd_print@addr
  2176     08F4  160A  118A  2515  120A  158A  	fcall	_clcd_print
  2177                           
  2178                           ;../../Washing Machine/Washing-Machine-Simulator-PIC16F877A-master/Source files/washing_
      +                          machine_function_def.c: 77:     clcd_print(water_level_options[(level+1)%5],(0x90 + 1));
  2179     08F9  3005               	movlw	5
  2180     08FA  00F2               	movwf	___awmod@divisor
  2181     08FB  3000               	movlw	0
  2182     08FC  00F3               	movwf	___awmod@divisor+1
  2183     08FD  1283               	bcf	3,5	;RP0=0, select bank0
  2184     08FE  1303               	bcf	3,6	;RP1=0, select bank0
  2185     08FF  086E               	movf	_level,w
  2186     0900  3E01               	addlw	1
  2187     0901  00F4               	movwf	___awmod@dividend
  2188     0902  3000               	movlw	0
  2189     0903  1803               	skipnc
  2190     0904  3001               	movlw	1
  2191     0905  00F5               	movwf	___awmod@dividend+1
  2192     0906  160A  118A  25F6  120A  158A  	fcall	___awmod
  2193     090B  0872               	movf	?___awmod,w
  2194     090C  1283               	bcf	3,5	;RP0=0, select bank0
  2195     090D  1303               	bcf	3,6	;RP1=0, select bank0
  2196     090E  00A3               	movwf	??_water_level_screen
  2197     090F  0723               	addwf	??_water_level_screen,w
  2198     0910  3EB8               	addlw	(low (_water_level_options| 0))& (0+255)
  2199     0911  0084               	movwf	4
  2200     0912  1383               	bcf	3,7	;select IRP bank1
  2201     0913  0800               	movf	0,w
  2202     0914  00A0               	movwf	clcd_print@str
  2203     0915  0A84               	incf	4,f
  2204     0916  0800               	movf	0,w
  2205     0917  0384               	decf	4,f
  2206     0918  00A1               	movwf	clcd_print@str+1
  2207     0919  3091               	movlw	145
  2208     091A  00A2               	movwf	clcd_print@addr
  2209     091B  160A  118A  2515  120A  158A  	fcall	_clcd_print
  2210                           
  2211                           ;../../Washing Machine/Washing-Machine-Simulator-PIC16F877A-master/Source files/washing_
      +                          machine_function_def.c: 78:     clcd_print(water_level_options[(level+2)%5],(0xD0 + 1));
  2212     0920  3005               	movlw	5
  2213     0921  00F2               	movwf	___awmod@divisor
  2214     0922  3000               	movlw	0
  2215     0923  00F3               	movwf	___awmod@divisor+1
  2216     0924  1283               	bcf	3,5	;RP0=0, select bank0
  2217     0925  1303               	bcf	3,6	;RP1=0, select bank0
  2218     0926  086E               	movf	_level,w
  2219     0927  3E02               	addlw	2
  2220     0928  00F4               	movwf	___awmod@dividend
  2221     0929  3000               	movlw	0
  2222     092A  1803               	skipnc
  2223     092B  3001               	movlw	1
  2224     092C  00F5               	movwf	___awmod@dividend+1
  2225     092D  160A  118A  25F6  120A  158A  	fcall	___awmod
  2226     0932  0872               	movf	?___awmod,w
  2227     0933  1283               	bcf	3,5	;RP0=0, select bank0
  2228     0934  1303               	bcf	3,6	;RP1=0, select bank0
  2229     0935  00A3               	movwf	??_water_level_screen
  2230     0936  0723               	addwf	??_water_level_screen,w
  2231     0937  3EB8               	addlw	(low (_water_level_options| 0))& (0+255)
  2232     0938  0084               	movwf	4
  2233     0939  1383               	bcf	3,7	;select IRP bank1
  2234     093A  0800               	movf	0,w
  2235     093B  00A0               	movwf	clcd_print@str
  2236     093C  0A84               	incf	4,f
  2237     093D  0800               	movf	0,w
  2238     093E  0384               	decf	4,f
  2239     093F  00A1               	movwf	clcd_print@str+1
  2240     0940  30D1               	movlw	209
  2241     0941  00A2               	movwf	clcd_print@addr
  2242     0942  160A  118A  2515  120A  158A  	fcall	_clcd_print
  2243     0947                     l78:
  2244     0947  0008               	return
  2245     0948                     __end_of_water_level_screen:
  2246                           
  2247                           	psect	text2
  2248     09FE                     __ptext2:	
  2249 ;; *************** function _washing_program_ *****************
  2250 ;; Defined at:
  2251 ;;		line 32 in file "../../Washing Machine/Washing-Machine-Simulator-PIC16F877A-master/Source files/washing_machine_func
      +tion_def.c"
  2252 ;; Parameters:    Size  Location     Type
  2253 ;;  key             1    wreg     unsigned char 
  2254 ;; Auto vars:     Size  Location     Type
  2255 ;;  key             1    5[BANK0 ] unsigned char 
  2256 ;; Return value:  Size  Location     Type
  2257 ;;                  1    wreg      void 
  2258 ;; Registers used:
  2259 ;;		wreg, fsr0l, fsr0h, status,2, status,0, btemp+1, pclath, cstack
  2260 ;; Tracked objects:
  2261 ;;		On entry : 0/0
  2262 ;;		On exit  : 0/0
  2263 ;;		Unchanged: 0/0
  2264 ;; Data sizes:     COMMON   BANK0   BANK1   BANK3   BANK2
  2265 ;;      Params:         0       0       0       0       0
  2266 ;;      Locals:         0       1       0       0       0
  2267 ;;      Temps:          0       2       0       0       0
  2268 ;;      Totals:         0       3       0       0       0
  2269 ;;Total ram usage:        3 bytes
  2270 ;; Hardware stack levels used: 1
  2271 ;; Hardware stack levels required when called: 3
  2272 ;; This function calls:
  2273 ;;		___awmod
  2274 ;;		_clcd_print
  2275 ;;		_clcd_putch
  2276 ;;		_clear_clcd
  2277 ;; This function is called by:
  2278 ;;		_main
  2279 ;; This function uses a non-reentrant model
  2280 ;;
  2281                           
  2282     09FE                     _washing_program_:	
  2283                           ;psect for function _washing_program_
  2284                           
  2285                           
  2286                           ;incstack = 0
  2287                           ; Regs used in _washing_program_: [wreg-fsr0h+status,2+status,0+btemp+1+pclath+cstack]
  2288                           ;washing_program_@key stored from wreg
  2289     09FE  1283               	bcf	3,5	;RP0=0, select bank0
  2290     09FF  1303               	bcf	3,6	;RP1=0, select bank0
  2291     0A00  00A5               	movwf	washing_program_@key
  2292     0A01                     l3406:
  2293                           
  2294                           ;../../Washing Machine/Washing-Machine-Simulator-PIC16F877A-master/Source files/washing_
      +                          machine_function_def.c: 33:     if(reset_flag == 0x11){
  2295     0A01  3011               	movlw	17
  2296     0A02  1683               	bsf	3,5	;RP0=1, select bank1
  2297     0A03  1303               	bcf	3,6	;RP1=0, select bank1
  2298     0A04  0646               	xorwf	_reset_flag^(0+128),w
  2299     0A05  0447               	iorwf	(_reset_flag+1)^(0+128),w
  2300     0A06  1D03               	btfss	3,2
  2301     0A07  2A09               	goto	u4181
  2302     0A08  2A0A               	goto	u4180
  2303     0A09                     u4181:
  2304     0A09  2A15               	goto	l3412
  2305     0A0A                     u4180:
  2306     0A0A                     l3408:
  2307                           
  2308                           ;../../Washing Machine/Washing-Machine-Simulator-PIC16F877A-master/Source files/washing_
      +                          machine_function_def.c: 34:         clear_clcd();
  2309     0A0A  160A  118A  2433  120A  158A  	fcall	_clear_clcd
  2310     0A0F                     l3410:
  2311                           
  2312                           ;../../Washing Machine/Washing-Machine-Simulator-PIC16F877A-master/Source files/washing_
      +                          machine_function_def.c: 35:         reset_flag= 0xFF;
  2313     0A0F  30FF               	movlw	255
  2314     0A10  1683               	bsf	3,5	;RP0=1, select bank1
  2315     0A11  1303               	bcf	3,6	;RP1=0, select bank1
  2316     0A12  00C6               	movwf	_reset_flag^(0+128)
  2317     0A13  3000               	movlw	0
  2318     0A14  00C7               	movwf	(_reset_flag^(0+128)+1)
  2319     0A15                     l3412:
  2320                           
  2321                           ;../../Washing Machine/Washing-Machine-Simulator-PIC16F877A-master/Source files/washing_
      +                          machine_function_def.c: 37:     if(key == 0x37){
  2322     0A15  3037               	movlw	55
  2323     0A16  1283               	bcf	3,5	;RP0=0, select bank0
  2324     0A17  1303               	bcf	3,6	;RP1=0, select bank0
  2325     0A18  0625               	xorwf	washing_program_@key,w
  2326     0A19  1D03               	btfss	3,2
  2327     0A1A  2A1C               	goto	u4191
  2328     0A1B  2A1D               	goto	u4190
  2329     0A1C                     u4191:
  2330     0A1C  2A38               	goto	l3416
  2331     0A1D                     u4190:
  2332     0A1D                     l3414:
  2333                           
  2334                           ;../../Washing Machine/Washing-Machine-Simulator-PIC16F877A-master/Source files/washing_
      +                          machine_function_def.c: 38:     clear_clcd();
  2335     0A1D  160A  118A  2433  120A  158A  	fcall	_clear_clcd
  2336                           
  2337                           ;../../Washing Machine/Washing-Machine-Simulator-PIC16F877A-master/Source files/washing_
      +                          machine_function_def.c: 39:     program_no = (program_no + 1) % 12;
  2338     0A22  300C               	movlw	12
  2339     0A23  00F2               	movwf	___awmod@divisor
  2340     0A24  3000               	movlw	0
  2341     0A25  00F3               	movwf	___awmod@divisor+1
  2342     0A26  1283               	bcf	3,5	;RP0=0, select bank0
  2343     0A27  1303               	bcf	3,6	;RP1=0, select bank0
  2344     0A28  086F               	movf	_program_no,w
  2345     0A29  3E01               	addlw	1
  2346     0A2A  00F4               	movwf	___awmod@dividend
  2347     0A2B  3000               	movlw	0
  2348     0A2C  1803               	skipnc
  2349     0A2D  3001               	movlw	1
  2350     0A2E  00F5               	movwf	___awmod@dividend+1
  2351     0A2F  160A  118A  25F6  120A  158A  	fcall	___awmod
  2352     0A34  0872               	movf	?___awmod,w
  2353     0A35  1283               	bcf	3,5	;RP0=0, select bank0
  2354     0A36  1303               	bcf	3,6	;RP1=0, select bank0
  2355     0A37  00EF               	movwf	_program_no
  2356     0A38                     l3416:
  2357                           
  2358                           ;../../Washing Machine/Washing-Machine-Simulator-PIC16F877A-master/Source files/washing_
      +                          machine_function_def.c: 42:     clcd_print("washing program",(0x80 + 0));
  2359     0A38  3033               	movlw	low (STR_20| (0+32768))
  2360     0A39  00A0               	movwf	clcd_print@str
  2361     0A3A  3090               	movlw	high (STR_20| (0+32768))
  2362     0A3B  00A1               	movwf	clcd_print@str+1
  2363     0A3C  3080               	movlw	128
  2364     0A3D  00A2               	movwf	clcd_print@addr
  2365     0A3E  160A  118A  2515  120A  158A  	fcall	_clcd_print
  2366     0A43                     l3418:
  2367                           
  2368                           ;../../Washing Machine/Washing-Machine-Simulator-PIC16F877A-master/Source files/washing_
      +                          machine_function_def.c: 43:     clcd_putch('*' , (0xC0 + 0));
  2369     0A43  30C0               	movlw	192
  2370     0A44  1283               	bcf	3,5	;RP0=0, select bank0
  2371     0A45  1303               	bcf	3,6	;RP1=0, select bank0
  2372     0A46  00A0               	movwf	clcd_putch@addr
  2373     0A47  302A               	movlw	42
  2374     0A48  160A  118A  246A  120A  158A  	fcall	_clcd_putch
  2375     0A4D                     l3420:
  2376                           
  2377                           ;../../Washing Machine/Washing-Machine-Simulator-PIC16F877A-master/Source files/washing_
      +                          machine_function_def.c: 45:     if(program_no<=9){
  2378     0A4D  300A               	movlw	10
  2379     0A4E  1283               	bcf	3,5	;RP0=0, select bank0
  2380     0A4F  1303               	bcf	3,6	;RP1=0, select bank0
  2381     0A50  026F               	subwf	_program_no,w
  2382     0A51  1803               	skipnc
  2383     0A52  2A54               	goto	u4201
  2384     0A53  2A55               	goto	u4200
  2385     0A54                     u4201:
  2386     0A54  2A93               	goto	l3424
  2387     0A55                     u4200:
  2388     0A55                     l3422:
  2389                           
  2390                           ;../../Washing Machine/Washing-Machine-Simulator-PIC16F877A-master/Source files/washing_
      +                          machine_function_def.c: 46:       clcd_print(washing_program[program_no],(0xC0 + 1));
  2391     0A55  086F               	movf	_program_no,w
  2392     0A56  00A3               	movwf	??_washing_program_
  2393     0A57  0723               	addwf	??_washing_program_,w
  2394     0A58  3EA0               	addlw	(low (_washing_program| 0))& (0+255)
  2395     0A59  0084               	movwf	4
  2396     0A5A  1383               	bcf	3,7	;select IRP bank1
  2397     0A5B  0800               	movf	0,w
  2398     0A5C  00A0               	movwf	clcd_print@str
  2399     0A5D  0A84               	incf	4,f
  2400     0A5E  0800               	movf	0,w
  2401     0A5F  0384               	decf	4,f
  2402     0A60  00A1               	movwf	clcd_print@str+1
  2403     0A61  30C1               	movlw	193
  2404     0A62  00A2               	movwf	clcd_print@addr
  2405     0A63  160A  118A  2515  120A  158A  	fcall	_clcd_print
  2406                           
  2407                           ;../../Washing Machine/Washing-Machine-Simulator-PIC16F877A-master/Source files/washing_
      +                          machine_function_def.c: 47:       clcd_print(washing_program[program_no+1],(0x90 + 1));
  2408     0A68  1283               	bcf	3,5	;RP0=0, select bank0
  2409     0A69  1303               	bcf	3,6	;RP1=0, select bank0
  2410     0A6A  086F               	movf	_program_no,w
  2411     0A6B  00A3               	movwf	??_washing_program_
  2412     0A6C  0723               	addwf	??_washing_program_,w
  2413     0A6D  3EA2               	addlw	(low ((_washing_program| 0+2)))& (0+255)
  2414     0A6E  0084               	movwf	4
  2415     0A6F  1383               	bcf	3,7	;select IRP bank1
  2416     0A70  0800               	movf	0,w
  2417     0A71  00A0               	movwf	clcd_print@str
  2418     0A72  0A84               	incf	4,f
  2419     0A73  0800               	movf	0,w
  2420     0A74  0384               	decf	4,f
  2421     0A75  00A1               	movwf	clcd_print@str+1
  2422     0A76  3091               	movlw	145
  2423     0A77  00A2               	movwf	clcd_print@addr
  2424     0A78  160A  118A  2515  120A  158A  	fcall	_clcd_print
  2425                           
  2426                           ;../../Washing Machine/Washing-Machine-Simulator-PIC16F877A-master/Source files/washing_
      +                          machine_function_def.c: 48:       clcd_print(washing_program[program_no+2],(0xD0 + 1));
  2427     0A7D  1283               	bcf	3,5	;RP0=0, select bank0
  2428     0A7E  1303               	bcf	3,6	;RP1=0, select bank0
  2429     0A7F  086F               	movf	_program_no,w
  2430     0A80  00A3               	movwf	??_washing_program_
  2431     0A81  0723               	addwf	??_washing_program_,w
  2432     0A82  3EA4               	addlw	(low ((_washing_program| 0+4)))& (0+255)
  2433     0A83  0084               	movwf	4
  2434     0A84  1383               	bcf	3,7	;select IRP bank1
  2435     0A85  0800               	movf	0,w
  2436     0A86  00A0               	movwf	clcd_print@str
  2437     0A87  0A84               	incf	4,f
  2438     0A88  0800               	movf	0,w
  2439     0A89  0384               	decf	4,f
  2440     0A8A  00A1               	movwf	clcd_print@str+1
  2441     0A8B  30D1               	movlw	209
  2442     0A8C  00A2               	movwf	clcd_print@addr
  2443     0A8D  160A  118A  2515  120A  158A  	fcall	_clcd_print
  2444                           
  2445                           ;../../Washing Machine/Washing-Machine-Simulator-PIC16F877A-master/Source files/washing_
      +                          machine_function_def.c: 49:     }
  2446     0A92  2B14               	goto	l73
  2447     0A93                     l3424:
  2448     0A93  300A               	movlw	10
  2449     0A94  066F               	xorwf	_program_no,w
  2450     0A95  1D03               	btfss	3,2
  2451     0A96  2A98               	goto	u4211
  2452     0A97  2A99               	goto	u4210
  2453     0A98                     u4211:
  2454     0A98  2AD5               	goto	l3428
  2455     0A99                     u4210:
  2456     0A99                     l3426:
  2457                           
  2458                           ;../../Washing Machine/Washing-Machine-Simulator-PIC16F877A-master/Source files/washing_
      +                          machine_function_def.c: 51:       clcd_print(washing_program[program_no],(0xC0 + 1));
  2459     0A99  086F               	movf	_program_no,w
  2460     0A9A  00A3               	movwf	??_washing_program_
  2461     0A9B  0723               	addwf	??_washing_program_,w
  2462     0A9C  3EA0               	addlw	(low (_washing_program| 0))& (0+255)
  2463     0A9D  0084               	movwf	4
  2464     0A9E  1383               	bcf	3,7	;select IRP bank1
  2465     0A9F  0800               	movf	0,w
  2466     0AA0  00A0               	movwf	clcd_print@str
  2467     0AA1  0A84               	incf	4,f
  2468     0AA2  0800               	movf	0,w
  2469     0AA3  0384               	decf	4,f
  2470     0AA4  00A1               	movwf	clcd_print@str+1
  2471     0AA5  30C1               	movlw	193
  2472     0AA6  00A2               	movwf	clcd_print@addr
  2473     0AA7  160A  118A  2515  120A  158A  	fcall	_clcd_print
  2474                           
  2475                           ;../../Washing Machine/Washing-Machine-Simulator-PIC16F877A-master/Source files/washing_
      +                          machine_function_def.c: 52:       clcd_print(washing_program[program_no+1],(0x90 + 1));
  2476     0AAC  1283               	bcf	3,5	;RP0=0, select bank0
  2477     0AAD  1303               	bcf	3,6	;RP1=0, select bank0
  2478     0AAE  086F               	movf	_program_no,w
  2479     0AAF  00A3               	movwf	??_washing_program_
  2480     0AB0  0723               	addwf	??_washing_program_,w
  2481     0AB1  3EA2               	addlw	(low ((_washing_program| 0+2)))& (0+255)
  2482     0AB2  0084               	movwf	4
  2483     0AB3  1383               	bcf	3,7	;select IRP bank1
  2484     0AB4  0800               	movf	0,w
  2485     0AB5  00A0               	movwf	clcd_print@str
  2486     0AB6  0A84               	incf	4,f
  2487     0AB7  0800               	movf	0,w
  2488     0AB8  0384               	decf	4,f
  2489     0AB9  00A1               	movwf	clcd_print@str+1
  2490     0ABA  3091               	movlw	145
  2491     0ABB  00A2               	movwf	clcd_print@addr
  2492     0ABC  160A  118A  2515  120A  158A  	fcall	_clcd_print
  2493                           
  2494                           ;../../Washing Machine/Washing-Machine-Simulator-PIC16F877A-master/Source files/washing_
      +                          machine_function_def.c: 53:       clcd_print(washing_program[0],(0xD0 + 1));
  2495     0AC1  1683               	bsf	3,5	;RP0=1, select bank1
  2496     0AC2  1303               	bcf	3,6	;RP1=0, select bank1
  2497     0AC3  0820               	movf	_washing_program^(0+128),w
  2498     0AC4  1283               	bcf	3,5	;RP0=0, select bank0
  2499     0AC5  1303               	bcf	3,6	;RP1=0, select bank0
  2500     0AC6  00A0               	movwf	clcd_print@str
  2501     0AC7  1683               	bsf	3,5	;RP0=1, select bank1
  2502     0AC8  1303               	bcf	3,6	;RP1=0, select bank1
  2503     0AC9  0821               	movf	(_washing_program+1)^(0+128),w
  2504     0ACA  1283               	bcf	3,5	;RP0=0, select bank0
  2505     0ACB  1303               	bcf	3,6	;RP1=0, select bank0
  2506     0ACC  00A1               	movwf	clcd_print@str+1
  2507     0ACD  30D1               	movlw	209
  2508     0ACE  00A2               	movwf	clcd_print@addr
  2509     0ACF  160A  118A  2515  120A  158A  	fcall	_clcd_print
  2510                           
  2511                           ;../../Washing Machine/Washing-Machine-Simulator-PIC16F877A-master/Source files/washing_
      +                          machine_function_def.c: 54:     }
  2512     0AD4  2B14               	goto	l73
  2513     0AD5                     l3428:
  2514     0AD5  300B               	movlw	11
  2515     0AD6  066F               	xorwf	_program_no,w
  2516     0AD7  1D03               	btfss	3,2
  2517     0AD8  2ADA               	goto	u4221
  2518     0AD9  2ADB               	goto	u4220
  2519     0ADA                     u4221:
  2520     0ADA  2B14               	goto	l73
  2521     0ADB                     u4220:
  2522     0ADB                     l3430:
  2523                           
  2524                           ;../../Washing Machine/Washing-Machine-Simulator-PIC16F877A-master/Source files/washing_
      +                          machine_function_def.c: 56:       clcd_print(washing_program[program_no],(0xC0 + 1));
  2525     0ADB  086F               	movf	_program_no,w
  2526     0ADC  00A3               	movwf	??_washing_program_
  2527     0ADD  0723               	addwf	??_washing_program_,w
  2528     0ADE  3EA0               	addlw	(low (_washing_program| 0))& (0+255)
  2529     0ADF  0084               	movwf	4
  2530     0AE0  1383               	bcf	3,7	;select IRP bank1
  2531     0AE1  0800               	movf	0,w
  2532     0AE2  00A0               	movwf	clcd_print@str
  2533     0AE3  0A84               	incf	4,f
  2534     0AE4  0800               	movf	0,w
  2535     0AE5  0384               	decf	4,f
  2536     0AE6  00A1               	movwf	clcd_print@str+1
  2537     0AE7  30C1               	movlw	193
  2538     0AE8  00A2               	movwf	clcd_print@addr
  2539     0AE9  160A  118A  2515  120A  158A  	fcall	_clcd_print
  2540                           
  2541                           ;../../Washing Machine/Washing-Machine-Simulator-PIC16F877A-master/Source files/washing_
      +                          machine_function_def.c: 57:       clcd_print(washing_program[0],(0x90 + 1));
  2542     0AEE  1683               	bsf	3,5	;RP0=1, select bank1
  2543     0AEF  1303               	bcf	3,6	;RP1=0, select bank1
  2544     0AF0  0820               	movf	_washing_program^(0+128),w
  2545     0AF1  1283               	bcf	3,5	;RP0=0, select bank0
  2546     0AF2  1303               	bcf	3,6	;RP1=0, select bank0
  2547     0AF3  00A0               	movwf	clcd_print@str
  2548     0AF4  1683               	bsf	3,5	;RP0=1, select bank1
  2549     0AF5  1303               	bcf	3,6	;RP1=0, select bank1
  2550     0AF6  0821               	movf	(_washing_program+1)^(0+128),w
  2551     0AF7  1283               	bcf	3,5	;RP0=0, select bank0
  2552     0AF8  1303               	bcf	3,6	;RP1=0, select bank0
  2553     0AF9  00A1               	movwf	clcd_print@str+1
  2554     0AFA  3091               	movlw	145
  2555     0AFB  00A2               	movwf	clcd_print@addr
  2556     0AFC  160A  118A  2515  120A  158A  	fcall	_clcd_print
  2557                           
  2558                           ;../../Washing Machine/Washing-Machine-Simulator-PIC16F877A-master/Source files/washing_
      +                          machine_function_def.c: 58:       clcd_print(washing_program[1],(0xD0 + 1));
  2559     0B01  1683               	bsf	3,5	;RP0=1, select bank1
  2560     0B02  1303               	bcf	3,6	;RP1=0, select bank1
  2561     0B03  0822               	movf	(low ((_washing_program| 0+2)))^(0+128),w
  2562     0B04  1283               	bcf	3,5	;RP0=0, select bank0
  2563     0B05  1303               	bcf	3,6	;RP1=0, select bank0
  2564     0B06  00A0               	movwf	clcd_print@str
  2565     0B07  1683               	bsf	3,5	;RP0=1, select bank1
  2566     0B08  1303               	bcf	3,6	;RP1=0, select bank1
  2567     0B09  0823               	movf	((low ((_washing_program| 0+2))+1))^(0+128),w
  2568     0B0A  1283               	bcf	3,5	;RP0=0, select bank0
  2569     0B0B  1303               	bcf	3,6	;RP1=0, select bank0
  2570     0B0C  00A1               	movwf	clcd_print@str+1
  2571     0B0D  30D1               	movlw	209
  2572     0B0E  00A2               	movwf	clcd_print@addr
  2573     0B0F  160A  118A  2515  120A  158A  	fcall	_clcd_print
  2574     0B14                     l73:
  2575     0B14  0008               	return
  2576     0B15                     __end_of_washing_program_:
  2577                           
  2578                           	psect	text3
  2579     0039                     __ptext3:	
  2580 ;; *************** function _start *****************
  2581 ;; Defined at:
  2582 ;;		line 261 in file "../../Washing Machine/Washing-Machine-Simulator-PIC16F877A-master/Source files/washing_machine_fun
      +ction_def.c"
  2583 ;; Parameters:    Size  Location     Type
  2584 ;;  key             1    wreg     unsigned char 
  2585 ;; Auto vars:     Size  Location     Type
  2586 ;;  key             1   64[BANK0 ] unsigned char 
  2587 ;; Return value:  Size  Location     Type
  2588 ;;                  1    wreg      void 
  2589 ;; Registers used:
  2590 ;;		wreg, fsr0l, fsr0h, status,2, status,0, btemp+1, pclath, cstack
  2591 ;; Tracked objects:
  2592 ;;		On entry : 0/0
  2593 ;;		On exit  : 0/0
  2594 ;;		Unchanged: 0/0
  2595 ;; Data sizes:     COMMON   BANK0   BANK1   BANK3   BANK2
  2596 ;;      Params:         0       0       0       0       0
  2597 ;;      Locals:         0       1       0       0       0
  2598 ;;      Temps:          0      12       0       0       0
  2599 ;;      Totals:         0      13       0       0       0
  2600 ;;Total ram usage:       13 bytes
  2601 ;; Hardware stack levels used: 1
  2602 ;; Hardware stack levels required when called: 4
  2603 ;; This function calls:
  2604 ;;		___awdiv
  2605 ;;		___awmod
  2606 ;;		___bmul
  2607 ;;		___flge
  2608 ;;		___flmul
  2609 ;;		___flsub
  2610 ;;		___fltol
  2611 ;;		___xxtofl
  2612 ;;		_clcd_print
  2613 ;;		_clcd_putch
  2614 ;;		_clear_clcd
  2615 ;;		_door_status_check
  2616 ;; This function is called by:
  2617 ;;		_main
  2618 ;; This function uses a non-reentrant model
  2619 ;;
  2620                           
  2621     0039                     _start:	
  2622                           ;psect for function _start
  2623                           
  2624                           
  2625                           ;incstack = 0
  2626                           ; Regs used in _start: [wreg-fsr0h+status,2+status,0+btemp+1+pclath+cstack]
  2627                           ;start@key stored from wreg
  2628     0039  1283               	bcf	3,5	;RP0=0, select bank0
  2629     003A  1303               	bcf	3,6	;RP1=0, select bank0
  2630     003B  00E0               	movwf	start@key
  2631     003C                     l3446:
  2632                           
  2633                           ;../../Washing Machine/Washing-Machine-Simulator-PIC16F877A-master/Source files/washing_
      +                          machine_function_def.c: 262:     door_status_check();
  2634     003C  160A  118A  26B0  120A  118A  	fcall	_door_status_check
  2635     0041                     l3448:
  2636                           
  2637                           ;../../Washing Machine/Washing-Machine-Simulator-PIC16F877A-master/Source files/washing_
      +                          machine_function_def.c: 263:     if(reset_flag == 0x33){
  2638     0041  3033               	movlw	51
  2639     0042  1683               	bsf	3,5	;RP0=1, select bank1
  2640     0043  1303               	bcf	3,6	;RP1=0, select bank1
  2641     0044  0646               	xorwf	_reset_flag^(0+128),w
  2642     0045  0447               	iorwf	(_reset_flag+1)^(0+128),w
  2643     0046  1D03               	btfss	3,2
  2644     0047  2849               	goto	u4251
  2645     0048  284A               	goto	u4250
  2646     0049                     u4251:
  2647     0049  2A0D               	goto	l3494
  2648     004A                     u4250:
  2649     004A                     l3450:
  2650                           
  2651                           ;../../Washing Machine/Washing-Machine-Simulator-PIC16F877A-master/Source files/washing_
      +                          machine_function_def.c: 264:         clear_clcd();
  2652     004A  160A  118A  2433  120A  118A  	fcall	_clear_clcd
  2653     004F                     l3452:
  2654                           
  2655                           ;../../Washing Machine/Washing-Machine-Simulator-PIC16F877A-master/Source files/washing_
      +                          machine_function_def.c: 265:         clcd_print("Prog:",(0xC0 + 0));
  2656     004F  303C               	movlw	low (STR_22| (0+32768))
  2657     0050  1283               	bcf	3,5	;RP0=0, select bank0
  2658     0051  1303               	bcf	3,6	;RP1=0, select bank0
  2659     0052  00A0               	movwf	clcd_print@str
  2660     0053  3091               	movlw	high (STR_22| (0+32768))
  2661     0054  00A1               	movwf	clcd_print@str+1
  2662     0055  30C0               	movlw	192
  2663     0056  00A2               	movwf	clcd_print@addr
  2664     0057  160A  118A  2515  120A  118A  	fcall	_clcd_print
  2665     005C                     l3454:
  2666                           
  2667                           ;../../Washing Machine/Washing-Machine-Simulator-PIC16F877A-master/Source files/washing_
      +                          machine_function_def.c: 266:         clcd_print(washing_program[program_no],(0xC0 + 6));
  2668     005C  1283               	bcf	3,5	;RP0=0, select bank0
  2669     005D  1303               	bcf	3,6	;RP1=0, select bank0
  2670     005E  086F               	movf	_program_no,w
  2671     005F  00D4               	movwf	??_start
  2672     0060  0754               	addwf	??_start,w
  2673     0061  3EA0               	addlw	(low (_washing_program| 0))& (0+255)
  2674     0062  0084               	movwf	4
  2675     0063  1383               	bcf	3,7	;select IRP bank1
  2676     0064  0800               	movf	0,w
  2677     0065  00A0               	movwf	clcd_print@str
  2678     0066  0A84               	incf	4,f
  2679     0067  0800               	movf	0,w
  2680     0068  0384               	decf	4,f
  2681     0069  00A1               	movwf	clcd_print@str+1
  2682     006A  30C6               	movlw	198
  2683     006B  00A2               	movwf	clcd_print@addr
  2684     006C  160A  118A  2515  120A  118A  	fcall	_clcd_print
  2685     0071                     l3456:
  2686                           
  2687                           ;../../Washing Machine/Washing-Machine-Simulator-PIC16F877A-master/Source files/washing_
      +                          machine_function_def.c: 267:         clcd_print("TIME:",(0x90 + 0));
  2688     0071  3036               	movlw	low (STR_23| (0+32768))
  2689     0072  1283               	bcf	3,5	;RP0=0, select bank0
  2690     0073  1303               	bcf	3,6	;RP1=0, select bank0
  2691     0074  00A0               	movwf	clcd_print@str
  2692     0075  3091               	movlw	high (STR_23| (0+32768))
  2693     0076  00A1               	movwf	clcd_print@str+1
  2694     0077  3090               	movlw	144
  2695     0078  00A2               	movwf	clcd_print@addr
  2696     0079  160A  118A  2515  120A  118A  	fcall	_clcd_print
  2697     007E                     l3458:
  2698                           
  2699                           ;../../Washing Machine/Washing-Machine-Simulator-PIC16F877A-master/Source files/washing_
      +                          machine_function_def.c: 268:         clcd_putch(min/10 +'0',(0x90 + 6));
  2700     007E  3096               	movlw	150
  2701     007F  1283               	bcf	3,5	;RP0=0, select bank0
  2702     0080  1303               	bcf	3,6	;RP1=0, select bank0
  2703     0081  00A0               	movwf	clcd_putch@addr
  2704     0082  300A               	movlw	10
  2705     0083  00F2               	movwf	___awdiv@divisor
  2706     0084  3000               	movlw	0
  2707     0085  00F3               	movwf	___awdiv@divisor+1
  2708     0086  086C               	movf	_min,w
  2709     0087  00D4               	movwf	??_start
  2710     0088  01D5               	clrf	??_start+1
  2711     0089  0854               	movf	??_start,w
  2712     008A  00F4               	movwf	___awdiv@dividend
  2713     008B  0855               	movf	??_start+1,w
  2714     008C  00F5               	movwf	___awdiv@dividend+1
  2715     008D  160A  118A  264D  120A  118A  	fcall	___awdiv
  2716     0092  0872               	movf	?___awdiv,w
  2717     0093  3E30               	addlw	48
  2718     0094  160A  118A  246A  120A  118A  	fcall	_clcd_putch
  2719     0099                     l3460:
  2720                           
  2721                           ;../../Washing Machine/Washing-Machine-Simulator-PIC16F877A-master/Source files/washing_
      +                          machine_function_def.c: 269:         clcd_putch(min%10 + '0',(0x90 + 7));
  2722     0099  3097               	movlw	151
  2723     009A  1283               	bcf	3,5	;RP0=0, select bank0
  2724     009B  1303               	bcf	3,6	;RP1=0, select bank0
  2725     009C  00A0               	movwf	clcd_putch@addr
  2726     009D  300A               	movlw	10
  2727     009E  00F2               	movwf	___awmod@divisor
  2728     009F  3000               	movlw	0
  2729     00A0  00F3               	movwf	___awmod@divisor+1
  2730     00A1  086C               	movf	_min,w
  2731     00A2  00D4               	movwf	??_start
  2732     00A3  01D5               	clrf	??_start+1
  2733     00A4  0854               	movf	??_start,w
  2734     00A5  00F4               	movwf	___awmod@dividend
  2735     00A6  0855               	movf	??_start+1,w
  2736     00A7  00F5               	movwf	___awmod@dividend+1
  2737     00A8  160A  118A  25F6  120A  118A  	fcall	___awmod
  2738     00AD  0872               	movf	?___awmod,w
  2739     00AE  3E30               	addlw	48
  2740     00AF  160A  118A  246A  120A  118A  	fcall	_clcd_putch
  2741     00B4                     l3462:
  2742                           
  2743                           ;../../Washing Machine/Washing-Machine-Simulator-PIC16F877A-master/Source files/washing_
      +                          machine_function_def.c: 270:         clcd_putch(':',(0x90 + 8));
  2744     00B4  3098               	movlw	152
  2745     00B5  1283               	bcf	3,5	;RP0=0, select bank0
  2746     00B6  1303               	bcf	3,6	;RP1=0, select bank0
  2747     00B7  00A0               	movwf	clcd_putch@addr
  2748     00B8  303A               	movlw	58
  2749     00B9  160A  118A  246A  120A  118A  	fcall	_clcd_putch
  2750     00BE                     l3464:
  2751                           
  2752                           ;../../Washing Machine/Washing-Machine-Simulator-PIC16F877A-master/Source files/washing_
      +                          machine_function_def.c: 271:         clcd_putch(sec/10 +'0',(0x90 + 9));
  2753     00BE  3099               	movlw	153
  2754     00BF  1283               	bcf	3,5	;RP0=0, select bank0
  2755     00C0  1303               	bcf	3,6	;RP1=0, select bank0
  2756     00C1  00A0               	movwf	clcd_putch@addr
  2757     00C2  300A               	movlw	10
  2758     00C3  00F2               	movwf	___awdiv@divisor
  2759     00C4  3000               	movlw	0
  2760     00C5  00F3               	movwf	___awdiv@divisor+1
  2761     00C6  086D               	movf	_sec,w
  2762     00C7  00D4               	movwf	??_start
  2763     00C8  01D5               	clrf	??_start+1
  2764     00C9  0854               	movf	??_start,w
  2765     00CA  00F4               	movwf	___awdiv@dividend
  2766     00CB  0855               	movf	??_start+1,w
  2767     00CC  00F5               	movwf	___awdiv@dividend+1
  2768     00CD  160A  118A  264D  120A  118A  	fcall	___awdiv
  2769     00D2  0872               	movf	?___awdiv,w
  2770     00D3  3E30               	addlw	48
  2771     00D4  160A  118A  246A  120A  118A  	fcall	_clcd_putch
  2772     00D9                     l3466:
  2773                           
  2774                           ;../../Washing Machine/Washing-Machine-Simulator-PIC16F877A-master/Source files/washing_
      +                          machine_function_def.c: 272:         clcd_putch(sec%10 + '0',(0x90 + 10));
  2775     00D9  309A               	movlw	154
  2776     00DA  1283               	bcf	3,5	;RP0=0, select bank0
  2777     00DB  1303               	bcf	3,6	;RP1=0, select bank0
  2778     00DC  00A0               	movwf	clcd_putch@addr
  2779     00DD  300A               	movlw	10
  2780     00DE  00F2               	movwf	___awmod@divisor
  2781     00DF  3000               	movlw	0
  2782     00E0  00F3               	movwf	___awmod@divisor+1
  2783     00E1  086D               	movf	_sec,w
  2784     00E2  00D4               	movwf	??_start
  2785     00E3  01D5               	clrf	??_start+1
  2786     00E4  0854               	movf	??_start,w
  2787     00E5  00F4               	movwf	___awmod@dividend
  2788     00E6  0855               	movf	??_start+1,w
  2789     00E7  00F5               	movwf	___awmod@dividend+1
  2790     00E8  160A  118A  25F6  120A  118A  	fcall	___awmod
  2791     00ED  0872               	movf	?___awmod,w
  2792     00EE  3E30               	addlw	48
  2793     00EF  160A  118A  246A  120A  118A  	fcall	_clcd_putch
  2794     00F4                     l3468:
  2795                           
  2796                           ;../../Washing Machine/Washing-Machine-Simulator-PIC16F877A-master/Source files/washing_
      +                          machine_function_def.c: 273:         reset_flag = 0xFF;
  2797     00F4  30FF               	movlw	255
  2798     00F5  1683               	bsf	3,5	;RP0=1, select bank1
  2799     00F6  1303               	bcf	3,6	;RP1=0, select bank1
  2800     00F7  00C6               	movwf	_reset_flag^(0+128)
  2801     00F8  3000               	movlw	0
  2802     00F9  00C7               	movwf	(_reset_flag^(0+128)+1)
  2803     00FA                     l3470:
  2804                           
  2805                           ;../../Washing Machine/Washing-Machine-Simulator-PIC16F877A-master/Source files/washing_
      +                          machine_function_def.c: 275:         _delay((unsigned long)((2000)*(20000000/4000.0)));
  2806     00FA  3033               	movlw	51
  2807     00FB  1283               	bcf	3,5	;RP0=0, select bank0
  2808     00FC  1303               	bcf	3,6	;RP1=0, select bank0
  2809     00FD  00D6               	movwf	??_start+2
  2810     00FE  30BB               	movlw	187
  2811     00FF  00D5               	movwf	??_start+1
  2812     0100  30DF               	movlw	223
  2813     0101  00D4               	movwf	??_start
  2814     0102                     u4477:
  2815     0102  0BD4               	decfsz	??_start,f
  2816     0103  2902               	goto	u4477
  2817     0104  0BD5               	decfsz	??_start+1,f
  2818     0105  2902               	goto	u4477
  2819     0106  0BD6               	decfsz	??_start+2,f
  2820     0107  2902               	goto	u4477
  2821     0108                     l3472:
  2822                           
  2823                           ;../../Washing Machine/Washing-Machine-Simulator-PIC16F877A-master/Source files/washing_
      +                          machine_function_def.c: 276:         clear_clcd();
  2824     0108  160A  118A  2433  120A  118A  	fcall	_clear_clcd
  2825     010D                     l3474:
  2826                           
  2827                           ;../../Washing Machine/Washing-Machine-Simulator-PIC16F877A-master/Source files/washing_
      +                          machine_function_def.c: 278:         clcd_print("FUNCTION: ",(0x80 + 0));
  2828     010D  309E               	movlw	low (STR_24| (0+32768))
  2829     010E  1283               	bcf	3,5	;RP0=0, select bank0
  2830     010F  1303               	bcf	3,6	;RP1=0, select bank0
  2831     0110  00A0               	movwf	clcd_print@str
  2832     0111  3090               	movlw	high (STR_24| (0+32768))
  2833     0112  00A1               	movwf	clcd_print@str+1
  2834     0113  3080               	movlw	128
  2835     0114  00A2               	movwf	clcd_print@addr
  2836     0115  160A  118A  2515  120A  118A  	fcall	_clcd_print
  2837     011A                     l3476:
  2838                           
  2839                           ;../../Washing Machine/Washing-Machine-Simulator-PIC16F877A-master/Source files/washing_
      +                          machine_function_def.c: 279:         clcd_print("Time",(0xC0 + 0));
  2840     011A  305E               	movlw	low (STR_25| (0+32768))
  2841     011B  1283               	bcf	3,5	;RP0=0, select bank0
  2842     011C  1303               	bcf	3,6	;RP1=0, select bank0
  2843     011D  00A0               	movwf	clcd_print@str
  2844     011E  3091               	movlw	high (STR_25| (0+32768))
  2845     011F  00A1               	movwf	clcd_print@str+1
  2846     0120  30C0               	movlw	192
  2847     0121  00A2               	movwf	clcd_print@addr
  2848     0122  160A  118A  2515  120A  118A  	fcall	_clcd_print
  2849     0127                     l3478:
  2850                           
  2851                           ;../../Washing Machine/Washing-Machine-Simulator-PIC16F877A-master/Source files/washing_
      +                          machine_function_def.c: 280:         clcd_print("SW5: START",(0x90 + 0));
  2852     0127  30B4               	movlw	low (STR_26| (0+32768))
  2853     0128  1283               	bcf	3,5	;RP0=0, select bank0
  2854     0129  1303               	bcf	3,6	;RP1=0, select bank0
  2855     012A  00A0               	movwf	clcd_print@str
  2856     012B  3090               	movlw	high (STR_26| (0+32768))
  2857     012C  00A1               	movwf	clcd_print@str+1
  2858     012D  3090               	movlw	144
  2859     012E  00A2               	movwf	clcd_print@addr
  2860     012F  160A  118A  2515  120A  118A  	fcall	_clcd_print
  2861     0134                     l3480:
  2862                           
  2863                           ;../../Washing Machine/Washing-Machine-Simulator-PIC16F877A-master/Source files/washing_
      +                          machine_function_def.c: 281:         clcd_print("SW6: PAUSE",(0xD0 + 0));
  2864     0134  30A9               	movlw	low (STR_27| (0+32768))
  2865     0135  1283               	bcf	3,5	;RP0=0, select bank0
  2866     0136  1303               	bcf	3,6	;RP1=0, select bank0
  2867     0137  00A0               	movwf	clcd_print@str
  2868     0138  3090               	movlw	high (STR_27| (0+32768))
  2869     0139  00A1               	movwf	clcd_print@str+1
  2870     013A  30D0               	movlw	208
  2871     013B  00A2               	movwf	clcd_print@addr
  2872     013C  160A  118A  2515  120A  118A  	fcall	_clcd_print
  2873     0141                     l3482:
  2874                           
  2875                           ;../../Washing Machine/Washing-Machine-Simulator-PIC16F877A-master/Source files/washing_
      +                          machine_function_def.c: 282:         total_time = time = min*60+sec;
  2876     0141  303C               	movlw	60
  2877     0142  00F2               	movwf	___bmul@multiplicand
  2878     0143  1283               	bcf	3,5	;RP0=0, select bank0
  2879     0144  1303               	bcf	3,6	;RP1=0, select bank0
  2880     0145  086C               	movf	_min,w
  2881     0146  160A  118A  2444  120A  118A  	fcall	___bmul
  2882     014B  1283               	bcf	3,5	;RP0=0, select bank0
  2883     014C  1303               	bcf	3,6	;RP1=0, select bank0
  2884     014D  076D               	addwf	_sec,w
  2885     014E  00E9               	movwf	_time
  2886     014F  00EB               	movwf	_total_time
  2887     0150                     l3484:
  2888                           
  2889                           ;../../Washing Machine/Washing-Machine-Simulator-PIC16F877A-master/Source files/washing_
      +                          machine_function_def.c: 283:         wash_time = (int) total_time*0.46;
  2890     0150  086B               	movf	_total_time,w
  2891     0151  00D4               	movwf	??_start
  2892     0152  01D5               	clrf	??_start+1
  2893     0153  01D6               	clrf	??_start+2
  2894     0154  01D7               	clrf	??_start+3
  2895     0155  0857               	movf	??_start+3,w
  2896     0156  00F5               	movwf	___xxtofl@val+3
  2897     0157  0856               	movf	??_start+2,w
  2898     0158  00F4               	movwf	___xxtofl@val+2
  2899     0159  0855               	movf	??_start+1,w
  2900     015A  00F3               	movwf	___xxtofl@val+1
  2901     015B  0854               	movf	??_start,w
  2902     015C  00F2               	movwf	___xxtofl@val
  2903     015D  3001               	movlw	1
  2904     015E  120A  158A  2148  120A  118A  	fcall	___xxtofl
  2905     0163  0875               	movf	?___xxtofl+3,w
  2906     0164  1283               	bcf	3,5	;RP0=0, select bank0
  2907     0165  1303               	bcf	3,6	;RP1=0, select bank0
  2908     0166  00AD               	movwf	___flmul@a+3
  2909     0167  0874               	movf	?___xxtofl+2,w
  2910     0168  00AC               	movwf	___flmul@a+2
  2911     0169  0873               	movf	?___xxtofl+1,w
  2912     016A  00AB               	movwf	___flmul@a+1
  2913     016B  0872               	movf	?___xxtofl,w
  2914     016C  00AA               	movwf	___flmul@a
  2915     016D  303E               	movlw	62
  2916     016E  00A9               	movwf	___flmul@b+3
  2917     016F  30EB               	movlw	235
  2918     0170  00A8               	movwf	___flmul@b+2
  2919     0171  3085               	movlw	133
  2920     0172  00A7               	movwf	___flmul@b+1
  2921     0173  301F               	movlw	31
  2922     0174  00A6               	movwf	___flmul@b
  2923     0175  120A  118A  2415  120A  118A  	fcall	___flmul
  2924     017A  1283               	bcf	3,5	;RP0=0, select bank0
  2925     017B  1303               	bcf	3,6	;RP1=0, select bank0
  2926     017C  0829               	movf	?___flmul+3,w
  2927     017D  00C3               	movwf	___fltol@f1+3
  2928     017E  0828               	movf	?___flmul+2,w
  2929     017F  00C2               	movwf	___fltol@f1+2
  2930     0180  0827               	movf	?___flmul+1,w
  2931     0181  00C1               	movwf	___fltol@f1+1
  2932     0182  0826               	movf	?___flmul,w
  2933     0183  00C0               	movwf	___fltol@f1
  2934     0184  120A  158A  201F  120A  118A  	fcall	___fltol
  2935     0189  1283               	bcf	3,5	;RP0=0, select bank0
  2936     018A  1303               	bcf	3,6	;RP1=0, select bank0
  2937     018B  0840               	movf	?___fltol,w
  2938     018C  00EA               	movwf	_wash_time
  2939     018D                     l3486:
  2940                           
  2941                           ;../../Washing Machine/Washing-Machine-Simulator-PIC16F877A-master/Source files/washing_
      +                          machine_function_def.c: 284:         rinse_time = (int) total_time*0.12;
  2942     018D  086B               	movf	_total_time,w
  2943     018E  00D4               	movwf	??_start
  2944     018F  01D5               	clrf	??_start+1
  2945     0190  01D6               	clrf	??_start+2
  2946     0191  01D7               	clrf	??_start+3
  2947     0192  0857               	movf	??_start+3,w
  2948     0193  00F5               	movwf	___xxtofl@val+3
  2949     0194  0856               	movf	??_start+2,w
  2950     0195  00F4               	movwf	___xxtofl@val+2
  2951     0196  0855               	movf	??_start+1,w
  2952     0197  00F3               	movwf	___xxtofl@val+1
  2953     0198  0854               	movf	??_start,w
  2954     0199  00F2               	movwf	___xxtofl@val
  2955     019A  3001               	movlw	1
  2956     019B  120A  158A  2148  120A  118A  	fcall	___xxtofl
  2957     01A0  0875               	movf	?___xxtofl+3,w
  2958     01A1  1283               	bcf	3,5	;RP0=0, select bank0
  2959     01A2  1303               	bcf	3,6	;RP1=0, select bank0
  2960     01A3  00AD               	movwf	___flmul@a+3
  2961     01A4  0874               	movf	?___xxtofl+2,w
  2962     01A5  00AC               	movwf	___flmul@a+2
  2963     01A6  0873               	movf	?___xxtofl+1,w
  2964     01A7  00AB               	movwf	___flmul@a+1
  2965     01A8  0872               	movf	?___xxtofl,w
  2966     01A9  00AA               	movwf	___flmul@a
  2967     01AA  303D               	movlw	61
  2968     01AB  00A9               	movwf	___flmul@b+3
  2969     01AC  30F5               	movlw	245
  2970     01AD  00A8               	movwf	___flmul@b+2
  2971     01AE  30C2               	movlw	194
  2972     01AF  00A7               	movwf	___flmul@b+1
  2973     01B0  308F               	movlw	143
  2974     01B1  00A6               	movwf	___flmul@b
  2975     01B2  120A  118A  2415  120A  118A  	fcall	___flmul
  2976     01B7  1283               	bcf	3,5	;RP0=0, select bank0
  2977     01B8  1303               	bcf	3,6	;RP1=0, select bank0
  2978     01B9  0829               	movf	?___flmul+3,w
  2979     01BA  00C3               	movwf	___fltol@f1+3
  2980     01BB  0828               	movf	?___flmul+2,w
  2981     01BC  00C2               	movwf	___fltol@f1+2
  2982     01BD  0827               	movf	?___flmul+1,w
  2983     01BE  00C1               	movwf	___fltol@f1+1
  2984     01BF  0826               	movf	?___flmul,w
  2985     01C0  00C0               	movwf	___fltol@f1
  2986     01C1  120A  158A  201F  120A  118A  	fcall	___fltol
  2987     01C6  1283               	bcf	3,5	;RP0=0, select bank0
  2988     01C7  1303               	bcf	3,6	;RP1=0, select bank0
  2989     01C8  0840               	movf	?___fltol,w
  2990     01C9  1683               	bsf	3,5	;RP0=1, select bank1
  2991     01CA  1303               	bcf	3,6	;RP1=0, select bank1
  2992     01CB  00CD               	movwf	_rinse_time^(0+128)
  2993     01CC                     l3488:
  2994                           
  2995                           ;../../Washing Machine/Washing-Machine-Simulator-PIC16F877A-master/Source files/washing_
      +                          machine_function_def.c: 285:         spin_time = (int) total_time*0.42;
  2996     01CC  1283               	bcf	3,5	;RP0=0, select bank0
  2997     01CD  1303               	bcf	3,6	;RP1=0, select bank0
  2998     01CE  086B               	movf	_total_time,w
  2999     01CF  00D4               	movwf	??_start
  3000     01D0  01D5               	clrf	??_start+1
  3001     01D1  01D6               	clrf	??_start+2
  3002     01D2  01D7               	clrf	??_start+3
  3003     01D3  0857               	movf	??_start+3,w
  3004     01D4  00F5               	movwf	___xxtofl@val+3
  3005     01D5  0856               	movf	??_start+2,w
  3006     01D6  00F4               	movwf	___xxtofl@val+2
  3007     01D7  0855               	movf	??_start+1,w
  3008     01D8  00F3               	movwf	___xxtofl@val+1
  3009     01D9  0854               	movf	??_start,w
  3010     01DA  00F2               	movwf	___xxtofl@val
  3011     01DB  3001               	movlw	1
  3012     01DC  120A  158A  2148  120A  118A  	fcall	___xxtofl
  3013     01E1  0875               	movf	?___xxtofl+3,w
  3014     01E2  1283               	bcf	3,5	;RP0=0, select bank0
  3015     01E3  1303               	bcf	3,6	;RP1=0, select bank0
  3016     01E4  00AD               	movwf	___flmul@a+3
  3017     01E5  0874               	movf	?___xxtofl+2,w
  3018     01E6  00AC               	movwf	___flmul@a+2
  3019     01E7  0873               	movf	?___xxtofl+1,w
  3020     01E8  00AB               	movwf	___flmul@a+1
  3021     01E9  0872               	movf	?___xxtofl,w
  3022     01EA  00AA               	movwf	___flmul@a
  3023     01EB  303E               	movlw	62
  3024     01EC  00A9               	movwf	___flmul@b+3
  3025     01ED  30D7               	movlw	215
  3026     01EE  00A8               	movwf	___flmul@b+2
  3027     01EF  300A               	movlw	10
  3028     01F0  00A7               	movwf	___flmul@b+1
  3029     01F1  303D               	movlw	61
  3030     01F2  00A6               	movwf	___flmul@b
  3031     01F3  120A  118A  2415  120A  118A  	fcall	___flmul
  3032     01F8  1283               	bcf	3,5	;RP0=0, select bank0
  3033     01F9  1303               	bcf	3,6	;RP1=0, select bank0
  3034     01FA  0829               	movf	?___flmul+3,w
  3035     01FB  00C3               	movwf	___fltol@f1+3
  3036     01FC  0828               	movf	?___flmul+2,w
  3037     01FD  00C2               	movwf	___fltol@f1+2
  3038     01FE  0827               	movf	?___flmul+1,w
  3039     01FF  00C1               	movwf	___fltol@f1+1
  3040     0200  0826               	movf	?___flmul,w
  3041     0201  00C0               	movwf	___fltol@f1
  3042     0202  120A  158A  201F  120A  118A  	fcall	___fltol
  3043     0207  1283               	bcf	3,5	;RP0=0, select bank0
  3044     0208  1303               	bcf	3,6	;RP1=0, select bank0
  3045     0209  0840               	movf	?___fltol,w
  3046     020A  00FA               	movwf	_spin_time
  3047     020B                     l3490:
  3048                           
  3049                           ;../../Washing Machine/Washing-Machine-Simulator-PIC16F877A-master/Source files/washing_
      +                          machine_function_def.c: 286:         TMR2ON = 1;
  3050     020B  1512               	bsf	18,2	;volatile
  3051     020C                     l3492:
  3052                           
  3053                           ;../../Washing Machine/Washing-Machine-Simulator-PIC16F877A-master/Source files/washing_
      +                          machine_function_def.c: 287:         RC2 = 1;
  3054     020C  1507               	bsf	7,2	;volatile
  3055     020D                     l3494:
  3056                           
  3057                           ;../../Washing Machine/Washing-Machine-Simulator-PIC16F877A-master/Source files/washing_
      +                          machine_function_def.c: 290:     if( key == 0x1F ){
  3058     020D  301F               	movlw	31
  3059     020E  1283               	bcf	3,5	;RP0=0, select bank0
  3060     020F  0660               	xorwf	start@key,w
  3061     0210  1D03               	btfss	3,2
  3062     0211  2A13               	goto	u4261
  3063     0212  2A14               	goto	u4260
  3064     0213                     u4261:
  3065     0213  2A1C               	goto	l3500
  3066     0214                     u4260:
  3067     0214                     l3496:
  3068                           
  3069                           ;../../Washing Machine/Washing-Machine-Simulator-PIC16F877A-master/Source files/washing_
      +                          machine_function_def.c: 291:             TMR2ON = 0;
  3070     0214  1112               	bcf	18,2	;volatile
  3071                           
  3072                           ;../../Washing Machine/Washing-Machine-Simulator-PIC16F877A-master/Source files/washing_
      +                          machine_function_def.c: 292:             RC2 = 0;
  3073     0215  1107               	bcf	7,2	;volatile
  3074     0216                     l3498:
  3075                           
  3076                           ;../../Washing Machine/Washing-Machine-Simulator-PIC16F877A-master/Source files/washing_
      +                          machine_function_def.c: 293:             operational_state = 0x44;
  3077     0216  3044               	movlw	68
  3078     0217  1683               	bsf	3,5	;RP0=1, select bank1
  3079     0218  1303               	bcf	3,6	;RP1=0, select bank1
  3080     0219  00C4               	movwf	_operational_state^(0+128)
  3081     021A  3000               	movlw	0
  3082     021B  00C5               	movwf	(_operational_state^(0+128)+1)
  3083     021C                     l3500:
  3084                           
  3085                           ;../../Washing Machine/Washing-Machine-Simulator-PIC16F877A-master/Source files/washing_
      +                          machine_function_def.c: 297:     total_time= min*60+sec;
  3086     021C  303C               	movlw	60
  3087     021D  00F2               	movwf	___bmul@multiplicand
  3088     021E  1283               	bcf	3,5	;RP0=0, select bank0
  3089     021F  086C               	movf	_min,w
  3090     0220  160A  118A  2444  120A  118A  	fcall	___bmul
  3091     0225  1283               	bcf	3,5	;RP0=0, select bank0
  3092     0226  1303               	bcf	3,6	;RP1=0, select bank0
  3093     0227  076D               	addwf	_sec,w
  3094     0228  00EB               	movwf	_total_time
  3095     0229                     l3502:
  3096                           
  3097                           ;../../Washing Machine/Washing-Machine-Simulator-PIC16F877A-master/Source files/washing_
      +                          machine_function_def.c: 298:     if(program_no<=7){
  3098     0229  3008               	movlw	8
  3099     022A  026F               	subwf	_program_no,w
  3100     022B  1803               	skipnc
  3101     022C  2A2E               	goto	u4271
  3102     022D  2A2F               	goto	u4270
  3103     022E                     u4271:
  3104     022E  2A8C               	goto	l3514
  3105     022F                     u4270:
  3106     022F                     l3504:
  3107                           
  3108                           ;../../Washing Machine/Washing-Machine-Simulator-PIC16F877A-master/Source files/washing_
      +                          machine_function_def.c: 299:         if(total_time >= (time - wash_time)){
  3109     022F  0869               	movf	_time,w
  3110     0230  00D4               	movwf	??_start
  3111     0231  01D5               	clrf	??_start+1
  3112     0232  0855               	movf	??_start+1,w
  3113     0233  00D7               	movwf	??_start+3
  3114     0234  086A               	movf	_wash_time,w
  3115     0235  0254               	subwf	??_start,w
  3116     0236  00D6               	movwf	??_start+2
  3117     0237  1C03               	skipc
  3118     0238  03D7               	decf	??_start+3,f
  3119     0239  0857               	movf	??_start+3,w
  3120     023A  3A80               	xorlw	128
  3121     023B  3C80               	sublw	128
  3122     023C  1D03               	skipz
  3123     023D  2A40               	goto	u4285
  3124     023E  0856               	movf	??_start+2,w
  3125     023F  026B               	subwf	_total_time,w
  3126     0240                     u4285:
  3127     0240  1C03               	skipc
  3128     0241  2A43               	goto	u4281
  3129     0242  2A44               	goto	u4280
  3130     0243                     u4281:
  3131     0243  2A52               	goto	l3508
  3132     0244                     u4280:
  3133     0244                     l3506:
  3134                           
  3135                           ;../../Washing Machine/Washing-Machine-Simulator-PIC16F877A-master/Source files/washing_
      +                          machine_function_def.c: 300:             clcd_print("wash",(0x80 + 10));
  3136     0244  30D0               	movlw	low ((STR_5+6)| (0+32768))
  3137     0245  1283               	bcf	3,5	;RP0=0, select bank0
  3138     0246  1303               	bcf	3,6	;RP1=0, select bank0
  3139     0247  00A0               	movwf	clcd_print@str
  3140     0248  3090               	movlw	high ((STR_5+6)| (0+32768))
  3141     0249  00A1               	movwf	clcd_print@str+1
  3142     024A  308A               	movlw	138
  3143     024B  00A2               	movwf	clcd_print@addr
  3144     024C  160A  118A  2515  120A  118A  	fcall	_clcd_print
  3145                           
  3146                           ;../../Washing Machine/Washing-Machine-Simulator-PIC16F877A-master/Source files/washing_
      +                          machine_function_def.c: 301:         }
  3147     0251  2B51               	goto	l3528
  3148     0252                     l3508:
  3149     0252  1283               	bcf	3,5	;RP0=0, select bank0
  3150     0253  1303               	bcf	3,6	;RP1=0, select bank0
  3151     0254  0869               	movf	_time,w
  3152     0255  00D4               	movwf	??_start
  3153     0256  01D5               	clrf	??_start+1
  3154     0257  0855               	movf	??_start+1,w
  3155     0258  00D7               	movwf	??_start+3
  3156     0259  086A               	movf	_wash_time,w
  3157     025A  0254               	subwf	??_start,w
  3158     025B  00D6               	movwf	??_start+2
  3159     025C  1C03               	skipc
  3160     025D  03D7               	decf	??_start+3,f
  3161     025E  0857               	movf	??_start+3,w
  3162     025F  00D9               	movwf	??_start+5
  3163     0260  087A               	movf	_spin_time,w
  3164     0261  0256               	subwf	??_start+2,w
  3165     0262  00D8               	movwf	??_start+4
  3166     0263  1C03               	skipc
  3167     0264  03D9               	decf	??_start+5,f
  3168     0265  0859               	movf	??_start+5,w
  3169     0266  3A80               	xorlw	128
  3170     0267  3C80               	sublw	128
  3171     0268  1D03               	skipz
  3172     0269  2A6C               	goto	u4295
  3173     026A  0858               	movf	??_start+4,w
  3174     026B  026B               	subwf	_total_time,w
  3175     026C                     u4295:
  3176     026C  1C03               	skipc
  3177     026D  2A6F               	goto	u4291
  3178     026E  2A70               	goto	u4290
  3179     026F                     u4291:
  3180     026F  2A7E               	goto	l3512
  3181     0270                     u4290:
  3182     0270                     l3510:
  3183                           
  3184                           ;../../Washing Machine/Washing-Machine-Simulator-PIC16F877A-master/Source files/washing_
      +                          machine_function_def.c: 303:             clcd_print("rinse",(0x80 + 10));
  3185     0270  3042               	movlw	low (STR_29| (0+32768))
  3186     0271  1283               	bcf	3,5	;RP0=0, select bank0
  3187     0272  1303               	bcf	3,6	;RP1=0, select bank0
  3188     0273  00A0               	movwf	clcd_print@str
  3189     0274  3091               	movlw	high (STR_29| (0+32768))
  3190     0275  00A1               	movwf	clcd_print@str+1
  3191     0276  308A               	movlw	138
  3192     0277  00A2               	movwf	clcd_print@addr
  3193     0278  160A  118A  2515  120A  118A  	fcall	_clcd_print
  3194                           
  3195                           ;../../Washing Machine/Washing-Machine-Simulator-PIC16F877A-master/Source files/washing_
      +                          machine_function_def.c: 304:         }
  3196     027D  2B51               	goto	l3528
  3197     027E                     l3512:
  3198                           
  3199                           ;../../Washing Machine/Washing-Machine-Simulator-PIC16F877A-master/Source files/washing_
      +                          machine_function_def.c: 306:             clcd_print("spin ",(0x80 + 10));
  3200     027E  3030               	movlw	low (STR_30| (0+32768))
  3201     027F  1283               	bcf	3,5	;RP0=0, select bank0
  3202     0280  1303               	bcf	3,6	;RP1=0, select bank0
  3203     0281  00A0               	movwf	clcd_print@str
  3204     0282  3091               	movlw	high (STR_30| (0+32768))
  3205     0283  00A1               	movwf	clcd_print@str+1
  3206     0284  308A               	movlw	138
  3207     0285  00A2               	movwf	clcd_print@addr
  3208     0286  160A  118A  2515  120A  118A  	fcall	_clcd_print
  3209     028B  2B51               	goto	l3528
  3210     028C                     l3514:
  3211     028C  3008               	movlw	8
  3212     028D  066F               	xorwf	_program_no,w
  3213     028E  1D03               	btfss	3,2
  3214     028F  2A91               	goto	u4301
  3215     0290  2A92               	goto	u4300
  3216     0291                     u4301:
  3217     0291  2B34               	goto	l3522
  3218     0292                     u4300:
  3219     0292                     l3516:
  3220                           
  3221                           ;../../Washing Machine/Washing-Machine-Simulator-PIC16F877A-master/Source files/washing_
      +                          machine_function_def.c: 310:         if(total_time >= (time - (0.40*time))){
  3222     0292  086B               	movf	_total_time,w
  3223     0293  00D4               	movwf	??_start
  3224     0294  01D5               	clrf	??_start+1
  3225     0295  01D6               	clrf	??_start+2
  3226     0296  01D7               	clrf	??_start+3
  3227     0297  0857               	movf	??_start+3,w
  3228     0298  00F5               	movwf	___xxtofl@val+3
  3229     0299  0856               	movf	??_start+2,w
  3230     029A  00F4               	movwf	___xxtofl@val+2
  3231     029B  0855               	movf	??_start+1,w
  3232     029C  00F3               	movwf	___xxtofl@val+1
  3233     029D  0854               	movf	??_start,w
  3234     029E  00F2               	movwf	___xxtofl@val
  3235     029F  3001               	movlw	1
  3236     02A0  120A  158A  2148  120A  118A  	fcall	___xxtofl
  3237     02A5  0875               	movf	?___xxtofl+3,w
  3238     02A6  1283               	bcf	3,5	;RP0=0, select bank0
  3239     02A7  1303               	bcf	3,6	;RP1=0, select bank0
  3240     02A8  00CB               	movwf	___flge@ff1+3
  3241     02A9  0874               	movf	?___xxtofl+2,w
  3242     02AA  00CA               	movwf	___flge@ff1+2
  3243     02AB  0873               	movf	?___xxtofl+1,w
  3244     02AC  00C9               	movwf	___flge@ff1+1
  3245     02AD  0872               	movf	?___xxtofl,w
  3246     02AE  00C8               	movwf	___flge@ff1
  3247     02AF  0869               	movf	_time,w
  3248     02B0  00D8               	movwf	??_start+4
  3249     02B1  01D9               	clrf	??_start+5
  3250     02B2  01DA               	clrf	??_start+6
  3251     02B3  01DB               	clrf	??_start+7
  3252     02B4  085B               	movf	??_start+7,w
  3253     02B5  00F5               	movwf	___xxtofl@val+3
  3254     02B6  085A               	movf	??_start+6,w
  3255     02B7  00F4               	movwf	___xxtofl@val+2
  3256     02B8  0859               	movf	??_start+5,w
  3257     02B9  00F3               	movwf	___xxtofl@val+1
  3258     02BA  0858               	movf	??_start+4,w
  3259     02BB  00F2               	movwf	___xxtofl@val
  3260     02BC  3001               	movlw	1
  3261     02BD  120A  158A  2148  120A  118A  	fcall	___xxtofl
  3262     02C2  0875               	movf	?___xxtofl+3,w
  3263     02C3  1283               	bcf	3,5	;RP0=0, select bank0
  3264     02C4  1303               	bcf	3,6	;RP1=0, select bank0
  3265     02C5  00C7               	movwf	___flsub@b+3
  3266     02C6  0874               	movf	?___xxtofl+2,w
  3267     02C7  00C6               	movwf	___flsub@b+2
  3268     02C8  0873               	movf	?___xxtofl+1,w
  3269     02C9  00C5               	movwf	___flsub@b+1
  3270     02CA  0872               	movf	?___xxtofl,w
  3271     02CB  00C4               	movwf	___flsub@b
  3272     02CC  0869               	movf	_time,w
  3273     02CD  00DC               	movwf	??_start+8
  3274     02CE  01DD               	clrf	??_start+9
  3275     02CF  01DE               	clrf	??_start+10
  3276     02D0  01DF               	clrf	??_start+11
  3277     02D1  085F               	movf	??_start+11,w
  3278     02D2  00F5               	movwf	___xxtofl@val+3
  3279     02D3  085E               	movf	??_start+10,w
  3280     02D4  00F4               	movwf	___xxtofl@val+2
  3281     02D5  085D               	movf	??_start+9,w
  3282     02D6  00F3               	movwf	___xxtofl@val+1
  3283     02D7  085C               	movf	??_start+8,w
  3284     02D8  00F2               	movwf	___xxtofl@val
  3285     02D9  3001               	movlw	1
  3286     02DA  120A  158A  2148  120A  118A  	fcall	___xxtofl
  3287     02DF  0875               	movf	?___xxtofl+3,w
  3288     02E0  1283               	bcf	3,5	;RP0=0, select bank0
  3289     02E1  1303               	bcf	3,6	;RP1=0, select bank0
  3290     02E2  00AD               	movwf	___flmul@a+3
  3291     02E3  0874               	movf	?___xxtofl+2,w
  3292     02E4  00AC               	movwf	___flmul@a+2
  3293     02E5  0873               	movf	?___xxtofl+1,w
  3294     02E6  00AB               	movwf	___flmul@a+1
  3295     02E7  0872               	movf	?___xxtofl,w
  3296     02E8  00AA               	movwf	___flmul@a
  3297     02E9  303E               	movlw	62
  3298     02EA  00A9               	movwf	___flmul@b+3
  3299     02EB  30CC               	movlw	204
  3300     02EC  00A8               	movwf	___flmul@b+2
  3301     02ED  30CC               	movlw	204
  3302     02EE  00A7               	movwf	___flmul@b+1
  3303     02EF  30CD               	movlw	205
  3304     02F0  00A6               	movwf	___flmul@b
  3305     02F1  120A  118A  2415  120A  118A  	fcall	___flmul
  3306     02F6  1283               	bcf	3,5	;RP0=0, select bank0
  3307     02F7  1303               	bcf	3,6	;RP1=0, select bank0
  3308     02F8  0829               	movf	?___flmul+3,w
  3309     02F9  00C3               	movwf	___flsub@a+3
  3310     02FA  0828               	movf	?___flmul+2,w
  3311     02FB  00C2               	movwf	___flsub@a+2
  3312     02FC  0827               	movf	?___flmul+1,w
  3313     02FD  00C1               	movwf	___flsub@a+1
  3314     02FE  0826               	movf	?___flmul,w
  3315     02FF  00C0               	movwf	___flsub@a
  3316     0300  160A  118A  24A0  120A  118A  	fcall	___flsub
  3317     0305  1283               	bcf	3,5	;RP0=0, select bank0
  3318     0306  1303               	bcf	3,6	;RP1=0, select bank0
  3319     0307  0843               	movf	?___flsub+3,w
  3320     0308  00CF               	movwf	___flge@ff2+3
  3321     0309  0842               	movf	?___flsub+2,w
  3322     030A  00CE               	movwf	___flge@ff2+2
  3323     030B  0841               	movf	?___flsub+1,w
  3324     030C  00CD               	movwf	___flge@ff2+1
  3325     030D  0840               	movf	?___flsub,w
  3326     030E  00CC               	movwf	___flge@ff2
  3327     030F  120A  118A  2757  120A  118A  	fcall	___flge
  3328     0314  1C03               	btfss	3,0
  3329     0315  2B17               	goto	u4311
  3330     0316  2B18               	goto	u4310
  3331     0317                     u4311:
  3332     0317  2B26               	goto	l3520
  3333     0318                     u4310:
  3334     0318                     l3518:
  3335                           
  3336                           ;../../Washing Machine/Washing-Machine-Simulator-PIC16F877A-master/Source files/washing_
      +                          machine_function_def.c: 311:             clcd_print("rinse",(0x80 + 10));
  3337     0318  3042               	movlw	low (STR_29| (0+32768))
  3338     0319  1283               	bcf	3,5	;RP0=0, select bank0
  3339     031A  1303               	bcf	3,6	;RP1=0, select bank0
  3340     031B  00A0               	movwf	clcd_print@str
  3341     031C  3091               	movlw	high (STR_29| (0+32768))
  3342     031D  00A1               	movwf	clcd_print@str+1
  3343     031E  308A               	movlw	138
  3344     031F  00A2               	movwf	clcd_print@addr
  3345     0320  160A  118A  2515  120A  118A  	fcall	_clcd_print
  3346                           
  3347                           ;../../Washing Machine/Washing-Machine-Simulator-PIC16F877A-master/Source files/washing_
      +                          machine_function_def.c: 312:         }
  3348     0325  2B51               	goto	l3528
  3349     0326                     l3520:
  3350                           
  3351                           ;../../Washing Machine/Washing-Machine-Simulator-PIC16F877A-master/Source files/washing_
      +                          machine_function_def.c: 314:             clcd_print("spin ",(0x80 + 10));
  3352     0326  3030               	movlw	low (STR_30| (0+32768))
  3353     0327  1283               	bcf	3,5	;RP0=0, select bank0
  3354     0328  1303               	bcf	3,6	;RP1=0, select bank0
  3355     0329  00A0               	movwf	clcd_print@str
  3356     032A  3091               	movlw	high (STR_30| (0+32768))
  3357     032B  00A1               	movwf	clcd_print@str+1
  3358     032C  308A               	movlw	138
  3359     032D  00A2               	movwf	clcd_print@addr
  3360     032E  160A  118A  2515  120A  118A  	fcall	_clcd_print
  3361     0333  2B51               	goto	l3528
  3362     0334                     l3522:
  3363     0334  3009               	movlw	9
  3364     0335  066F               	xorwf	_program_no,w
  3365     0336  1D03               	btfss	3,2
  3366     0337  2B39               	goto	u4321
  3367     0338  2B3A               	goto	u4320
  3368     0339                     u4321:
  3369     0339  2B46               	goto	l3526
  3370     033A                     u4320:
  3371     033A                     l3524:
  3372                           
  3373                           ;../../Washing Machine/Washing-Machine-Simulator-PIC16F877A-master/Source files/washing_
      +                          machine_function_def.c: 318:         clcd_print("spin ",(0x80 + 10));
  3374     033A  3030               	movlw	low (STR_30| (0+32768))
  3375     033B  00A0               	movwf	clcd_print@str
  3376     033C  3091               	movlw	high (STR_30| (0+32768))
  3377     033D  00A1               	movwf	clcd_print@str+1
  3378     033E  308A               	movlw	138
  3379     033F  00A2               	movwf	clcd_print@addr
  3380     0340  160A  118A  2515  120A  118A  	fcall	_clcd_print
  3381                           
  3382                           ;../../Washing Machine/Washing-Machine-Simulator-PIC16F877A-master/Source files/washing_
      +                          machine_function_def.c: 319:     }
  3383     0345  2B51               	goto	l3528
  3384     0346                     l3526:
  3385                           
  3386                           ;../../Washing Machine/Washing-Machine-Simulator-PIC16F877A-master/Source files/washing_
      +                          machine_function_def.c: 321:         clcd_print("wash",(0x80 + 10));
  3387     0346  30D0               	movlw	low ((STR_5+6)| (0+32768))
  3388     0347  00A0               	movwf	clcd_print@str
  3389     0348  3090               	movlw	high ((STR_5+6)| (0+32768))
  3390     0349  00A1               	movwf	clcd_print@str+1
  3391     034A  308A               	movlw	138
  3392     034B  00A2               	movwf	clcd_print@addr
  3393     034C  160A  118A  2515  120A  118A  	fcall	_clcd_print
  3394     0351                     l3528:
  3395                           
  3396                           ;../../Washing Machine/Washing-Machine-Simulator-PIC16F877A-master/Source files/washing_
      +                          machine_function_def.c: 323:     clcd_putch(min/10 +'0',(0xC0 + 6));
  3397     0351  30C6               	movlw	198
  3398     0352  1283               	bcf	3,5	;RP0=0, select bank0
  3399     0353  1303               	bcf	3,6	;RP1=0, select bank0
  3400     0354  00A0               	movwf	clcd_putch@addr
  3401     0355  300A               	movlw	10
  3402     0356  00F2               	movwf	___awdiv@divisor
  3403     0357  3000               	movlw	0
  3404     0358  00F3               	movwf	___awdiv@divisor+1
  3405     0359  086C               	movf	_min,w
  3406     035A  00D4               	movwf	??_start
  3407     035B  01D5               	clrf	??_start+1
  3408     035C  0854               	movf	??_start,w
  3409     035D  00F4               	movwf	___awdiv@dividend
  3410     035E  0855               	movf	??_start+1,w
  3411     035F  00F5               	movwf	___awdiv@dividend+1
  3412     0360  160A  118A  264D  120A  118A  	fcall	___awdiv
  3413     0365  0872               	movf	?___awdiv,w
  3414     0366  3E30               	addlw	48
  3415     0367  160A  118A  246A  120A  118A  	fcall	_clcd_putch
  3416     036C                     l3530:
  3417                           
  3418                           ;../../Washing Machine/Washing-Machine-Simulator-PIC16F877A-master/Source files/washing_
      +                          machine_function_def.c: 324:         clcd_putch(min%10 + '0',(0xC0 + 7));
  3419     036C  30C7               	movlw	199
  3420     036D  1283               	bcf	3,5	;RP0=0, select bank0
  3421     036E  1303               	bcf	3,6	;RP1=0, select bank0
  3422     036F  00A0               	movwf	clcd_putch@addr
  3423     0370  300A               	movlw	10
  3424     0371  00F2               	movwf	___awmod@divisor
  3425     0372  3000               	movlw	0
  3426     0373  00F3               	movwf	___awmod@divisor+1
  3427     0374  086C               	movf	_min,w
  3428     0375  00D4               	movwf	??_start
  3429     0376  01D5               	clrf	??_start+1
  3430     0377  0854               	movf	??_start,w
  3431     0378  00F4               	movwf	___awmod@dividend
  3432     0379  0855               	movf	??_start+1,w
  3433     037A  00F5               	movwf	___awmod@dividend+1
  3434     037B  160A  118A  25F6  120A  118A  	fcall	___awmod
  3435     0380  0872               	movf	?___awmod,w
  3436     0381  3E30               	addlw	48
  3437     0382  160A  118A  246A  120A  118A  	fcall	_clcd_putch
  3438     0387                     l3532:
  3439                           
  3440                           ;../../Washing Machine/Washing-Machine-Simulator-PIC16F877A-master/Source files/washing_
      +                          machine_function_def.c: 325:         clcd_putch(':',(0xC0 + 8));
  3441     0387  30C8               	movlw	200
  3442     0388  1283               	bcf	3,5	;RP0=0, select bank0
  3443     0389  1303               	bcf	3,6	;RP1=0, select bank0
  3444     038A  00A0               	movwf	clcd_putch@addr
  3445     038B  303A               	movlw	58
  3446     038C  160A  118A  246A  120A  118A  	fcall	_clcd_putch
  3447     0391                     l3534:
  3448                           
  3449                           ;../../Washing Machine/Washing-Machine-Simulator-PIC16F877A-master/Source files/washing_
      +                          machine_function_def.c: 326:         clcd_putch(sec/10 +'0',(0xC0 + 9));
  3450     0391  30C9               	movlw	201
  3451     0392  1283               	bcf	3,5	;RP0=0, select bank0
  3452     0393  1303               	bcf	3,6	;RP1=0, select bank0
  3453     0394  00A0               	movwf	clcd_putch@addr
  3454     0395  300A               	movlw	10
  3455     0396  00F2               	movwf	___awdiv@divisor
  3456     0397  3000               	movlw	0
  3457     0398  00F3               	movwf	___awdiv@divisor+1
  3458     0399  086D               	movf	_sec,w
  3459     039A  00D4               	movwf	??_start
  3460     039B  01D5               	clrf	??_start+1
  3461     039C  0854               	movf	??_start,w
  3462     039D  00F4               	movwf	___awdiv@dividend
  3463     039E  0855               	movf	??_start+1,w
  3464     039F  00F5               	movwf	___awdiv@dividend+1
  3465     03A0  160A  118A  264D  120A  118A  	fcall	___awdiv
  3466     03A5  0872               	movf	?___awdiv,w
  3467     03A6  3E30               	addlw	48
  3468     03A7  160A  118A  246A  120A  118A  	fcall	_clcd_putch
  3469     03AC                     l3536:
  3470                           
  3471                           ;../../Washing Machine/Washing-Machine-Simulator-PIC16F877A-master/Source files/washing_
      +                          machine_function_def.c: 327:         clcd_putch(sec%10 + '0',(0xC0 + 10));
  3472     03AC  30CA               	movlw	202
  3473     03AD  1283               	bcf	3,5	;RP0=0, select bank0
  3474     03AE  1303               	bcf	3,6	;RP1=0, select bank0
  3475     03AF  00A0               	movwf	clcd_putch@addr
  3476     03B0  300A               	movlw	10
  3477     03B1  00F2               	movwf	___awmod@divisor
  3478     03B2  3000               	movlw	0
  3479     03B3  00F3               	movwf	___awmod@divisor+1
  3480     03B4  086D               	movf	_sec,w
  3481     03B5  00D4               	movwf	??_start
  3482     03B6  01D5               	clrf	??_start+1
  3483     03B7  0854               	movf	??_start,w
  3484     03B8  00F4               	movwf	___awmod@dividend
  3485     03B9  0855               	movf	??_start+1,w
  3486     03BA  00F5               	movwf	___awmod@dividend+1
  3487     03BB  160A  118A  25F6  120A  118A  	fcall	___awmod
  3488     03C0  0872               	movf	?___awmod,w
  3489     03C1  3E30               	addlw	48
  3490     03C2  160A  118A  246A  120A  118A  	fcall	_clcd_putch
  3491     03C7                     l3538:
  3492                           
  3493                           ;../../Washing Machine/Washing-Machine-Simulator-PIC16F877A-master/Source files/washing_
      +                          machine_function_def.c: 328:         if(min ==0 && sec == 0){
  3494     03C7  1283               	bcf	3,5	;RP0=0, select bank0
  3495     03C8  1303               	bcf	3,6	;RP1=0, select bank0
  3496     03C9  086C               	movf	_min,w
  3497     03CA  1D03               	btfss	3,2
  3498     03CB  2BCD               	goto	u4331
  3499     03CC  2BCE               	goto	u4330
  3500     03CD                     u4331:
  3501     03CD  2C14               	goto	l197
  3502     03CE                     u4330:
  3503     03CE                     l3540:
  3504     03CE  086D               	movf	_sec,w
  3505     03CF  1D03               	btfss	3,2
  3506     03D0  2BD2               	goto	u4341
  3507     03D1  2BD3               	goto	u4340
  3508     03D2                     u4341:
  3509     03D2  2C14               	goto	l197
  3510     03D3                     u4340:
  3511     03D3                     l3542:
  3512                           
  3513                           ;../../Washing Machine/Washing-Machine-Simulator-PIC16F877A-master/Source files/washing_
      +                          machine_function_def.c: 329:             clear_clcd();
  3514     03D3  160A  118A  2433  120A  118A  	fcall	_clear_clcd
  3515     03D8                     l3544:
  3516                           
  3517                           ;../../Washing Machine/Washing-Machine-Simulator-PIC16F877A-master/Source files/washing_
      +                          machine_function_def.c: 330:             RC2=0;
  3518     03D8  1283               	bcf	3,5	;RP0=0, select bank0
  3519     03D9  1303               	bcf	3,6	;RP1=0, select bank0
  3520     03DA  1107               	bcf	7,2	;volatile
  3521     03DB                     l3546:
  3522                           
  3523                           ;../../Washing Machine/Washing-Machine-Simulator-PIC16F877A-master/Source files/washing_
      +                          machine_function_def.c: 331:             RC1=1;
  3524     03DB  1487               	bsf	7,1	;volatile
  3525     03DC                     l3548:
  3526                           
  3527                           ;../../Washing Machine/Washing-Machine-Simulator-PIC16F877A-master/Source files/washing_
      +                          machine_function_def.c: 332:             clcd_print("Program complete", (0x80 + 0));
  3528     03DC  3012               	movlw	low (STR_35| (0+32768))
  3529     03DD  00A0               	movwf	clcd_print@str
  3530     03DE  3090               	movlw	high (STR_35| (0+32768))
  3531     03DF  00A1               	movwf	clcd_print@str+1
  3532     03E0  3080               	movlw	128
  3533     03E1  00A2               	movwf	clcd_print@addr
  3534     03E2  160A  118A  2515  120A  118A  	fcall	_clcd_print
  3535     03E7                     l3550:
  3536                           
  3537                           ;../../Washing Machine/Washing-Machine-Simulator-PIC16F877A-master/Source files/washing_
      +                          machine_function_def.c: 333:             clcd_print("Remove cloths", (0xC0 + 0));
  3538     03E7  3052               	movlw	low (STR_36| (0+32768))
  3539     03E8  1283               	bcf	3,5	;RP0=0, select bank0
  3540     03E9  1303               	bcf	3,6	;RP1=0, select bank0
  3541     03EA  00A0               	movwf	clcd_print@str
  3542     03EB  3090               	movlw	high (STR_36| (0+32768))
  3543     03EC  00A1               	movwf	clcd_print@str+1
  3544     03ED  30C0               	movlw	192
  3545     03EE  00A2               	movwf	clcd_print@addr
  3546     03EF  160A  118A  2515  120A  118A  	fcall	_clcd_print
  3547     03F4                     l3552:
  3548                           
  3549                           ;../../Washing Machine/Washing-Machine-Simulator-PIC16F877A-master/Source files/washing_
      +                          machine_function_def.c: 334:             _delay((unsigned long)((2000)*(20000000/4000.0)
      +                          ));
  3550     03F4  3033               	movlw	51
  3551     03F5  1283               	bcf	3,5	;RP0=0, select bank0
  3552     03F6  1303               	bcf	3,6	;RP1=0, select bank0
  3553     03F7  00D6               	movwf	??_start+2
  3554     03F8  30BB               	movlw	187
  3555     03F9  00D5               	movwf	??_start+1
  3556     03FA  30DF               	movlw	223
  3557     03FB  00D4               	movwf	??_start
  3558     03FC                     u4487:
  3559     03FC  0BD4               	decfsz	??_start,f
  3560     03FD  2BFC               	goto	u4487
  3561     03FE  0BD5               	decfsz	??_start+1,f
  3562     03FF  2BFC               	goto	u4487
  3563     0400  0BD6               	decfsz	??_start+2,f
  3564     0401  2BFC               	goto	u4487
  3565     0402                     l3554:
  3566                           
  3567                           ;../../Washing Machine/Washing-Machine-Simulator-PIC16F877A-master/Source files/washing_
      +                          machine_function_def.c: 335:             RC1 = 0;
  3568     0402  1283               	bcf	3,5	;RP0=0, select bank0
  3569     0403  1303               	bcf	3,6	;RP1=0, select bank0
  3570     0404  1087               	bcf	7,1	;volatile
  3571     0405                     l3556:
  3572                           
  3573                           ;../../Washing Machine/Washing-Machine-Simulator-PIC16F877A-master/Source files/washing_
      +                          machine_function_def.c: 336:             operational_state=0x01;
  3574     0405  3001               	movlw	1
  3575     0406  1683               	bsf	3,5	;RP0=1, select bank1
  3576     0407  1303               	bcf	3,6	;RP1=0, select bank1
  3577     0408  00C4               	movwf	_operational_state^(0+128)
  3578     0409  3000               	movlw	0
  3579     040A  00C5               	movwf	(_operational_state^(0+128)+1)
  3580     040B                     l3558:
  3581                           
  3582                           ;../../Washing Machine/Washing-Machine-Simulator-PIC16F877A-master/Source files/washing_
      +                          machine_function_def.c: 337:              reset_flag=0x11;
  3583     040B  3011               	movlw	17
  3584     040C  00C6               	movwf	_reset_flag^(0+128)
  3585     040D  3000               	movlw	0
  3586     040E  00C7               	movwf	(_reset_flag^(0+128)+1)
  3587     040F                     l3560:
  3588                           
  3589                           ;../../Washing Machine/Washing-Machine-Simulator-PIC16F877A-master/Source files/washing_
      +                          machine_function_def.c: 338:              clear_clcd();
  3590     040F  160A  118A  2433  120A  118A  	fcall	_clear_clcd
  3591     0414                     l197:
  3592     0414  0008               	return
  3593     0415                     __end_of_start:
  3594                           
  3595                           	psect	text4
  3596     16B0                     __ptext4:	
  3597 ;; *************** function _door_status_check *****************
  3598 ;; Defined at:
  3599 ;;		line 343 in file "../../Washing Machine/Washing-Machine-Simulator-PIC16F877A-master/Source files/washing_machine_fun
      +ction_def.c"
  3600 ;; Parameters:    Size  Location     Type
  3601 ;;		None
  3602 ;; Auto vars:     Size  Location     Type
  3603 ;;		None
  3604 ;; Return value:  Size  Location     Type
  3605 ;;                  1    wreg      void 
  3606 ;; Registers used:
  3607 ;;		wreg, fsr0l, fsr0h, status,2, status,0, btemp+1, pclath, cstack
  3608 ;; Tracked objects:
  3609 ;;		On entry : 0/0
  3610 ;;		On exit  : 0/0
  3611 ;;		Unchanged: 0/0
  3612 ;; Data sizes:     COMMON   BANK0   BANK1   BANK3   BANK2
  3613 ;;      Params:         0       0       0       0       0
  3614 ;;      Locals:         0       0       0       0       0
  3615 ;;      Temps:          0       0       0       0       0
  3616 ;;      Totals:         0       0       0       0       0
  3617 ;;Total ram usage:        0 bytes
  3618 ;; Hardware stack levels used: 1
  3619 ;; Hardware stack levels required when called: 3
  3620 ;; This function calls:
  3621 ;;		_clcd_print
  3622 ;;		_clear_clcd
  3623 ;; This function is called by:
  3624 ;;		_start
  3625 ;; This function uses a non-reentrant model
  3626 ;;
  3627                           
  3628     16B0                     _door_status_check:	
  3629                           ;psect for function _door_status_check
  3630                           
  3631     16B0                     l3206:	
  3632                           ;incstack = 0
  3633                           ; Regs used in _door_status_check: [wreg-fsr0h+status,2+status,0+btemp+1+pclath+cstack]
  3634                           
  3635                           
  3636                           ;../../Washing Machine/Washing-Machine-Simulator-PIC16F877A-master/Source files/washing_
      +                          machine_function_def.c: 344:     if( RB0 == 0){
  3637     16B0  1283               	bcf	3,5	;RP0=0, select bank0
  3638     16B1  1303               	bcf	3,6	;RP1=0, select bank0
  3639     16B2  1806               	btfsc	6,0	;volatile
  3640     16B3  2EB5               	goto	u3771
  3641     16B4  2EB6               	goto	u3770
  3642     16B5                     u3771:
  3643     16B5  2F1A               	goto	l204
  3644     16B6                     u3770:
  3645     16B6                     l3208:
  3646                           
  3647                           ;../../Washing Machine/Washing-Machine-Simulator-PIC16F877A-master/Source files/washing_
      +                          machine_function_def.c: 346:         RC2 = 0;
  3648     16B6  1107               	bcf	7,2	;volatile
  3649                           
  3650                           ;../../Washing Machine/Washing-Machine-Simulator-PIC16F877A-master/Source files/washing_
      +                          machine_function_def.c: 347:         TMR2ON = 0;
  3651     16B7  1112               	bcf	18,2	;volatile
  3652                           
  3653                           ;../../Washing Machine/Washing-Machine-Simulator-PIC16F877A-master/Source files/washing_
      +                          machine_function_def.c: 348:         RC1 = 1;
  3654     16B8  1487               	bsf	7,1	;volatile
  3655     16B9                     l3210:
  3656                           
  3657                           ;../../Washing Machine/Washing-Machine-Simulator-PIC16F877A-master/Source files/washing_
      +                          machine_function_def.c: 349:         clear_clcd();
  3658     16B9  160A  118A  2433  160A  118A  	fcall	_clear_clcd
  3659     16BE                     l3212:
  3660                           
  3661                           ;../../Washing Machine/Washing-Machine-Simulator-PIC16F877A-master/Source files/washing_
      +                          machine_function_def.c: 350:         clcd_print("DOOR IS OPEN",(0x80 + 0));
  3662     16BE  306D               	movlw	low (STR_37| (0+32768))
  3663     16BF  1283               	bcf	3,5	;RP0=0, select bank0
  3664     16C0  1303               	bcf	3,6	;RP1=0, select bank0
  3665     16C1  00A0               	movwf	clcd_print@str
  3666     16C2  3090               	movlw	high (STR_37| (0+32768))
  3667     16C3  00A1               	movwf	clcd_print@str+1
  3668     16C4  3080               	movlw	128
  3669     16C5  00A2               	movwf	clcd_print@addr
  3670     16C6  160A  118A  2515  160A  118A  	fcall	_clcd_print
  3671     16CB                     l3214:
  3672                           
  3673                           ;../../Washing Machine/Washing-Machine-Simulator-PIC16F877A-master/Source files/washing_
      +                          machine_function_def.c: 351:         clcd_print("Please close door",(0xC0 + 0));
  3674     16CB  3000               	movlw	low (STR_38| (0+32768))
  3675     16CC  1283               	bcf	3,5	;RP0=0, select bank0
  3676     16CD  1303               	bcf	3,6	;RP1=0, select bank0
  3677     16CE  00A0               	movwf	clcd_print@str
  3678     16CF  3090               	movlw	high (STR_38| (0+32768))
  3679     16D0  00A1               	movwf	clcd_print@str+1
  3680     16D1  30C0               	movlw	192
  3681     16D2  00A2               	movwf	clcd_print@addr
  3682     16D3  160A  118A  2515  160A  118A  	fcall	_clcd_print
  3683     16D8                     l201:	
  3684                           ;../../Washing Machine/Washing-Machine-Simulator-PIC16F877A-master/Source files/washing_
      +                          machine_function_def.c: 356:         }
  3685                           
  3686                           
  3687                           ;../../Washing Machine/Washing-Machine-Simulator-PIC16F877A-master/Source files/washing_
      +                          machine_function_def.c: 354:         while(RB0 == 0){
  3688     16D8  1283               	bcf	3,5	;RP0=0, select bank0
  3689     16D9  1303               	bcf	3,6	;RP1=0, select bank0
  3690     16DA  1C06               	btfss	6,0	;volatile
  3691     16DB  2EDD               	goto	u3781
  3692     16DC  2EDE               	goto	u3780
  3693     16DD                     u3781:
  3694     16DD  2ED8               	goto	l201
  3695     16DE                     u3780:
  3696     16DE                     l203:
  3697                           
  3698                           ;../../Washing Machine/Washing-Machine-Simulator-PIC16F877A-master/Source files/washing_
      +                          machine_function_def.c: 357:         RC2 = 1;
  3699     16DE  1507               	bsf	7,2	;volatile
  3700                           
  3701                           ;../../Washing Machine/Washing-Machine-Simulator-PIC16F877A-master/Source files/washing_
      +                          machine_function_def.c: 358:         TMR2ON = 1;
  3702     16DF  1512               	bsf	18,2	;volatile
  3703                           
  3704                           ;../../Washing Machine/Washing-Machine-Simulator-PIC16F877A-master/Source files/washing_
      +                          machine_function_def.c: 359:         RC1 = 0;
  3705     16E0  1087               	bcf	7,1	;volatile
  3706     16E1                     l3216:
  3707                           
  3708                           ;../../Washing Machine/Washing-Machine-Simulator-PIC16F877A-master/Source files/washing_
      +                          machine_function_def.c: 360:         clear_clcd();
  3709     16E1  160A  118A  2433  160A  118A  	fcall	_clear_clcd
  3710     16E6                     l3218:
  3711                           
  3712                           ;../../Washing Machine/Washing-Machine-Simulator-PIC16F877A-master/Source files/washing_
      +                          machine_function_def.c: 361:         clcd_print("FUNCTION: ",(0x80 + 0));
  3713     16E6  309E               	movlw	low (STR_24| (0+32768))
  3714     16E7  1283               	bcf	3,5	;RP0=0, select bank0
  3715     16E8  1303               	bcf	3,6	;RP1=0, select bank0
  3716     16E9  00A0               	movwf	clcd_print@str
  3717     16EA  3090               	movlw	high (STR_24| (0+32768))
  3718     16EB  00A1               	movwf	clcd_print@str+1
  3719     16EC  3080               	movlw	128
  3720     16ED  00A2               	movwf	clcd_print@addr
  3721     16EE  160A  118A  2515  160A  118A  	fcall	_clcd_print
  3722     16F3                     l3220:
  3723                           
  3724                           ;../../Washing Machine/Washing-Machine-Simulator-PIC16F877A-master/Source files/washing_
      +                          machine_function_def.c: 362:         clcd_print("Time",(0xC0 + 0));
  3725     16F3  305E               	movlw	low (STR_25| (0+32768))
  3726     16F4  1283               	bcf	3,5	;RP0=0, select bank0
  3727     16F5  1303               	bcf	3,6	;RP1=0, select bank0
  3728     16F6  00A0               	movwf	clcd_print@str
  3729     16F7  3091               	movlw	high (STR_25| (0+32768))
  3730     16F8  00A1               	movwf	clcd_print@str+1
  3731     16F9  30C0               	movlw	192
  3732     16FA  00A2               	movwf	clcd_print@addr
  3733     16FB  160A  118A  2515  160A  118A  	fcall	_clcd_print
  3734     1700                     l3222:
  3735                           
  3736                           ;../../Washing Machine/Washing-Machine-Simulator-PIC16F877A-master/Source files/washing_
      +                          machine_function_def.c: 363:         clcd_print("SW5: START",(0x90 + 0));
  3737     1700  30B4               	movlw	low (STR_26| (0+32768))
  3738     1701  1283               	bcf	3,5	;RP0=0, select bank0
  3739     1702  1303               	bcf	3,6	;RP1=0, select bank0
  3740     1703  00A0               	movwf	clcd_print@str
  3741     1704  3090               	movlw	high (STR_26| (0+32768))
  3742     1705  00A1               	movwf	clcd_print@str+1
  3743     1706  3090               	movlw	144
  3744     1707  00A2               	movwf	clcd_print@addr
  3745     1708  160A  118A  2515  160A  118A  	fcall	_clcd_print
  3746     170D                     l3224:
  3747                           
  3748                           ;../../Washing Machine/Washing-Machine-Simulator-PIC16F877A-master/Source files/washing_
      +                          machine_function_def.c: 364:         clcd_print("SW6: PAUSE",(0xD0 + 0));
  3749     170D  30A9               	movlw	low (STR_27| (0+32768))
  3750     170E  1283               	bcf	3,5	;RP0=0, select bank0
  3751     170F  1303               	bcf	3,6	;RP1=0, select bank0
  3752     1710  00A0               	movwf	clcd_print@str
  3753     1711  3090               	movlw	high (STR_27| (0+32768))
  3754     1712  00A1               	movwf	clcd_print@str+1
  3755     1713  30D0               	movlw	208
  3756     1714  00A2               	movwf	clcd_print@addr
  3757     1715  160A  118A  2515  160A  118A  	fcall	_clcd_print
  3758     171A                     l204:
  3759     171A  0008               	return
  3760     171B                     __end_of_door_status_check:
  3761                           
  3762                           	psect	text5
  3763     1433                     __ptext5:	
  3764 ;; *************** function _clear_clcd *****************
  3765 ;; Defined at:
  3766 ;;		line 26 in file "../../Washing Machine/Washing-Machine-Simulator-PIC16F877A-master/Source files/washing_machine_func
      +tion_def.c"
  3767 ;; Parameters:    Size  Location     Type
  3768 ;;		None
  3769 ;; Auto vars:     Size  Location     Type
  3770 ;;		None
  3771 ;; Return value:  Size  Location     Type
  3772 ;;                  1    wreg      void 
  3773 ;; Registers used:
  3774 ;;		wreg, status,2, status,0, pclath, cstack
  3775 ;; Tracked objects:
  3776 ;;		On entry : 0/0
  3777 ;;		On exit  : 0/0
  3778 ;;		Unchanged: 0/0
  3779 ;; Data sizes:     COMMON   BANK0   BANK1   BANK3   BANK2
  3780 ;;      Params:         0       0       0       0       0
  3781 ;;      Locals:         0       0       0       0       0
  3782 ;;      Temps:          2       0       0       0       0
  3783 ;;      Totals:         2       0       0       0       0
  3784 ;;Total ram usage:        2 bytes
  3785 ;; Hardware stack levels used: 1
  3786 ;; Hardware stack levels required when called: 2
  3787 ;; This function calls:
  3788 ;;		_clcd_write
  3789 ;; This function is called by:
  3790 ;;		_washing_program_
  3791 ;;		_water_level_screen
  3792 ;;		_start
  3793 ;;		_door_status_check
  3794 ;;		_main
  3795 ;; This function uses a non-reentrant model
  3796 ;;
  3797                           
  3798     1433                     _clear_clcd:	
  3799                           ;psect for function _clear_clcd
  3800                           
  3801     1433                     l3166:	
  3802                           ;incstack = 0
  3803                           ; Regs used in _clear_clcd: [wreg+status,2+status,0+pclath+cstack]
  3804                           
  3805                           
  3806                           ;../../Washing Machine/Washing-Machine-Simulator-PIC16F877A-master/Source files/washing_
      +                          machine_function_def.c: 27:     clcd_write(0x01, 0);
  3807     1433  01F2               	clrf	clcd_write@mode
  3808     1434  3001               	movlw	1
  3809     1435  160A  118A  247F  160A  118A  	fcall	_clcd_write
  3810     143A                     l3168:
  3811                           
  3812                           ;../../Washing Machine/Washing-Machine-Simulator-PIC16F877A-master/Source files/washing_
      +                          machine_function_def.c: 28:     _delay((unsigned long)((500)*(20000000/4000000.0)));
  3813     143A  3004               	movlw	4
  3814     143B  00F7               	movwf	??_clear_clcd+1
  3815     143C  303D               	movlw	61
  3816     143D  00F6               	movwf	??_clear_clcd
  3817     143E                     u4497:
  3818     143E  0BF6               	decfsz	??_clear_clcd,f
  3819     143F  2C3E               	goto	u4497
  3820     1440  0BF7               	decfsz	??_clear_clcd+1,f
  3821     1441  2C3E               	goto	u4497
  3822     1442  2C43               	nop2
  3823     1443                     l63:
  3824     1443  0008               	return
  3825     1444                     __end_of_clear_clcd:
  3826                           
  3827                           	psect	text6
  3828     0948                     __ptext6:	
  3829 ;; *************** function ___xxtofl *****************
  3830 ;; Defined at:
  3831 ;;		line 10 in file "C:\Program Files\Microchip\xc8\v3.00\pic\sources\c99\common\xxtofl.c"
  3832 ;; Parameters:    Size  Location     Type
  3833 ;;  sign            1    wreg     unsigned char 
  3834 ;;  val             4    2[COMMON] long 
  3835 ;; Auto vars:     Size  Location     Type
  3836 ;;  sign            1    0[BANK0 ] unsigned char 
  3837 ;;  arg             4    2[BANK0 ] unsigned long 
  3838 ;;  exp             1    1[BANK0 ] unsigned char 
  3839 ;; Return value:  Size  Location     Type
  3840 ;;                  4    2[COMMON] unsigned char 
  3841 ;; Registers used:
  3842 ;;		wreg, status,2, status,0
  3843 ;; Tracked objects:
  3844 ;;		On entry : 0/0
  3845 ;;		On exit  : 0/0
  3846 ;;		Unchanged: 0/0
  3847 ;; Data sizes:     COMMON   BANK0   BANK1   BANK3   BANK2
  3848 ;;      Params:         4       0       0       0       0
  3849 ;;      Locals:         0       6       0       0       0
  3850 ;;      Temps:          4       0       0       0       0
  3851 ;;      Totals:         8       6       0       0       0
  3852 ;;Total ram usage:       14 bytes
  3853 ;; Hardware stack levels used: 1
  3854 ;; Hardware stack levels required when called: 1
  3855 ;; This function calls:
  3856 ;;		Nothing
  3857 ;; This function is called by:
  3858 ;;		_start
  3859 ;; This function uses a non-reentrant model
  3860 ;;
  3861                           
  3862     0948                     ___xxtofl:	
  3863                           ;psect for function ___xxtofl
  3864                           
  3865                           
  3866                           ;incstack = 0
  3867                           ; Regs used in ___xxtofl: [wreg+status,2+status,0]
  3868                           ;___xxtofl@sign stored from wreg
  3869     0948  1283               	bcf	3,5	;RP0=0, select bank0
  3870     0949  1303               	bcf	3,6	;RP1=0, select bank0
  3871     094A  00A0               	movwf	___xxtofl@sign
  3872     094B                     l2590:
  3873     094B  0820               	movf	___xxtofl@sign,w
  3874     094C  1903               	btfsc	3,2
  3875     094D  294F               	goto	u3121
  3876     094E  2950               	goto	u3120
  3877     094F                     u3121:
  3878     094F  2964               	goto	l2596
  3879     0950                     u3120:
  3880     0950                     l2592:
  3881     0950  1FF5               	btfss	___xxtofl@val+3,7
  3882     0951  2953               	goto	u3131
  3883     0952  2954               	goto	u3130
  3884     0953                     u3131:
  3885     0953  2964               	goto	l2596
  3886     0954                     u3130:
  3887     0954                     l2594:
  3888     0954  0972               	comf	___xxtofl@val,w
  3889     0955  00A2               	movwf	___xxtofl@arg
  3890     0956  0973               	comf	___xxtofl@val+1,w
  3891     0957  00A3               	movwf	___xxtofl@arg+1
  3892     0958  0974               	comf	___xxtofl@val+2,w
  3893     0959  00A4               	movwf	___xxtofl@arg+2
  3894     095A  0975               	comf	___xxtofl@val+3,w
  3895     095B  00A5               	movwf	___xxtofl@arg+3
  3896     095C  0AA2               	incf	___xxtofl@arg,f
  3897     095D  1903               	skipnz
  3898     095E  0AA3               	incf	___xxtofl@arg+1,f
  3899     095F  1903               	skipnz
  3900     0960  0AA4               	incf	___xxtofl@arg+2,f
  3901     0961  1903               	skipnz
  3902     0962  0AA5               	incf	___xxtofl@arg+3,f
  3903     0963  296C               	goto	l881
  3904     0964                     l2596:
  3905     0964  0875               	movf	___xxtofl@val+3,w
  3906     0965  00A5               	movwf	___xxtofl@arg+3
  3907     0966  0874               	movf	___xxtofl@val+2,w
  3908     0967  00A4               	movwf	___xxtofl@arg+2
  3909     0968  0873               	movf	___xxtofl@val+1,w
  3910     0969  00A3               	movwf	___xxtofl@arg+1
  3911     096A  0872               	movf	___xxtofl@val,w
  3912     096B  00A2               	movwf	___xxtofl@arg
  3913     096C                     l881:
  3914     096C  0875               	movf	___xxtofl@val+3,w
  3915     096D  0474               	iorwf	___xxtofl@val+2,w
  3916     096E  0473               	iorwf	___xxtofl@val+1,w
  3917     096F  0472               	iorwf	___xxtofl@val,w
  3918     0970  1D03               	skipz
  3919     0971  2973               	goto	u3141
  3920     0972  2974               	goto	u3140
  3921     0973                     u3141:
  3922     0973  297D               	goto	l882
  3923     0974                     u3140:
  3924     0974                     l2598:
  3925     0974  3000               	movlw	0
  3926     0975  00F5               	movwf	?___xxtofl+3
  3927     0976  3000               	movlw	0
  3928     0977  00F4               	movwf	?___xxtofl+2
  3929     0978  3000               	movlw	0
  3930     0979  00F3               	movwf	?___xxtofl+1
  3931     097A  3000               	movlw	0
  3932     097B  00F2               	movwf	?___xxtofl
  3933     097C  29FD               	goto	l883
  3934     097D                     l882:
  3935     097D  3096               	movlw	150
  3936     097E  00A1               	movwf	___xxtofl@exp
  3937     097F  298B               	goto	l2604
  3938     0980                     l2602:
  3939     0980  3001               	movlw	1
  3940     0981  07A1               	addwf	___xxtofl@exp,f
  3941     0982  3001               	movlw	1
  3942     0983                     u3155:
  3943     0983  1003               	clrc
  3944     0984  0CA5               	rrf	___xxtofl@arg+3,f
  3945     0985  0CA4               	rrf	___xxtofl@arg+2,f
  3946     0986  0CA3               	rrf	___xxtofl@arg+1,f
  3947     0987  0CA2               	rrf	___xxtofl@arg,f
  3948     0988  3EFF               	addlw	-1
  3949     0989  1D03               	skipz
  3950     098A  2983               	goto	u3155
  3951     098B                     l2604:
  3952     098B  30FE               	movlw	254
  3953     098C  0525               	andwf	___xxtofl@arg+3,w
  3954     098D  1D03               	btfss	3,2
  3955     098E  2990               	goto	u3161
  3956     098F  2991               	goto	u3160
  3957     0990                     u3161:
  3958     0990  2980               	goto	l2602
  3959     0991                     u3160:
  3960     0991  29AB               	goto	l887
  3961     0992                     l2606:
  3962     0992  3001               	movlw	1
  3963     0993  07A1               	addwf	___xxtofl@exp,f
  3964     0994                     l2608:
  3965     0994  3001               	movlw	1
  3966     0995  07A2               	addwf	___xxtofl@arg,f
  3967     0996  3000               	movlw	0
  3968     0997  1803               	skipnc
  3969     0998  3001               	movlw	1
  3970     0999  07A3               	addwf	___xxtofl@arg+1,f
  3971     099A  3000               	movlw	0
  3972     099B  1803               	skipnc
  3973     099C  3001               	movlw	1
  3974     099D  07A4               	addwf	___xxtofl@arg+2,f
  3975     099E  3000               	movlw	0
  3976     099F  1803               	skipnc
  3977     09A0  3001               	movlw	1
  3978     09A1  07A5               	addwf	___xxtofl@arg+3,f
  3979     09A2                     l2610:
  3980     09A2  3001               	movlw	1
  3981     09A3                     u3175:
  3982     09A3  1003               	clrc
  3983     09A4  0CA5               	rrf	___xxtofl@arg+3,f
  3984     09A5  0CA4               	rrf	___xxtofl@arg+2,f
  3985     09A6  0CA3               	rrf	___xxtofl@arg+1,f
  3986     09A7  0CA2               	rrf	___xxtofl@arg,f
  3987     09A8  3EFF               	addlw	-1
  3988     09A9  1D03               	skipz
  3989     09AA  29A3               	goto	u3175
  3990     09AB                     l887:
  3991     09AB  30FF               	movlw	255
  3992     09AC  0525               	andwf	___xxtofl@arg+3,w
  3993     09AD  1D03               	btfss	3,2
  3994     09AE  29B0               	goto	u3181
  3995     09AF  29B1               	goto	u3180
  3996     09B0                     u3181:
  3997     09B0  2992               	goto	l2606
  3998     09B1                     u3180:
  3999     09B1  29BD               	goto	l2614
  4000     09B2                     l2612:
  4001     09B2  3001               	movlw	1
  4002     09B3  02A1               	subwf	___xxtofl@exp,f
  4003     09B4  3001               	movlw	1
  4004     09B5  00F6               	movwf	??___xxtofl
  4005     09B6                     u3195:
  4006     09B6  1003               	clrc
  4007     09B7  0DA2               	rlf	___xxtofl@arg,f
  4008     09B8  0DA3               	rlf	___xxtofl@arg+1,f
  4009     09B9  0DA4               	rlf	___xxtofl@arg+2,f
  4010     09BA  0DA5               	rlf	___xxtofl@arg+3,f
  4011     09BB  0BF6               	decfsz	??___xxtofl,f
  4012     09BC  29B6               	goto	u3195
  4013     09BD                     l2614:
  4014     09BD  1BA4               	btfsc	___xxtofl@arg+2,7
  4015     09BE  29C0               	goto	u3201
  4016     09BF  29C1               	goto	u3200
  4017     09C0                     u3201:
  4018     09C0  29C7               	goto	l894
  4019     09C1                     u3200:
  4020     09C1                     l2616:
  4021     09C1  3002               	movlw	2
  4022     09C2  0221               	subwf	___xxtofl@exp,w
  4023     09C3  1803               	skipnc
  4024     09C4  29C6               	goto	u3211
  4025     09C5  29C7               	goto	u3210
  4026     09C6                     u3211:
  4027     09C6  29B2               	goto	l2612
  4028     09C7                     u3210:
  4029     09C7                     l894:
  4030     09C7  1821               	btfsc	___xxtofl@exp,0
  4031     09C8  29CA               	goto	u3221
  4032     09C9  29CB               	goto	u3220
  4033     09CA                     u3221:
  4034     09CA  29D3               	goto	l895
  4035     09CB                     u3220:
  4036     09CB                     l2618:
  4037     09CB  30FF               	movlw	255
  4038     09CC  05A2               	andwf	___xxtofl@arg,f
  4039     09CD  30FF               	movlw	255
  4040     09CE  05A3               	andwf	___xxtofl@arg+1,f
  4041     09CF  307F               	movlw	127
  4042     09D0  05A4               	andwf	___xxtofl@arg+2,f
  4043     09D1  30FF               	movlw	255
  4044     09D2  05A5               	andwf	___xxtofl@arg+3,f
  4045     09D3                     l895:
  4046     09D3  1003               	clrc
  4047     09D4  0CA1               	rrf	___xxtofl@exp,f
  4048     09D5                     l2620:
  4049     09D5  0821               	movf	___xxtofl@exp,w
  4050     09D6  00F6               	movwf	??___xxtofl
  4051     09D7  01F7               	clrf	??___xxtofl+1
  4052     09D8  01F8               	clrf	??___xxtofl+2
  4053     09D9  01F9               	clrf	??___xxtofl+3
  4054     09DA  3018               	movlw	24
  4055     09DB                     u3235:
  4056     09DB  1003               	clrc
  4057     09DC  0DF6               	rlf	??___xxtofl,f
  4058     09DD  0DF7               	rlf	??___xxtofl+1,f
  4059     09DE  0DF8               	rlf	??___xxtofl+2,f
  4060     09DF  0DF9               	rlf	??___xxtofl+3,f
  4061     09E0                     u3230:
  4062     09E0  3EFF               	addlw	-1
  4063     09E1  1D03               	skipz
  4064     09E2  29DB               	goto	u3235
  4065     09E3  0876               	movf	??___xxtofl,w
  4066     09E4  04A2               	iorwf	___xxtofl@arg,f
  4067     09E5  0877               	movf	??___xxtofl+1,w
  4068     09E6  04A3               	iorwf	___xxtofl@arg+1,f
  4069     09E7  0878               	movf	??___xxtofl+2,w
  4070     09E8  04A4               	iorwf	___xxtofl@arg+2,f
  4071     09E9  0879               	movf	??___xxtofl+3,w
  4072     09EA  04A5               	iorwf	___xxtofl@arg+3,f
  4073     09EB                     l2622:
  4074     09EB  0820               	movf	___xxtofl@sign,w
  4075     09EC  1903               	btfsc	3,2
  4076     09ED  29EF               	goto	u3241
  4077     09EE  29F0               	goto	u3240
  4078     09EF                     u3241:
  4079     09EF  29F5               	goto	l2628
  4080     09F0                     u3240:
  4081     09F0                     l2624:
  4082     09F0  1FF5               	btfss	___xxtofl@val+3,7
  4083     09F1  29F3               	goto	u3251
  4084     09F2  29F4               	goto	u3250
  4085     09F3                     u3251:
  4086     09F3  29F5               	goto	l2628
  4087     09F4                     u3250:
  4088     09F4                     l2626:
  4089     09F4  17A5               	bsf	___xxtofl@arg+3,7
  4090     09F5                     l2628:
  4091     09F5  0825               	movf	___xxtofl@arg+3,w
  4092     09F6  00F5               	movwf	?___xxtofl+3
  4093     09F7  0824               	movf	___xxtofl@arg+2,w
  4094     09F8  00F4               	movwf	?___xxtofl+2
  4095     09F9  0823               	movf	___xxtofl@arg+1,w
  4096     09FA  00F3               	movwf	?___xxtofl+1
  4097     09FB  0822               	movf	___xxtofl@arg,w
  4098     09FC  00F2               	movwf	?___xxtofl
  4099     09FD                     l883:
  4100     09FD  0008               	return
  4101     09FE                     __end_of___xxtofl:
  4102                           
  4103                           	psect	text7
  4104     081F                     __ptext7:	
  4105 ;; *************** function ___fltol *****************
  4106 ;; Defined at:
  4107 ;;		line 43 in file "C:\Program Files\Microchip\xc8\v3.00\pic\sources\c99\common\fltol.c"
  4108 ;; Parameters:    Size  Location     Type
  4109 ;;  f1              4   32[BANK0 ] unsigned char 
  4110 ;; Auto vars:     Size  Location     Type
  4111 ;;  exp1            1   41[BANK0 ] unsigned char 
  4112 ;;  sign1           1   40[BANK0 ] unsigned char 
  4113 ;; Return value:  Size  Location     Type
  4114 ;;                  4   32[BANK0 ] long 
  4115 ;; Registers used:
  4116 ;;		wreg, status,2, status,0
  4117 ;; Tracked objects:
  4118 ;;		On entry : 0/0
  4119 ;;		On exit  : 0/0
  4120 ;;		Unchanged: 0/0
  4121 ;; Data sizes:     COMMON   BANK0   BANK1   BANK3   BANK2
  4122 ;;      Params:         0       4       0       0       0
  4123 ;;      Locals:         0       2       0       0       0
  4124 ;;      Temps:          0       4       0       0       0
  4125 ;;      Totals:         0      10       0       0       0
  4126 ;;Total ram usage:       10 bytes
  4127 ;; Hardware stack levels used: 1
  4128 ;; Hardware stack levels required when called: 1
  4129 ;; This function calls:
  4130 ;;		Nothing
  4131 ;; This function is called by:
  4132 ;;		_start
  4133 ;; This function uses a non-reentrant model
  4134 ;;
  4135                           
  4136     081F                     ___fltol:	
  4137                           ;psect for function ___fltol
  4138                           
  4139     081F                     l2406:	
  4140                           ;incstack = 0
  4141                           ; Regs used in ___fltol: [wreg+status,2+status,0]
  4142                           
  4143     081F  1003               	clrc
  4144     0820  1283               	bcf	3,5	;RP0=0, select bank0
  4145     0821  1303               	bcf	3,6	;RP1=0, select bank0
  4146     0822  0D42               	rlf	___fltol@f1+2,w
  4147     0823  0D43               	rlf	___fltol@f1+3,w
  4148     0824  00C9               	movwf	___fltol@exp1
  4149     0825  0849               	movf	___fltol@exp1,w
  4150     0826  1D03               	btfss	3,2
  4151     0827  2829               	goto	u2651
  4152     0828  282A               	goto	u2650
  4153     0829                     u2651:
  4154     0829  2833               	goto	l2412
  4155     082A                     u2650:
  4156     082A                     l2408:
  4157     082A  3000               	movlw	0
  4158     082B  00C3               	movwf	?___fltol+3
  4159     082C  3000               	movlw	0
  4160     082D  00C2               	movwf	?___fltol+2
  4161     082E  3000               	movlw	0
  4162     082F  00C1               	movwf	?___fltol+1
  4163     0830  3000               	movlw	0
  4164     0831  00C0               	movwf	?___fltol
  4165     0832  2894               	goto	l634
  4166     0833                     l2412:
  4167     0833  0840               	movf	___fltol@f1,w
  4168     0834  00C4               	movwf	??___fltol
  4169     0835  0841               	movf	___fltol@f1+1,w
  4170     0836  00C5               	movwf	??___fltol+1
  4171     0837  0842               	movf	___fltol@f1+2,w
  4172     0838  00C6               	movwf	??___fltol+2
  4173     0839  0843               	movf	___fltol@f1+3,w
  4174     083A  00C7               	movwf	??___fltol+3
  4175     083B  301F               	movlw	31
  4176     083C                     u2665:
  4177     083C  1003               	clrc
  4178     083D  0CC7               	rrf	??___fltol+3,f
  4179     083E  0CC6               	rrf	??___fltol+2,f
  4180     083F  0CC5               	rrf	??___fltol+1,f
  4181     0840  0CC4               	rrf	??___fltol,f
  4182     0841                     u2660:
  4183     0841  3EFF               	addlw	-1
  4184     0842  1D03               	skipz
  4185     0843  283C               	goto	u2665
  4186     0844  0844               	movf	??___fltol,w
  4187     0845  00C8               	movwf	___fltol@sign1
  4188     0846                     l2414:
  4189     0846  17C2               	bsf	___fltol@f1+2,7
  4190     0847                     l2416:
  4191     0847  30FF               	movlw	255
  4192     0848  05C0               	andwf	___fltol@f1,f
  4193     0849  30FF               	movlw	255
  4194     084A  05C1               	andwf	___fltol@f1+1,f
  4195     084B  30FF               	movlw	255
  4196     084C  05C2               	andwf	___fltol@f1+2,f
  4197     084D  3000               	movlw	0
  4198     084E  05C3               	andwf	___fltol@f1+3,f
  4199     084F                     l2418:
  4200     084F  3096               	movlw	150
  4201     0850  02C9               	subwf	___fltol@exp1,f
  4202     0851                     l2420:
  4203     0851  1FC9               	btfss	___fltol@exp1,7
  4204     0852  2854               	goto	u2671
  4205     0853  2855               	goto	u2670
  4206     0854                     u2671:
  4207     0854  286D               	goto	l2430
  4208     0855                     u2670:
  4209     0855                     l2422:
  4210     0855  0849               	movf	___fltol@exp1,w
  4211     0856  3A80               	xorlw	128
  4212     0857  3E97               	addlw	151
  4213     0858  1803               	skipnc
  4214     0859  285B               	goto	u2681
  4215     085A  285C               	goto	u2680
  4216     085B                     u2681:
  4217     085B  285D               	goto	l2428
  4218     085C                     u2680:
  4219     085C  282A               	goto	l2408
  4220     085D                     l2428:
  4221     085D  3001               	movlw	1
  4222     085E                     u2695:
  4223     085E  1003               	clrc
  4224     085F  0CC3               	rrf	___fltol@f1+3,f
  4225     0860  0CC2               	rrf	___fltol@f1+2,f
  4226     0861  0CC1               	rrf	___fltol@f1+1,f
  4227     0862  0CC0               	rrf	___fltol@f1,f
  4228     0863  3EFF               	addlw	-1
  4229     0864  1D03               	skipz
  4230     0865  285E               	goto	u2695
  4231     0866  3001               	movlw	1
  4232     0867  07C9               	addwf	___fltol@exp1,f
  4233     0868  1D03               	btfss	3,2
  4234     0869  286B               	goto	u2701
  4235     086A  286C               	goto	u2700
  4236     086B                     u2701:
  4237     086B  285D               	goto	l2428
  4238     086C                     u2700:
  4239     086C  2884               	goto	l2438
  4240     086D                     l2430:
  4241     086D  3020               	movlw	32
  4242     086E  0249               	subwf	___fltol@exp1,w
  4243     086F  1C03               	skipc
  4244     0870  2872               	goto	u2711
  4245     0871  2873               	goto	u2710
  4246     0872                     u2711:
  4247     0872  287F               	goto	l641
  4248     0873                     u2710:
  4249     0873  282A               	goto	l2408
  4250     0874                     l2436:
  4251     0874  3001               	movlw	1
  4252     0875  00C4               	movwf	??___fltol
  4253     0876                     u2725:
  4254     0876  1003               	clrc
  4255     0877  0DC0               	rlf	___fltol@f1,f
  4256     0878  0DC1               	rlf	___fltol@f1+1,f
  4257     0879  0DC2               	rlf	___fltol@f1+2,f
  4258     087A  0DC3               	rlf	___fltol@f1+3,f
  4259     087B  0BC4               	decfsz	??___fltol,f
  4260     087C  2876               	goto	u2725
  4261     087D  3001               	movlw	1
  4262     087E  02C9               	subwf	___fltol@exp1,f
  4263     087F                     l641:
  4264     087F  0849               	movf	___fltol@exp1,w
  4265     0880  1D03               	btfss	3,2
  4266     0881  2883               	goto	u2731
  4267     0882  2884               	goto	u2730
  4268     0883                     u2731:
  4269     0883  2874               	goto	l2436
  4270     0884                     u2730:
  4271     0884                     l2438:
  4272     0884  0848               	movf	___fltol@sign1,w
  4273     0885  1903               	btfsc	3,2
  4274     0886  2888               	goto	u2741
  4275     0887  2889               	goto	u2740
  4276     0888                     u2741:
  4277     0888  2894               	goto	l644
  4278     0889                     u2740:
  4279     0889                     l2440:
  4280     0889  09C0               	comf	___fltol@f1,f
  4281     088A  09C1               	comf	___fltol@f1+1,f
  4282     088B  09C2               	comf	___fltol@f1+2,f
  4283     088C  09C3               	comf	___fltol@f1+3,f
  4284     088D  0AC0               	incf	___fltol@f1,f
  4285     088E  1903               	skipnz
  4286     088F  0AC1               	incf	___fltol@f1+1,f
  4287     0890  1903               	skipnz
  4288     0891  0AC2               	incf	___fltol@f1+2,f
  4289     0892  1903               	skipnz
  4290     0893  0AC3               	incf	___fltol@f1+3,f
  4291     0894                     l644:
  4292     0894                     l634:
  4293     0894  0008               	return
  4294     0895                     __end_of___fltol:
  4295                           
  4296                           	psect	text8
  4297     14A0                     __ptext8:	
  4298 ;; *************** function ___flsub *****************
  4299 ;; Defined at:
  4300 ;;		line 242 in file "C:\Program Files\Microchip\xc8\v3.00\pic\sources\c99\common\sprcadd.c"
  4301 ;; Parameters:    Size  Location     Type
  4302 ;;  a               4   32[BANK0 ] long 
  4303 ;;  b               4   36[BANK0 ] long 
  4304 ;; Auto vars:     Size  Location     Type
  4305 ;;		None
  4306 ;; Return value:  Size  Location     Type
  4307 ;;                  4   32[BANK0 ] long 
  4308 ;; Registers used:
  4309 ;;		wreg, status,2, status,0, btemp+1, pclath, cstack
  4310 ;; Tracked objects:
  4311 ;;		On entry : 0/0
  4312 ;;		On exit  : 0/0
  4313 ;;		Unchanged: 0/0
  4314 ;; Data sizes:     COMMON   BANK0   BANK1   BANK3   BANK2
  4315 ;;      Params:         0       8       0       0       0
  4316 ;;      Locals:         0       0       0       0       0
  4317 ;;      Temps:          0       0       0       0       0
  4318 ;;      Totals:         0       8       0       0       0
  4319 ;;Total ram usage:        8 bytes
  4320 ;; Hardware stack levels used: 1
  4321 ;; Hardware stack levels required when called: 2
  4322 ;; This function calls:
  4323 ;;		___fladd
  4324 ;; This function is called by:
  4325 ;;		_start
  4326 ;; This function uses a non-reentrant model
  4327 ;;
  4328                           
  4329     14A0                     ___flsub:	
  4330                           ;psect for function ___flsub
  4331                           
  4332     14A0                     l2442:	
  4333                           ;incstack = 0
  4334                           ; Regs used in ___flsub: [wreg+status,2+status,0+btemp+1+pclath+cstack]
  4335                           
  4336     14A0  3080               	movlw	128
  4337     14A1  1283               	bcf	3,5	;RP0=0, select bank0
  4338     14A2  1303               	bcf	3,6	;RP1=0, select bank0
  4339     14A3  06C3               	xorwf	___flsub@a+3,f
  4340     14A4                     l2444:
  4341     14A4  0847               	movf	___flsub@b+3,w
  4342     14A5  00F5               	movwf	___fladd@b+3
  4343     14A6  0846               	movf	___flsub@b+2,w
  4344     14A7  00F4               	movwf	___fladd@b+2
  4345     14A8  0845               	movf	___flsub@b+1,w
  4346     14A9  00F3               	movwf	___fladd@b+1
  4347     14AA  0844               	movf	___flsub@b,w
  4348     14AB  00F2               	movwf	___fladd@b
  4349     14AC  0843               	movf	___flsub@a+3,w
  4350     14AD  00F9               	movwf	___fladd@a+3
  4351     14AE  0842               	movf	___flsub@a+2,w
  4352     14AF  00F8               	movwf	___fladd@a+2
  4353     14B0  0841               	movf	___flsub@a+1,w
  4354     14B1  00F7               	movwf	___fladd@a+1
  4355     14B2  0840               	movf	___flsub@a,w
  4356     14B3  00F6               	movwf	___fladd@a
  4357     14B4  120A  158A  25B0  160A  118A  	fcall	___fladd
  4358     14B9  0875               	movf	?___fladd+3,w
  4359     14BA  1283               	bcf	3,5	;RP0=0, select bank0
  4360     14BB  1303               	bcf	3,6	;RP1=0, select bank0
  4361     14BC  00C3               	movwf	?___flsub+3
  4362     14BD  0874               	movf	?___fladd+2,w
  4363     14BE  00C2               	movwf	?___flsub+2
  4364     14BF  0873               	movf	?___fladd+1,w
  4365     14C0  00C1               	movwf	?___flsub+1
  4366     14C1  0872               	movf	?___fladd,w
  4367     14C2  00C0               	movwf	?___flsub
  4368     14C3                     l787:
  4369     14C3  0008               	return
  4370     14C4                     __end_of___flsub:
  4371                           
  4372                           	psect	text9
  4373     0DB0                     __ptext9:	
  4374 ;; *************** function ___fladd *****************
  4375 ;; Defined at:
  4376 ;;		line 10 in file "C:\Program Files\Microchip\xc8\v3.00\pic\sources\c99\common\sprcadd.c"
  4377 ;; Parameters:    Size  Location     Type
  4378 ;;  b               4    2[COMMON] long 
  4379 ;;  a               4    6[COMMON] long 
  4380 ;; Auto vars:     Size  Location     Type
  4381 ;;  grs             1   11[BANK0 ] unsigned char 
  4382 ;;  bexp            1   10[BANK0 ] unsigned char 
  4383 ;;  aexp            1    9[BANK0 ] unsigned char 
  4384 ;;  signs           1    8[BANK0 ] unsigned char 
  4385 ;; Return value:  Size  Location     Type
  4386 ;;                  4    2[COMMON] unsigned char 
  4387 ;; Registers used:
  4388 ;;		wreg, status,2, status,0, btemp+1
  4389 ;; Tracked objects:
  4390 ;;		On entry : 0/0
  4391 ;;		On exit  : 0/0
  4392 ;;		Unchanged: 0/0
  4393 ;; Data sizes:     COMMON   BANK0   BANK1   BANK3   BANK2
  4394 ;;      Params:         8       0       0       0       0
  4395 ;;      Locals:         0       4       0       0       0
  4396 ;;      Temps:          0       8       0       0       0
  4397 ;;      Totals:         8      12       0       0       0
  4398 ;;Total ram usage:       20 bytes
  4399 ;; Hardware stack levels used: 1
  4400 ;; Hardware stack levels required when called: 1
  4401 ;; This function calls:
  4402 ;;		Nothing
  4403 ;; This function is called by:
  4404 ;;		___flsub
  4405 ;; This function uses a non-reentrant model
  4406 ;;
  4407                           
  4408     0DB0                     ___fladd:	
  4409                           ;psect for function ___fladd
  4410                           
  4411     0DB0                     l2044:	
  4412                           ;incstack = 0
  4413                           ; Regs used in ___fladd: [wreg+status,2+status,0+btemp+1]
  4414                           
  4415     0DB0  0875               	movf	___fladd@b+3,w
  4416     0DB1  1283               	bcf	3,5	;RP0=0, select bank0
  4417     0DB2  1303               	bcf	3,6	;RP1=0, select bank0
  4418     0DB3  00A8               	movwf	___fladd@signs
  4419     0DB4                     l2046:
  4420     0DB4  3080               	movlw	128
  4421     0DB5  05A8               	andwf	___fladd@signs,f
  4422     0DB6                     l2048:
  4423     0DB6  0875               	movf	___fladd@b+3,w
  4424     0DB7  00A0               	movwf	??___fladd
  4425     0DB8  0720               	addwf	??___fladd,w
  4426     0DB9  00AA               	movwf	___fladd@bexp
  4427     0DBA                     l2050:
  4428     0DBA  1FF4               	btfss	___fladd@b+2,7
  4429     0DBB  2DBD               	goto	u1861
  4430     0DBC  2DBE               	goto	u1860
  4431     0DBD                     u1861:
  4432     0DBD  2DBF               	goto	l2054
  4433     0DBE                     u1860:
  4434     0DBE                     l2052:
  4435     0DBE  142A               	bsf	___fladd@bexp,0
  4436     0DBF                     l2054:
  4437     0DBF  082A               	movf	___fladd@bexp,w
  4438     0DC0  1903               	btfsc	3,2
  4439     0DC1  2DC3               	goto	u1871
  4440     0DC2  2DC4               	goto	u1870
  4441     0DC3                     u1871:
  4442     0DC3  2DD4               	goto	l2064
  4443     0DC4                     u1870:
  4444     0DC4                     l2056:
  4445     0DC4  0A2A               	incf	___fladd@bexp,w
  4446     0DC5  1D03               	btfss	3,2
  4447     0DC6  2DC8               	goto	u1881
  4448     0DC7  2DC9               	goto	u1880
  4449     0DC8                     u1881:
  4450     0DC8  2DD1               	goto	l2060
  4451     0DC9                     u1880:
  4452     0DC9                     l2058:
  4453     0DC9  3000               	movlw	0
  4454     0DCA  00F5               	movwf	___fladd@b+3
  4455     0DCB  3000               	movlw	0
  4456     0DCC  00F4               	movwf	___fladd@b+2
  4457     0DCD  3000               	movlw	0
  4458     0DCE  00F3               	movwf	___fladd@b+1
  4459     0DCF  3000               	movlw	0
  4460     0DD0  00F2               	movwf	___fladd@b
  4461     0DD1                     l2060:
  4462     0DD1  17F4               	bsf	___fladd@b+2,7
  4463     0DD2                     l2062:
  4464     0DD2  01F5               	clrf	___fladd@b+3
  4465     0DD3  2DDC               	goto	l736
  4466     0DD4                     l2064:
  4467     0DD4  3000               	movlw	0
  4468     0DD5  00F5               	movwf	___fladd@b+3
  4469     0DD6  3000               	movlw	0
  4470     0DD7  00F4               	movwf	___fladd@b+2
  4471     0DD8  3000               	movlw	0
  4472     0DD9  00F3               	movwf	___fladd@b+1
  4473     0DDA  3000               	movlw	0
  4474     0DDB  00F2               	movwf	___fladd@b
  4475     0DDC                     l736:
  4476     0DDC  0879               	movf	___fladd@a+3,w
  4477     0DDD  00A9               	movwf	___fladd@aexp
  4478     0DDE                     l2066:
  4479     0DDE  3080               	movlw	128
  4480     0DDF  05A9               	andwf	___fladd@aexp,f
  4481     0DE0                     l2068:
  4482     0DE0  0829               	movf	___fladd@aexp,w
  4483     0DE1  0628               	xorwf	___fladd@signs,w
  4484     0DE2  1903               	skipnz
  4485     0DE3  2DE5               	goto	u1891
  4486     0DE4  2DE6               	goto	u1890
  4487     0DE5                     u1891:
  4488     0DE5  2DE7               	goto	l2072
  4489     0DE6                     u1890:
  4490     0DE6                     l2070:
  4491     0DE6  1728               	bsf	___fladd@signs,6
  4492     0DE7                     l2072:
  4493     0DE7  0879               	movf	___fladd@a+3,w
  4494     0DE8  00A0               	movwf	??___fladd
  4495     0DE9  0720               	addwf	??___fladd,w
  4496     0DEA  00A9               	movwf	___fladd@aexp
  4497     0DEB                     l2074:
  4498     0DEB  1FF8               	btfss	___fladd@a+2,7
  4499     0DEC  2DEE               	goto	u1901
  4500     0DED  2DEF               	goto	u1900
  4501     0DEE                     u1901:
  4502     0DEE  2DF0               	goto	l2078
  4503     0DEF                     u1900:
  4504     0DEF                     l2076:
  4505     0DEF  1429               	bsf	___fladd@aexp,0
  4506     0DF0                     l2078:
  4507     0DF0  0829               	movf	___fladd@aexp,w
  4508     0DF1  1903               	btfsc	3,2
  4509     0DF2  2DF4               	goto	u1911
  4510     0DF3  2DF5               	goto	u1910
  4511     0DF4                     u1911:
  4512     0DF4  2E05               	goto	l2088
  4513     0DF5                     u1910:
  4514     0DF5                     l2080:
  4515     0DF5  0A29               	incf	___fladd@aexp,w
  4516     0DF6  1D03               	btfss	3,2
  4517     0DF7  2DF9               	goto	u1921
  4518     0DF8  2DFA               	goto	u1920
  4519     0DF9                     u1921:
  4520     0DF9  2E02               	goto	l2084
  4521     0DFA                     u1920:
  4522     0DFA                     l2082:
  4523     0DFA  3000               	movlw	0
  4524     0DFB  00F9               	movwf	___fladd@a+3
  4525     0DFC  3000               	movlw	0
  4526     0DFD  00F8               	movwf	___fladd@a+2
  4527     0DFE  3000               	movlw	0
  4528     0DFF  00F7               	movwf	___fladd@a+1
  4529     0E00  3000               	movlw	0
  4530     0E01  00F6               	movwf	___fladd@a
  4531     0E02                     l2084:
  4532     0E02  17F8               	bsf	___fladd@a+2,7
  4533     0E03                     l2086:
  4534     0E03  01F9               	clrf	___fladd@a+3
  4535     0E04  2E0D               	goto	l741
  4536     0E05                     l2088:
  4537     0E05  3000               	movlw	0
  4538     0E06  00F9               	movwf	___fladd@a+3
  4539     0E07  3000               	movlw	0
  4540     0E08  00F8               	movwf	___fladd@a+2
  4541     0E09  3000               	movlw	0
  4542     0E0A  00F7               	movwf	___fladd@a+1
  4543     0E0B  3000               	movlw	0
  4544     0E0C  00F6               	movwf	___fladd@a
  4545     0E0D                     l741:
  4546     0E0D  082A               	movf	___fladd@bexp,w
  4547     0E0E  0229               	subwf	___fladd@aexp,w
  4548     0E0F  1803               	skipnc
  4549     0E10  2E12               	goto	u1931
  4550     0E11  2E13               	goto	u1930
  4551     0E12                     u1931:
  4552     0E12  2E37               	goto	l2124
  4553     0E13                     u1930:
  4554     0E13                     l2090:
  4555     0E13  1F28               	btfss	___fladd@signs,6
  4556     0E14  2E16               	goto	u1941
  4557     0E15  2E17               	goto	u1940
  4558     0E16                     u1941:
  4559     0E16  2E19               	goto	l2094
  4560     0E17                     u1940:
  4561     0E17                     l2092:
  4562     0E17  3080               	movlw	128
  4563     0E18  06A8               	xorwf	___fladd@signs,f
  4564     0E19                     l2094:
  4565     0E19  082A               	movf	___fladd@bexp,w
  4566     0E1A  00AB               	movwf	___fladd@grs
  4567     0E1B                     l2096:
  4568     0E1B  0829               	movf	___fladd@aexp,w
  4569     0E1C  00AA               	movwf	___fladd@bexp
  4570     0E1D                     l2098:
  4571     0E1D  082B               	movf	___fladd@grs,w
  4572     0E1E  00A9               	movwf	___fladd@aexp
  4573     0E1F                     l2100:
  4574     0E1F  0872               	movf	___fladd@b,w
  4575     0E20  00AB               	movwf	___fladd@grs
  4576     0E21                     l2102:
  4577     0E21  0876               	movf	___fladd@a,w
  4578     0E22  00F2               	movwf	___fladd@b
  4579     0E23                     l2104:
  4580     0E23  082B               	movf	___fladd@grs,w
  4581     0E24  00F6               	movwf	___fladd@a
  4582     0E25                     l2106:
  4583     0E25  0873               	movf	___fladd@b+1,w
  4584     0E26  00AB               	movwf	___fladd@grs
  4585     0E27                     l2108:
  4586     0E27  0877               	movf	___fladd@a+1,w
  4587     0E28  00F3               	movwf	___fladd@b+1
  4588     0E29                     l2110:
  4589     0E29  082B               	movf	___fladd@grs,w
  4590     0E2A  00F7               	movwf	___fladd@a+1
  4591     0E2B                     l2112:
  4592     0E2B  0874               	movf	___fladd@b+2,w
  4593     0E2C  00AB               	movwf	___fladd@grs
  4594     0E2D                     l2114:
  4595     0E2D  0878               	movf	___fladd@a+2,w
  4596     0E2E  00F4               	movwf	___fladd@b+2
  4597     0E2F                     l2116:
  4598     0E2F  082B               	movf	___fladd@grs,w
  4599     0E30  00F8               	movwf	___fladd@a+2
  4600     0E31                     l2118:
  4601     0E31  0875               	movf	___fladd@b+3,w
  4602     0E32  00AB               	movwf	___fladd@grs
  4603     0E33                     l2120:
  4604     0E33  0879               	movf	___fladd@a+3,w
  4605     0E34  00F5               	movwf	___fladd@b+3
  4606     0E35                     l2122:
  4607     0E35  082B               	movf	___fladd@grs,w
  4608     0E36  00F9               	movwf	___fladd@a+3
  4609     0E37                     l2124:
  4610     0E37  01AB               	clrf	___fladd@grs
  4611     0E38                     l2126:
  4612     0E38  0829               	movf	___fladd@aexp,w
  4613     0E39  00A0               	movwf	??___fladd
  4614     0E3A  01A1               	clrf	??___fladd+1
  4615     0E3B  0821               	movf	??___fladd+1,w
  4616     0E3C  00A3               	movwf	??___fladd+3
  4617     0E3D  082A               	movf	___fladd@bexp,w
  4618     0E3E  0220               	subwf	??___fladd,w
  4619     0E3F  00A2               	movwf	??___fladd+2
  4620     0E40  1C03               	skipc
  4621     0E41  03A3               	decf	??___fladd+3,f
  4622     0E42  0823               	movf	??___fladd+3,w
  4623     0E43  3A80               	xorlw	128
  4624     0E44  00FF               	movwf	btemp+1
  4625     0E45  3080               	movlw	128
  4626     0E46  027F               	subwf	btemp+1,w
  4627     0E47  1D03               	skipz
  4628     0E48  2E4B               	goto	u1955
  4629     0E49  301A               	movlw	26
  4630     0E4A  0222               	subwf	??___fladd+2,w
  4631     0E4B                     u1955:
  4632     0E4B  1C03               	skipc
  4633     0E4C  2E4E               	goto	u1951
  4634     0E4D  2E4F               	goto	u1950
  4635     0E4E                     u1951:
  4636     0E4E  2E84               	goto	l2142
  4637     0E4F                     u1950:
  4638     0E4F                     l2128:
  4639     0E4F  0875               	movf	___fladd@b+3,w
  4640     0E50  0474               	iorwf	___fladd@b+2,w
  4641     0E51  0473               	iorwf	___fladd@b+1,w
  4642     0E52  0472               	iorwf	___fladd@b,w
  4643     0E53  1D03               	skipz
  4644     0E54  2E56               	goto	u1961
  4645     0E55  2E58               	goto	u1960
  4646     0E56                     u1961:
  4647     0E56  3001               	movlw	1
  4648     0E57  2E59               	goto	u1970
  4649     0E58                     u1960:
  4650     0E58  3000               	movlw	0
  4651     0E59                     u1970:
  4652     0E59  1283               	bcf	3,5	;RP0=0, select bank0
  4653     0E5A  1303               	bcf	3,6	;RP1=0, select bank0
  4654     0E5B  00AB               	movwf	___fladd@grs
  4655     0E5C  3000               	movlw	0
  4656     0E5D  00F5               	movwf	___fladd@b+3
  4657     0E5E  3000               	movlw	0
  4658     0E5F  00F4               	movwf	___fladd@b+2
  4659     0E60  3000               	movlw	0
  4660     0E61  00F3               	movwf	___fladd@b+1
  4661     0E62  3000               	movlw	0
  4662     0E63  00F2               	movwf	___fladd@b
  4663     0E64  0829               	movf	___fladd@aexp,w
  4664     0E65  00AA               	movwf	___fladd@bexp
  4665     0E66  2E8C               	goto	l745
  4666     0E67                     l747:
  4667     0E67  1C2B               	btfss	___fladd@grs,0
  4668     0E68  2E6A               	goto	u1981
  4669     0E69  2E6B               	goto	u1980
  4670     0E6A                     u1981:
  4671     0E6A  2E72               	goto	l2132
  4672     0E6B                     u1980:
  4673     0E6B                     l2130:
  4674     0E6B  082B               	movf	___fladd@grs,w
  4675     0E6C  00A0               	movwf	??___fladd
  4676     0E6D  1003               	clrc
  4677     0E6E  0C20               	rrf	??___fladd,w
  4678     0E6F  3801               	iorlw	1
  4679     0E70  00AB               	movwf	___fladd@grs
  4680     0E71  2E74               	goto	l2134
  4681     0E72                     l2132:
  4682     0E72  1003               	clrc
  4683     0E73  0CAB               	rrf	___fladd@grs,f
  4684     0E74                     l2134:
  4685     0E74  1C72               	btfss	___fladd@b,0
  4686     0E75  2E77               	goto	u1991
  4687     0E76  2E78               	goto	u1990
  4688     0E77                     u1991:
  4689     0E77  2E79               	goto	l2138
  4690     0E78                     u1990:
  4691     0E78                     l2136:
  4692     0E78  17AB               	bsf	___fladd@grs,7
  4693     0E79                     l2138:
  4694     0E79  3001               	movlw	1
  4695     0E7A  00A0               	movwf	??___fladd
  4696     0E7B                     u2005:
  4697     0E7B  0D75               	rlf	___fladd@b+3,w
  4698     0E7C  0CF5               	rrf	___fladd@b+3,f
  4699     0E7D  0CF4               	rrf	___fladd@b+2,f
  4700     0E7E  0CF3               	rrf	___fladd@b+1,f
  4701     0E7F  0CF2               	rrf	___fladd@b,f
  4702     0E80  0BA0               	decfsz	??___fladd& (0+127),f
  4703     0E81  2E7B               	goto	u2005
  4704     0E82                     l2140:
  4705     0E82  3001               	movlw	1
  4706     0E83  07AA               	addwf	___fladd@bexp,f
  4707     0E84                     l2142:
  4708     0E84  1283               	bcf	3,5	;RP0=0, select bank0
  4709     0E85  1303               	bcf	3,6	;RP1=0, select bank0
  4710     0E86  0829               	movf	___fladd@aexp,w
  4711     0E87  022A               	subwf	___fladd@bexp,w
  4712     0E88  1C03               	skipc
  4713     0E89  2E8B               	goto	u2011
  4714     0E8A  2E8C               	goto	u2010
  4715     0E8B                     u2011:
  4716     0E8B  2E67               	goto	l747
  4717     0E8C                     u2010:
  4718     0E8C                     l745:
  4719     0E8C  1B28               	btfsc	___fladd@signs,6
  4720     0E8D  2E8F               	goto	u2021
  4721     0E8E  2E90               	goto	u2020
  4722     0E8F                     u2021:
  4723     0E8F  2ED7               	goto	l2168
  4724     0E90                     u2020:
  4725     0E90                     l2144:
  4726     0E90  082A               	movf	___fladd@bexp,w
  4727     0E91  1D03               	btfss	3,2
  4728     0E92  2E94               	goto	u2031
  4729     0E93  2E95               	goto	u2030
  4730     0E94                     u2031:
  4731     0E94  2E9E               	goto	l2150
  4732     0E95                     u2030:
  4733     0E95                     l2146:
  4734     0E95  3000               	movlw	0
  4735     0E96  00F5               	movwf	?___fladd+3
  4736     0E97  3000               	movlw	0
  4737     0E98  00F4               	movwf	?___fladd+2
  4738     0E99  3000               	movlw	0
  4739     0E9A  00F3               	movwf	?___fladd+1
  4740     0E9B  3000               	movlw	0
  4741     0E9C  00F2               	movwf	?___fladd
  4742     0E9D  2FFF               	goto	l754
  4743     0E9E                     l2150:
  4744     0E9E  0876               	movf	___fladd@a,w
  4745     0E9F  07F2               	addwf	___fladd@b,f
  4746     0EA0  0877               	movf	___fladd@a+1,w
  4747     0EA1  1103               	clrz
  4748     0EA2  1803               	skipnc
  4749     0EA3  3E01               	addlw	1
  4750     0EA4  1903               	skipnz
  4751     0EA5  2EA7               	goto	u2041
  4752     0EA6  07F3               	addwf	___fladd@b+1,f
  4753     0EA7                     u2041:
  4754     0EA7  0878               	movf	___fladd@a+2,w
  4755     0EA8  1103               	clrz
  4756     0EA9  1803               	skipnc
  4757     0EAA  3E01               	addlw	1
  4758     0EAB  1903               	skipnz
  4759     0EAC  2EAE               	goto	u2042
  4760     0EAD  07F4               	addwf	___fladd@b+2,f
  4761     0EAE                     u2042:
  4762     0EAE  0879               	movf	___fladd@a+3,w
  4763     0EAF  1103               	clrz
  4764     0EB0  1803               	skipnc
  4765     0EB1  3E01               	addlw	1
  4766     0EB2  1903               	skipnz
  4767     0EB3  2EB5               	goto	u2043
  4768     0EB4  07F5               	addwf	___fladd@b+3,f
  4769     0EB5                     u2043:
  4770     0EB5                     l2152:
  4771     0EB5  1C75               	btfss	___fladd@b+3,0
  4772     0EB6  2EB8               	goto	u2051
  4773     0EB7  2EB9               	goto	u2050
  4774     0EB8                     u2051:
  4775     0EB8  2F8B               	goto	l2204
  4776     0EB9                     u2050:
  4777     0EB9                     l2154:
  4778     0EB9  1C2B               	btfss	___fladd@grs,0
  4779     0EBA  2EBC               	goto	u2061
  4780     0EBB  2EBD               	goto	u2060
  4781     0EBC                     u2061:
  4782     0EBC  2EC4               	goto	l2158
  4783     0EBD                     u2060:
  4784     0EBD                     l2156:
  4785     0EBD  082B               	movf	___fladd@grs,w
  4786     0EBE  00A0               	movwf	??___fladd
  4787     0EBF  1003               	clrc
  4788     0EC0  0C20               	rrf	??___fladd,w
  4789     0EC1  3801               	iorlw	1
  4790     0EC2  00AB               	movwf	___fladd@grs
  4791     0EC3  2EC6               	goto	l2160
  4792     0EC4                     l2158:
  4793     0EC4  1003               	clrc
  4794     0EC5  0CAB               	rrf	___fladd@grs,f
  4795     0EC6                     l2160:
  4796     0EC6  1C72               	btfss	___fladd@b,0
  4797     0EC7  2EC9               	goto	u2071
  4798     0EC8  2ECA               	goto	u2070
  4799     0EC9                     u2071:
  4800     0EC9  2ECB               	goto	l2164
  4801     0ECA                     u2070:
  4802     0ECA                     l2162:
  4803     0ECA  17AB               	bsf	___fladd@grs,7
  4804     0ECB                     l2164:
  4805     0ECB  3001               	movlw	1
  4806     0ECC  00A0               	movwf	??___fladd
  4807     0ECD                     u2085:
  4808     0ECD  0D75               	rlf	___fladd@b+3,w
  4809     0ECE  0CF5               	rrf	___fladd@b+3,f
  4810     0ECF  0CF4               	rrf	___fladd@b+2,f
  4811     0ED0  0CF3               	rrf	___fladd@b+1,f
  4812     0ED1  0CF2               	rrf	___fladd@b,f
  4813     0ED2  0BA0               	decfsz	??___fladd& (0+127),f
  4814     0ED3  2ECD               	goto	u2085
  4815     0ED4                     l2166:
  4816     0ED4  3001               	movlw	1
  4817     0ED5  07AA               	addwf	___fladd@bexp,f
  4818     0ED6  2F8B               	goto	l2204
  4819     0ED7                     l2168:
  4820     0ED7  0875               	movf	___fladd@b+3,w
  4821     0ED8  3A80               	xorlw	128
  4822     0ED9  00FF               	movwf	btemp+1
  4823     0EDA  0879               	movf	___fladd@a+3,w
  4824     0EDB  3A80               	xorlw	128
  4825     0EDC  027F               	subwf	btemp+1,w
  4826     0EDD  1D03               	skipz
  4827     0EDE  2EE9               	goto	u2093
  4828     0EDF  0878               	movf	___fladd@a+2,w
  4829     0EE0  0274               	subwf	___fladd@b+2,w
  4830     0EE1  1D03               	skipz
  4831     0EE2  2EE9               	goto	u2093
  4832     0EE3  0877               	movf	___fladd@a+1,w
  4833     0EE4  0273               	subwf	___fladd@b+1,w
  4834     0EE5  1D03               	skipz
  4835     0EE6  2EE9               	goto	u2093
  4836     0EE7  0876               	movf	___fladd@a,w
  4837     0EE8  0272               	subwf	___fladd@b,w
  4838     0EE9                     u2093:
  4839     0EE9  1803               	skipnc
  4840     0EEA  2EEC               	goto	u2091
  4841     0EEB  2EED               	goto	u2090
  4842     0EEC                     u2091:
  4843     0EEC  2F44               	goto	l2180
  4844     0EED                     u2090:
  4845     0EED                     l2170:
  4846     0EED  30FF               	movlw	255
  4847     0EEE  00A0               	movwf	??___fladd
  4848     0EEF  30FF               	movlw	255
  4849     0EF0  00A1               	movwf	??___fladd+1
  4850     0EF1  30FF               	movlw	255
  4851     0EF2  00A2               	movwf	??___fladd+2
  4852     0EF3  30FF               	movlw	255
  4853     0EF4  00A3               	movwf	??___fladd+3
  4854     0EF5  0876               	movf	___fladd@a,w
  4855     0EF6  00A4               	movwf	??___fladd+4
  4856     0EF7  0877               	movf	___fladd@a+1,w
  4857     0EF8  00A5               	movwf	??___fladd+5
  4858     0EF9  0878               	movf	___fladd@a+2,w
  4859     0EFA  00A6               	movwf	??___fladd+6
  4860     0EFB  0879               	movf	___fladd@a+3,w
  4861     0EFC  00A7               	movwf	??___fladd+7
  4862     0EFD  0872               	movf	___fladd@b,w
  4863     0EFE  02A4               	subwf	??___fladd+4,f
  4864     0EFF  0873               	movf	___fladd@b+1,w
  4865     0F00  1C03               	skipc
  4866     0F01  0F73               	incfsz	___fladd@b+1,w
  4867     0F02  2F04               	goto	u2101
  4868     0F03  2F05               	goto	u2102
  4869     0F04                     u2101:
  4870     0F04  02A5               	subwf	??___fladd+5,f
  4871     0F05                     u2102:
  4872     0F05  0874               	movf	___fladd@b+2,w
  4873     0F06  1C03               	skipc
  4874     0F07  0F74               	incfsz	___fladd@b+2,w
  4875     0F08  2F0A               	goto	u2103
  4876     0F09  2F0B               	goto	u2104
  4877     0F0A                     u2103:
  4878     0F0A  02A6               	subwf	??___fladd+6,f
  4879     0F0B                     u2104:
  4880     0F0B  0875               	movf	___fladd@b+3,w
  4881     0F0C  1C03               	skipc
  4882     0F0D  0F75               	incfsz	___fladd@b+3,w
  4883     0F0E  2F10               	goto	u2105
  4884     0F0F  2F11               	goto	u2106
  4885     0F10                     u2105:
  4886     0F10  02A7               	subwf	??___fladd+7,f
  4887     0F11                     u2106:
  4888     0F11  0824               	movf	??___fladd+4,w
  4889     0F12  07A0               	addwf	??___fladd,f
  4890     0F13  0825               	movf	??___fladd+5,w
  4891     0F14  1803               	skipnc
  4892     0F15  0F25               	incfsz	??___fladd+5,w
  4893     0F16  2F18               	goto	u2110
  4894     0F17  2F19               	goto	u2111
  4895     0F18                     u2110:
  4896     0F18  07A1               	addwf	??___fladd+1,f
  4897     0F19                     u2111:
  4898     0F19  0826               	movf	??___fladd+6,w
  4899     0F1A  1803               	skipnc
  4900     0F1B  0F26               	incfsz	??___fladd+6,w
  4901     0F1C  2F1E               	goto	u2112
  4902     0F1D  2F1F               	goto	u2113
  4903     0F1E                     u2112:
  4904     0F1E  07A2               	addwf	??___fladd+2,f
  4905     0F1F                     u2113:
  4906     0F1F  0827               	movf	??___fladd+7,w
  4907     0F20  1803               	skipnc
  4908     0F21  0A27               	incf	??___fladd+7,w
  4909     0F22  07A3               	addwf	??___fladd+3,f
  4910     0F23  0823               	movf	??___fladd+3,w
  4911     0F24  00F5               	movwf	___fladd@b+3
  4912     0F25  0822               	movf	??___fladd+2,w
  4913     0F26  00F4               	movwf	___fladd@b+2
  4914     0F27  0821               	movf	??___fladd+1,w
  4915     0F28  00F3               	movwf	___fladd@b+1
  4916     0F29  0820               	movf	??___fladd,w
  4917     0F2A  00F2               	movwf	___fladd@b
  4918     0F2B                     l2172:
  4919     0F2B  3080               	movlw	128
  4920     0F2C  06A8               	xorwf	___fladd@signs,f
  4921     0F2D                     l2174:
  4922     0F2D  032B               	decf	___fladd@grs,w
  4923     0F2E  3AFF               	xorlw	255
  4924     0F2F  00AB               	movwf	___fladd@grs
  4925     0F30                     l2176:
  4926     0F30  082B               	movf	___fladd@grs,w
  4927     0F31  1D03               	btfss	3,2
  4928     0F32  2F34               	goto	u2121
  4929     0F33  2F35               	goto	u2120
  4930     0F34                     u2121:
  4931     0F34  2F52               	goto	l762
  4932     0F35                     u2120:
  4933     0F35                     l2178:
  4934     0F35  3001               	movlw	1
  4935     0F36  07F2               	addwf	___fladd@b,f
  4936     0F37  3000               	movlw	0
  4937     0F38  1803               	skipnc
  4938     0F39  3001               	movlw	1
  4939     0F3A  07F3               	addwf	___fladd@b+1,f
  4940     0F3B  3000               	movlw	0
  4941     0F3C  1803               	skipnc
  4942     0F3D  3001               	movlw	1
  4943     0F3E  07F4               	addwf	___fladd@b+2,f
  4944     0F3F  3000               	movlw	0
  4945     0F40  1803               	skipnc
  4946     0F41  3001               	movlw	1
  4947     0F42  07F5               	addwf	___fladd@b+3,f
  4948     0F43  2F52               	goto	l762
  4949     0F44                     l2180:
  4950     0F44  0876               	movf	___fladd@a,w
  4951     0F45  02F2               	subwf	___fladd@b,f
  4952     0F46  0877               	movf	___fladd@a+1,w
  4953     0F47  1C03               	skipc
  4954     0F48  0F77               	incfsz	___fladd@a+1,w
  4955     0F49  02F3               	subwf	___fladd@b+1,f
  4956     0F4A  0878               	movf	___fladd@a+2,w
  4957     0F4B  1C03               	skipc
  4958     0F4C  0F78               	incfsz	___fladd@a+2,w
  4959     0F4D  02F4               	subwf	___fladd@b+2,f
  4960     0F4E  0879               	movf	___fladd@a+3,w
  4961     0F4F  1C03               	skipc
  4962     0F50  0F79               	incfsz	___fladd@a+3,w
  4963     0F51  02F5               	subwf	___fladd@b+3,f
  4964     0F52                     l762:
  4965     0F52  0875               	movf	___fladd@b+3,w
  4966     0F53  0474               	iorwf	___fladd@b+2,w
  4967     0F54  0473               	iorwf	___fladd@b+1,w
  4968     0F55  0472               	iorwf	___fladd@b,w
  4969     0F56  1D03               	skipz
  4970     0F57  2F59               	goto	u2131
  4971     0F58  2F5A               	goto	u2130
  4972     0F59                     u2131:
  4973     0F59  2F87               	goto	l2202
  4974     0F5A                     u2130:
  4975     0F5A                     l2182:
  4976     0F5A  082B               	movf	___fladd@grs,w
  4977     0F5B  1D03               	btfss	3,2
  4978     0F5C  2F5E               	goto	u2141
  4979     0F5D  2F5F               	goto	u2140
  4980     0F5E                     u2141:
  4981     0F5E  2F87               	goto	l2202
  4982     0F5F                     u2140:
  4983     0F5F                     l2184:
  4984     0F5F  3000               	movlw	0
  4985     0F60  00F5               	movwf	?___fladd+3
  4986     0F61  3000               	movlw	0
  4987     0F62  00F4               	movwf	?___fladd+2
  4988     0F63  3000               	movlw	0
  4989     0F64  00F3               	movwf	?___fladd+1
  4990     0F65  3000               	movlw	0
  4991     0F66  00F2               	movwf	?___fladd
  4992     0F67  2FFF               	goto	l754
  4993     0F68                     l2188:
  4994     0F68  3001               	movlw	1
  4995     0F69  00A0               	movwf	??___fladd
  4996     0F6A                     u2155:
  4997     0F6A  1003               	clrc
  4998     0F6B  0DF2               	rlf	___fladd@b,f
  4999     0F6C  0DF3               	rlf	___fladd@b+1,f
  5000     0F6D  0DF4               	rlf	___fladd@b+2,f
  5001     0F6E  0DF5               	rlf	___fladd@b+3,f
  5002     0F6F  0BA0               	decfsz	??___fladd,f
  5003     0F70  2F6A               	goto	u2155
  5004     0F71                     l2190:
  5005     0F71  1FAB               	btfss	___fladd@grs,7
  5006     0F72  2F74               	goto	u2161
  5007     0F73  2F75               	goto	u2160
  5008     0F74                     u2161:
  5009     0F74  2F76               	goto	l766
  5010     0F75                     u2160:
  5011     0F75                     l2192:
  5012     0F75  1472               	bsf	___fladd@b,0
  5013     0F76                     l766:
  5014     0F76  1C2B               	btfss	___fladd@grs,0
  5015     0F77  2F79               	goto	u2171
  5016     0F78  2F7A               	goto	u2170
  5017     0F79                     u2171:
  5018     0F79  2F7E               	goto	l2196
  5019     0F7A                     u2170:
  5020     0F7A                     l2194:
  5021     0F7A  1403               	setc
  5022     0F7B  0D2B               	rlf	___fladd@grs,w
  5023     0F7C  00AB               	movwf	___fladd@grs
  5024     0F7D  2F80               	goto	l2198
  5025     0F7E                     l2196:
  5026     0F7E  1003               	clrc
  5027     0F7F  0DAB               	rlf	___fladd@grs,f
  5028     0F80                     l2198:
  5029     0F80  082A               	movf	___fladd@bexp,w
  5030     0F81  1903               	btfsc	3,2
  5031     0F82  2F84               	goto	u2181
  5032     0F83  2F85               	goto	u2180
  5033     0F84                     u2181:
  5034     0F84  2F87               	goto	l2202
  5035     0F85                     u2180:
  5036     0F85                     l2200:
  5037     0F85  3001               	movlw	1
  5038     0F86  02AA               	subwf	___fladd@bexp,f
  5039     0F87                     l2202:
  5040     0F87  1FF4               	btfss	___fladd@b+2,7
  5041     0F88  2F8A               	goto	u2191
  5042     0F89  2F8B               	goto	u2190
  5043     0F8A                     u2191:
  5044     0F8A  2F68               	goto	l2188
  5045     0F8B                     u2190:
  5046     0F8B                     l2204:
  5047     0F8B  01A9               	clrf	___fladd@aexp
  5048     0F8C                     l2206:
  5049     0F8C  1FAB               	btfss	___fladd@grs,7
  5050     0F8D  2F8F               	goto	u2201
  5051     0F8E  2F90               	goto	u2200
  5052     0F8F                     u2201:
  5053     0F8F  2F9E               	goto	l2214
  5054     0F90                     u2200:
  5055     0F90                     l2208:
  5056     0F90  082B               	movf	___fladd@grs,w
  5057     0F91  397F               	andlw	127
  5058     0F92  1903               	btfsc	3,2
  5059     0F93  2F95               	goto	u2211
  5060     0F94  2F96               	goto	u2210
  5061     0F95                     u2211:
  5062     0F95  2F99               	goto	l772
  5063     0F96                     u2210:
  5064     0F96                     l2210:
  5065     0F96  3001               	movlw	1
  5066     0F97  00A9               	movwf	___fladd@aexp
  5067     0F98  2F9E               	goto	l2214
  5068     0F99                     l772:
  5069     0F99  1C72               	btfss	___fladd@b,0
  5070     0F9A  2F9C               	goto	u2221
  5071     0F9B  2F9D               	goto	u2220
  5072     0F9C                     u2221:
  5073     0F9C  2F9E               	goto	l2214
  5074     0F9D                     u2220:
  5075     0F9D  2F96               	goto	l2210
  5076     0F9E                     l2214:
  5077     0F9E  0829               	movf	___fladd@aexp,w
  5078     0F9F  1903               	btfsc	3,2
  5079     0FA0  2FA2               	goto	u2231
  5080     0FA1  2FA3               	goto	u2230
  5081     0FA2                     u2231:
  5082     0FA2  2FD5               	goto	l775
  5083     0FA3                     u2230:
  5084     0FA3                     l2216:
  5085     0FA3  3001               	movlw	1
  5086     0FA4  07F2               	addwf	___fladd@b,f
  5087     0FA5  3000               	movlw	0
  5088     0FA6  1803               	skipnc
  5089     0FA7  3001               	movlw	1
  5090     0FA8  07F3               	addwf	___fladd@b+1,f
  5091     0FA9  3000               	movlw	0
  5092     0FAA  1803               	skipnc
  5093     0FAB  3001               	movlw	1
  5094     0FAC  07F4               	addwf	___fladd@b+2,f
  5095     0FAD  3000               	movlw	0
  5096     0FAE  1803               	skipnc
  5097     0FAF  3001               	movlw	1
  5098     0FB0  07F5               	addwf	___fladd@b+3,f
  5099     0FB1                     l2218:
  5100     0FB1  1C75               	btfss	___fladd@b+3,0
  5101     0FB2  2FB4               	goto	u2241
  5102     0FB3  2FB5               	goto	u2240
  5103     0FB4                     u2241:
  5104     0FB4  2FD5               	goto	l775
  5105     0FB5                     u2240:
  5106     0FB5                     l2220:
  5107     0FB5  0872               	movf	___fladd@b,w
  5108     0FB6  00A0               	movwf	??___fladd
  5109     0FB7  0873               	movf	___fladd@b+1,w
  5110     0FB8  00A1               	movwf	??___fladd+1
  5111     0FB9  0874               	movf	___fladd@b+2,w
  5112     0FBA  00A2               	movwf	??___fladd+2
  5113     0FBB  0875               	movf	___fladd@b+3,w
  5114     0FBC  00A3               	movwf	??___fladd+3
  5115     0FBD  3001               	movlw	1
  5116     0FBE  00A4               	movwf	??___fladd+4
  5117     0FBF                     u2255:
  5118     0FBF  0D23               	rlf	??___fladd+3,w
  5119     0FC0  0CA3               	rrf	??___fladd+3,f
  5120     0FC1  0CA2               	rrf	??___fladd+2,f
  5121     0FC2  0CA1               	rrf	??___fladd+1,f
  5122     0FC3  0CA0               	rrf	??___fladd,f
  5123     0FC4                     u2250:
  5124     0FC4  0BA4               	decfsz	??___fladd+4,f
  5125     0FC5  2FBF               	goto	u2255
  5126     0FC6  0823               	movf	??___fladd+3,w
  5127     0FC7  00F5               	movwf	___fladd@b+3
  5128     0FC8  0822               	movf	??___fladd+2,w
  5129     0FC9  00F4               	movwf	___fladd@b+2
  5130     0FCA  0821               	movf	??___fladd+1,w
  5131     0FCB  00F3               	movwf	___fladd@b+1
  5132     0FCC  0820               	movf	??___fladd,w
  5133     0FCD  00F2               	movwf	___fladd@b
  5134     0FCE  0A2A               	incf	___fladd@bexp,w
  5135     0FCF  1903               	btfsc	3,2
  5136     0FD0  2FD2               	goto	u2261
  5137     0FD1  2FD3               	goto	u2260
  5138     0FD2                     u2261:
  5139     0FD2  2FD5               	goto	l775
  5140     0FD3                     u2260:
  5141     0FD3                     l2222:
  5142     0FD3  3001               	movlw	1
  5143     0FD4  07AA               	addwf	___fladd@bexp,f
  5144     0FD5                     l775:
  5145     0FD5  0A2A               	incf	___fladd@bexp,w
  5146     0FD6  1903               	btfsc	3,2
  5147     0FD7  2FD9               	goto	u2271
  5148     0FD8  2FDA               	goto	u2270
  5149     0FD9                     u2271:
  5150     0FD9  2FDF               	goto	l2226
  5151     0FDA                     u2270:
  5152     0FDA                     l2224:
  5153     0FDA  082A               	movf	___fladd@bexp,w
  5154     0FDB  1D03               	btfss	3,2
  5155     0FDC  2FDE               	goto	u2281
  5156     0FDD  2FDF               	goto	u2280
  5157     0FDE                     u2281:
  5158     0FDE  2FED               	goto	l2232
  5159     0FDF                     u2280:
  5160     0FDF                     l2226:
  5161     0FDF  3000               	movlw	0
  5162     0FE0  00F5               	movwf	___fladd@b+3
  5163     0FE1  3000               	movlw	0
  5164     0FE2  00F4               	movwf	___fladd@b+2
  5165     0FE3  3000               	movlw	0
  5166     0FE4  00F3               	movwf	___fladd@b+1
  5167     0FE5  3000               	movlw	0
  5168     0FE6  00F2               	movwf	___fladd@b
  5169     0FE7                     l2228:
  5170     0FE7  082A               	movf	___fladd@bexp,w
  5171     0FE8  1D03               	btfss	3,2
  5172     0FE9  2FEB               	goto	u2291
  5173     0FEA  2FEC               	goto	u2290
  5174     0FEB                     u2291:
  5175     0FEB  2FED               	goto	l2232
  5176     0FEC                     u2290:
  5177     0FEC                     l2230:
  5178     0FEC  01A8               	clrf	___fladd@signs
  5179     0FED                     l2232:
  5180     0FED  1C2A               	btfss	___fladd@bexp,0
  5181     0FEE  2FF0               	goto	u2301
  5182     0FEF  2FF1               	goto	u2300
  5183     0FF0                     u2301:
  5184     0FF0  2FF3               	goto	l2236
  5185     0FF1                     u2300:
  5186     0FF1                     l2234:
  5187     0FF1  17F4               	bsf	___fladd@b+2,7
  5188     0FF2  2FF5               	goto	l783
  5189     0FF3                     l2236:
  5190     0FF3  307F               	movlw	127
  5191     0FF4  05F4               	andwf	___fladd@b+2,f
  5192     0FF5                     l783:
  5193     0FF5  082A               	movf	___fladd@bexp,w
  5194     0FF6  00A0               	movwf	??___fladd
  5195     0FF7  1003               	clrc
  5196     0FF8  0C20               	rrf	??___fladd,w
  5197     0FF9  00F5               	movwf	___fladd@b+3
  5198     0FFA                     l2238:
  5199     0FFA  1FA8               	btfss	___fladd@signs,7
  5200     0FFB  2FFD               	goto	u2311
  5201     0FFC  2FFE               	goto	u2310
  5202     0FFD                     u2311:
  5203     0FFD  2FFF               	goto	l784
  5204     0FFE                     u2310:
  5205     0FFE                     l2240:
  5206     0FFE  17F5               	bsf	___fladd@b+3,7
  5207     0FFF                     l784:
  5208     0FFF                     l754:
  5209     0FFF  0008               	return
  5210     1000                     __end_of___fladd:
  5211                           
  5212                           	psect	text10
  5213     0415                     __ptext10:	
  5214 ;; *************** function ___flmul *****************
  5215 ;; Defined at:
  5216 ;;		line 8 in file "C:\Program Files\Microchip\xc8\v3.00\pic\sources\c99\common\sprcmul.c"
  5217 ;; Parameters:    Size  Location     Type
  5218 ;;  b               4    6[BANK0 ] unsigned char 
  5219 ;;  a               4   10[BANK0 ] unsigned char 
  5220 ;; Auto vars:     Size  Location     Type
  5221 ;;  prod            4   26[BANK0 ] struct .
  5222 ;;  grs             4   21[BANK0 ] unsigned long 
  5223 ;;  temp            2   30[BANK0 ] struct .
  5224 ;;  bexp            1   25[BANK0 ] unsigned char 
  5225 ;;  aexp            1   20[BANK0 ] unsigned char 
  5226 ;;  sign            1   19[BANK0 ] unsigned char 
  5227 ;; Return value:  Size  Location     Type
  5228 ;;                  4    6[BANK0 ] unsigned char 
  5229 ;; Registers used:
  5230 ;;		wreg, status,2, status,0, btemp+1, pclath, cstack
  5231 ;; Tracked objects:
  5232 ;;		On entry : 0/0
  5233 ;;		On exit  : 0/0
  5234 ;;		Unchanged: 0/0
  5235 ;; Data sizes:     COMMON   BANK0   BANK1   BANK3   BANK2
  5236 ;;      Params:         0       8       0       0       0
  5237 ;;      Locals:         0      13       0       0       0
  5238 ;;      Temps:          0       5       0       0       0
  5239 ;;      Totals:         0      26       0       0       0
  5240 ;;Total ram usage:       26 bytes
  5241 ;; Hardware stack levels used: 1
  5242 ;; Hardware stack levels required when called: 2
  5243 ;; This function calls:
  5244 ;;		__Umul8_16
  5245 ;; This function is called by:
  5246 ;;		_start
  5247 ;; This function uses a non-reentrant model
  5248 ;;
  5249                           
  5250     0415                     ___flmul:	
  5251                           ;psect for function ___flmul
  5252                           
  5253     0415                     l3234:	
  5254                           ;incstack = 0
  5255                           ; Regs used in ___flmul: [wreg+status,2+status,0+btemp+1+pclath+cstack]
  5256                           
  5257     0415  1283               	bcf	3,5	;RP0=0, select bank0
  5258     0416  1303               	bcf	3,6	;RP1=0, select bank0
  5259     0417  0829               	movf	___flmul@b+3,w
  5260     0418  00B3               	movwf	___flmul@sign
  5261     0419                     l3236:
  5262     0419  3080               	movlw	128
  5263     041A  05B3               	andwf	___flmul@sign,f
  5264     041B                     l3238:
  5265     041B  0829               	movf	___flmul@b+3,w
  5266     041C  00AE               	movwf	??___flmul
  5267     041D  072E               	addwf	??___flmul,w
  5268     041E  00B9               	movwf	___flmul@bexp
  5269     041F                     l3240:
  5270     041F  1FA8               	btfss	___flmul@b+2,7
  5271     0420  2C22               	goto	u3791
  5272     0421  2C23               	goto	u3790
  5273     0422                     u3791:
  5274     0422  2C24               	goto	l3244
  5275     0423                     u3790:
  5276     0423                     l3242:
  5277     0423  1439               	bsf	___flmul@bexp,0
  5278     0424                     l3244:
  5279     0424  0839               	movf	___flmul@bexp,w
  5280     0425  1903               	btfsc	3,2
  5281     0426  2C28               	goto	u3801
  5282     0427  2C29               	goto	u3800
  5283     0428                     u3801:
  5284     0428  2C38               	goto	l3252
  5285     0429                     u3800:
  5286     0429                     l3246:
  5287     0429  0A39               	incf	___flmul@bexp,w
  5288     042A  1D03               	btfss	3,2
  5289     042B  2C2D               	goto	u3811
  5290     042C  2C2E               	goto	u3810
  5291     042D                     u3811:
  5292     042D  2C36               	goto	l3250
  5293     042E                     u3810:
  5294     042E                     l3248:
  5295     042E  3000               	movlw	0
  5296     042F  00A9               	movwf	___flmul@b+3
  5297     0430  3000               	movlw	0
  5298     0431  00A8               	movwf	___flmul@b+2
  5299     0432  3000               	movlw	0
  5300     0433  00A7               	movwf	___flmul@b+1
  5301     0434  3000               	movlw	0
  5302     0435  00A6               	movwf	___flmul@b
  5303     0436                     l3250:
  5304     0436  17A8               	bsf	___flmul@b+2,7
  5305     0437  2C40               	goto	l3254
  5306     0438                     l3252:
  5307     0438  3000               	movlw	0
  5308     0439  00A9               	movwf	___flmul@b+3
  5309     043A  3000               	movlw	0
  5310     043B  00A8               	movwf	___flmul@b+2
  5311     043C  3000               	movlw	0
  5312     043D  00A7               	movwf	___flmul@b+1
  5313     043E  3000               	movlw	0
  5314     043F  00A6               	movwf	___flmul@b
  5315     0440                     l3254:
  5316     0440  082D               	movf	___flmul@a+3,w
  5317     0441  3980               	andlw	128
  5318     0442  06B3               	xorwf	___flmul@sign,f
  5319     0443                     l3256:
  5320     0443  082D               	movf	___flmul@a+3,w
  5321     0444  00AE               	movwf	??___flmul
  5322     0445  072E               	addwf	??___flmul,w
  5323     0446  00B4               	movwf	___flmul@aexp
  5324     0447                     l3258:
  5325     0447  1FAC               	btfss	___flmul@a+2,7
  5326     0448  2C4A               	goto	u3821
  5327     0449  2C4B               	goto	u3820
  5328     044A                     u3821:
  5329     044A  2C4C               	goto	l3262
  5330     044B                     u3820:
  5331     044B                     l3260:
  5332     044B  1434               	bsf	___flmul@aexp,0
  5333     044C                     l3262:
  5334     044C  0834               	movf	___flmul@aexp,w
  5335     044D  1903               	btfsc	3,2
  5336     044E  2C50               	goto	u3831
  5337     044F  2C51               	goto	u3830
  5338     0450                     u3831:
  5339     0450  2C60               	goto	l3270
  5340     0451                     u3830:
  5341     0451                     l3264:
  5342     0451  0A34               	incf	___flmul@aexp,w
  5343     0452  1D03               	btfss	3,2
  5344     0453  2C55               	goto	u3841
  5345     0454  2C56               	goto	u3840
  5346     0455                     u3841:
  5347     0455  2C5E               	goto	l3268
  5348     0456                     u3840:
  5349     0456                     l3266:
  5350     0456  3000               	movlw	0
  5351     0457  00AD               	movwf	___flmul@a+3
  5352     0458  3000               	movlw	0
  5353     0459  00AC               	movwf	___flmul@a+2
  5354     045A  3000               	movlw	0
  5355     045B  00AB               	movwf	___flmul@a+1
  5356     045C  3000               	movlw	0
  5357     045D  00AA               	movwf	___flmul@a
  5358     045E                     l3268:
  5359     045E  17AC               	bsf	___flmul@a+2,7
  5360     045F  2C68               	goto	l3272
  5361     0460                     l3270:
  5362     0460  3000               	movlw	0
  5363     0461  00AD               	movwf	___flmul@a+3
  5364     0462  3000               	movlw	0
  5365     0463  00AC               	movwf	___flmul@a+2
  5366     0464  3000               	movlw	0
  5367     0465  00AB               	movwf	___flmul@a+1
  5368     0466  3000               	movlw	0
  5369     0467  00AA               	movwf	___flmul@a
  5370     0468                     l3272:
  5371     0468  0834               	movf	___flmul@aexp,w
  5372     0469  1903               	btfsc	3,2
  5373     046A  2C6C               	goto	u3851
  5374     046B  2C6D               	goto	u3850
  5375     046C                     u3851:
  5376     046C  2C72               	goto	l3276
  5377     046D                     u3850:
  5378     046D                     l3274:
  5379     046D  0839               	movf	___flmul@bexp,w
  5380     046E  1D03               	btfss	3,2
  5381     046F  2C71               	goto	u3861
  5382     0470  2C72               	goto	u3860
  5383     0471                     u3861:
  5384     0471  2C7B               	goto	l3280
  5385     0472                     u3860:
  5386     0472                     l3276:
  5387     0472  3000               	movlw	0
  5388     0473  00A9               	movwf	?___flmul+3
  5389     0474  3000               	movlw	0
  5390     0475  00A8               	movwf	?___flmul+2
  5391     0476  3000               	movlw	0
  5392     0477  00A7               	movwf	?___flmul+1
  5393     0478  3000               	movlw	0
  5394     0479  00A6               	movwf	?___flmul
  5395     047A  2F56               	goto	l837
  5396     047B                     l3280:
  5397     047B  0826               	movf	___flmul@b,w
  5398     047C  00F2               	movwf	__Umul8_16@multiplicand
  5399     047D  082C               	movf	___flmul@a+2,w
  5400     047E  160A  118A  24EC  120A  118A  	fcall	__Umul8_16
  5401     0483  0873               	movf	?__Umul8_16+1,w
  5402     0484  1283               	bcf	3,5	;RP0=0, select bank0
  5403     0485  1303               	bcf	3,6	;RP1=0, select bank0
  5404     0486  00BF               	movwf	___flmul@temp+1
  5405     0487  0872               	movf	?__Umul8_16,w
  5406     0488  00BE               	movwf	___flmul@temp
  5407     0489                     l3282:
  5408     0489  083E               	movf	___flmul@temp,w
  5409     048A  00AE               	movwf	??___flmul
  5410     048B  01AF               	clrf	??___flmul+1
  5411     048C  01B0               	clrf	??___flmul+2
  5412     048D  01B1               	clrf	??___flmul+3
  5413     048E  0831               	movf	??___flmul+3,w
  5414     048F  00B8               	movwf	___flmul@grs+3
  5415     0490  0830               	movf	??___flmul+2,w
  5416     0491  00B7               	movwf	___flmul@grs+2
  5417     0492  082F               	movf	??___flmul+1,w
  5418     0493  00B6               	movwf	___flmul@grs+1
  5419     0494  082E               	movf	??___flmul,w
  5420     0495  00B5               	movwf	___flmul@grs
  5421     0496                     l3284:
  5422     0496  083F               	movf	___flmul@temp+1,w
  5423     0497  00AE               	movwf	??___flmul
  5424     0498  01AF               	clrf	??___flmul+1
  5425     0499  01B0               	clrf	??___flmul+2
  5426     049A  01B1               	clrf	??___flmul+3
  5427     049B  0831               	movf	??___flmul+3,w
  5428     049C  00BD               	movwf	___flmul@prod+3
  5429     049D  0830               	movf	??___flmul+2,w
  5430     049E  00BC               	movwf	___flmul@prod+2
  5431     049F  082F               	movf	??___flmul+1,w
  5432     04A0  00BB               	movwf	___flmul@prod+1
  5433     04A1  082E               	movf	??___flmul,w
  5434     04A2  00BA               	movwf	___flmul@prod
  5435     04A3  0827               	movf	___flmul@b+1,w
  5436     04A4  00F2               	movwf	__Umul8_16@multiplicand
  5437     04A5  082B               	movf	___flmul@a+1,w
  5438     04A6  160A  118A  24EC  120A  118A  	fcall	__Umul8_16
  5439     04AB  0873               	movf	?__Umul8_16+1,w
  5440     04AC  1283               	bcf	3,5	;RP0=0, select bank0
  5441     04AD  1303               	bcf	3,6	;RP1=0, select bank0
  5442     04AE  00BF               	movwf	___flmul@temp+1
  5443     04AF  0872               	movf	?__Umul8_16,w
  5444     04B0  00BE               	movwf	___flmul@temp
  5445     04B1                     l3286:
  5446     04B1  083E               	movf	___flmul@temp,w
  5447     04B2  00AE               	movwf	??___flmul
  5448     04B3  01AF               	clrf	??___flmul+1
  5449     04B4  01B0               	clrf	??___flmul+2
  5450     04B5  01B1               	clrf	??___flmul+3
  5451     04B6  082E               	movf	??___flmul,w
  5452     04B7  07B5               	addwf	___flmul@grs,f
  5453     04B8  082F               	movf	??___flmul+1,w
  5454     04B9  1103               	clrz
  5455     04BA  1803               	skipnc
  5456     04BB  3E01               	addlw	1
  5457     04BC  1903               	skipnz
  5458     04BD  2CBF               	goto	u3871
  5459     04BE  07B6               	addwf	___flmul@grs+1,f
  5460     04BF                     u3871:
  5461     04BF  0830               	movf	??___flmul+2,w
  5462     04C0  1103               	clrz
  5463     04C1  1803               	skipnc
  5464     04C2  3E01               	addlw	1
  5465     04C3  1903               	skipnz
  5466     04C4  2CC6               	goto	u3872
  5467     04C5  07B7               	addwf	___flmul@grs+2,f
  5468     04C6                     u3872:
  5469     04C6  0831               	movf	??___flmul+3,w
  5470     04C7  1103               	clrz
  5471     04C8  1803               	skipnc
  5472     04C9  3E01               	addlw	1
  5473     04CA  1903               	skipnz
  5474     04CB  2CCD               	goto	u3873
  5475     04CC  07B8               	addwf	___flmul@grs+3,f
  5476     04CD                     u3873:
  5477     04CD                     l3288:
  5478     04CD  083F               	movf	___flmul@temp+1,w
  5479     04CE  00AE               	movwf	??___flmul
  5480     04CF  01AF               	clrf	??___flmul+1
  5481     04D0  01B0               	clrf	??___flmul+2
  5482     04D1  01B1               	clrf	??___flmul+3
  5483     04D2  082E               	movf	??___flmul,w
  5484     04D3  07BA               	addwf	___flmul@prod,f
  5485     04D4  082F               	movf	??___flmul+1,w
  5486     04D5  1103               	clrz
  5487     04D6  1803               	skipnc
  5488     04D7  3E01               	addlw	1
  5489     04D8  1903               	skipnz
  5490     04D9  2CDB               	goto	u3881
  5491     04DA  07BB               	addwf	___flmul@prod+1,f
  5492     04DB                     u3881:
  5493     04DB  0830               	movf	??___flmul+2,w
  5494     04DC  1103               	clrz
  5495     04DD  1803               	skipnc
  5496     04DE  3E01               	addlw	1
  5497     04DF  1903               	skipnz
  5498     04E0  2CE2               	goto	u3882
  5499     04E1  07BC               	addwf	___flmul@prod+2,f
  5500     04E2                     u3882:
  5501     04E2  0831               	movf	??___flmul+3,w
  5502     04E3  1103               	clrz
  5503     04E4  1803               	skipnc
  5504     04E5  3E01               	addlw	1
  5505     04E6  1903               	skipnz
  5506     04E7  2CE9               	goto	u3883
  5507     04E8  07BD               	addwf	___flmul@prod+3,f
  5508     04E9                     u3883:
  5509     04E9  0828               	movf	___flmul@b+2,w
  5510     04EA  00F2               	movwf	__Umul8_16@multiplicand
  5511     04EB  082A               	movf	___flmul@a,w
  5512     04EC  160A  118A  24EC  120A  118A  	fcall	__Umul8_16
  5513     04F1  0873               	movf	?__Umul8_16+1,w
  5514     04F2  1283               	bcf	3,5	;RP0=0, select bank0
  5515     04F3  1303               	bcf	3,6	;RP1=0, select bank0
  5516     04F4  00BF               	movwf	___flmul@temp+1
  5517     04F5  0872               	movf	?__Umul8_16,w
  5518     04F6  00BE               	movwf	___flmul@temp
  5519     04F7                     l3290:
  5520     04F7  083E               	movf	___flmul@temp,w
  5521     04F8  00AE               	movwf	??___flmul
  5522     04F9  01AF               	clrf	??___flmul+1
  5523     04FA  01B0               	clrf	??___flmul+2
  5524     04FB  01B1               	clrf	??___flmul+3
  5525     04FC  082E               	movf	??___flmul,w
  5526     04FD  07B5               	addwf	___flmul@grs,f
  5527     04FE  082F               	movf	??___flmul+1,w
  5528     04FF  1103               	clrz
  5529     0500  1803               	skipnc
  5530     0501  3E01               	addlw	1
  5531     0502  1903               	skipnz
  5532     0503  2D05               	goto	u3891
  5533     0504  07B6               	addwf	___flmul@grs+1,f
  5534     0505                     u3891:
  5535     0505  0830               	movf	??___flmul+2,w
  5536     0506  1103               	clrz
  5537     0507  1803               	skipnc
  5538     0508  3E01               	addlw	1
  5539     0509  1903               	skipnz
  5540     050A  2D0C               	goto	u3892
  5541     050B  07B7               	addwf	___flmul@grs+2,f
  5542     050C                     u3892:
  5543     050C  0831               	movf	??___flmul+3,w
  5544     050D  1103               	clrz
  5545     050E  1803               	skipnc
  5546     050F  3E01               	addlw	1
  5547     0510  1903               	skipnz
  5548     0511  2D13               	goto	u3893
  5549     0512  07B8               	addwf	___flmul@grs+3,f
  5550     0513                     u3893:
  5551     0513                     l3292:
  5552     0513  083F               	movf	___flmul@temp+1,w
  5553     0514  00AE               	movwf	??___flmul
  5554     0515  01AF               	clrf	??___flmul+1
  5555     0516  01B0               	clrf	??___flmul+2
  5556     0517  01B1               	clrf	??___flmul+3
  5557     0518  082E               	movf	??___flmul,w
  5558     0519  07BA               	addwf	___flmul@prod,f
  5559     051A  082F               	movf	??___flmul+1,w
  5560     051B  1103               	clrz
  5561     051C  1803               	skipnc
  5562     051D  3E01               	addlw	1
  5563     051E  1903               	skipnz
  5564     051F  2D21               	goto	u3901
  5565     0520  07BB               	addwf	___flmul@prod+1,f
  5566     0521                     u3901:
  5567     0521  0830               	movf	??___flmul+2,w
  5568     0522  1103               	clrz
  5569     0523  1803               	skipnc
  5570     0524  3E01               	addlw	1
  5571     0525  1903               	skipnz
  5572     0526  2D28               	goto	u3902
  5573     0527  07BC               	addwf	___flmul@prod+2,f
  5574     0528                     u3902:
  5575     0528  0831               	movf	??___flmul+3,w
  5576     0529  1103               	clrz
  5577     052A  1803               	skipnc
  5578     052B  3E01               	addlw	1
  5579     052C  1903               	skipnz
  5580     052D  2D2F               	goto	u3903
  5581     052E  07BD               	addwf	___flmul@prod+3,f
  5582     052F                     u3903:
  5583     052F                     l3294:
  5584     052F  3008               	movlw	8
  5585     0530  00AE               	movwf	??___flmul
  5586     0531                     u3915:
  5587     0531  1003               	clrc
  5588     0532  0DB5               	rlf	___flmul@grs,f
  5589     0533  0DB6               	rlf	___flmul@grs+1,f
  5590     0534  0DB7               	rlf	___flmul@grs+2,f
  5591     0535  0DB8               	rlf	___flmul@grs+3,f
  5592     0536  0BAE               	decfsz	??___flmul,f
  5593     0537  2D31               	goto	u3915
  5594     0538                     l3296:
  5595     0538  0827               	movf	___flmul@b+1,w
  5596     0539  00F2               	movwf	__Umul8_16@multiplicand
  5597     053A  082A               	movf	___flmul@a,w
  5598     053B  160A  118A  24EC  120A  118A  	fcall	__Umul8_16
  5599     0540  0873               	movf	?__Umul8_16+1,w
  5600     0541  1283               	bcf	3,5	;RP0=0, select bank0
  5601     0542  1303               	bcf	3,6	;RP1=0, select bank0
  5602     0543  00BF               	movwf	___flmul@temp+1
  5603     0544  0872               	movf	?__Umul8_16,w
  5604     0545  00BE               	movwf	___flmul@temp
  5605     0546                     l3298:
  5606     0546  083E               	movf	___flmul@temp,w
  5607     0547  00AE               	movwf	??___flmul
  5608     0548  083F               	movf	___flmul@temp+1,w
  5609     0549  00AF               	movwf	??___flmul+1
  5610     054A  01B0               	clrf	??___flmul+2
  5611     054B  01B1               	clrf	??___flmul+3
  5612     054C  082E               	movf	??___flmul,w
  5613     054D  07B5               	addwf	___flmul@grs,f
  5614     054E  082F               	movf	??___flmul+1,w
  5615     054F  1103               	clrz
  5616     0550  1803               	skipnc
  5617     0551  3E01               	addlw	1
  5618     0552  1903               	skipnz
  5619     0553  2D55               	goto	u3921
  5620     0554  07B6               	addwf	___flmul@grs+1,f
  5621     0555                     u3921:
  5622     0555  0830               	movf	??___flmul+2,w
  5623     0556  1103               	clrz
  5624     0557  1803               	skipnc
  5625     0558  3E01               	addlw	1
  5626     0559  1903               	skipnz
  5627     055A  2D5C               	goto	u3922
  5628     055B  07B7               	addwf	___flmul@grs+2,f
  5629     055C                     u3922:
  5630     055C  0831               	movf	??___flmul+3,w
  5631     055D  1103               	clrz
  5632     055E  1803               	skipnc
  5633     055F  3E01               	addlw	1
  5634     0560  1903               	skipnz
  5635     0561  2D63               	goto	u3923
  5636     0562  07B8               	addwf	___flmul@grs+3,f
  5637     0563                     u3923:
  5638     0563                     l3300:
  5639     0563  0826               	movf	___flmul@b,w
  5640     0564  00F2               	movwf	__Umul8_16@multiplicand
  5641     0565  082B               	movf	___flmul@a+1,w
  5642     0566  160A  118A  24EC  120A  118A  	fcall	__Umul8_16
  5643     056B  0873               	movf	?__Umul8_16+1,w
  5644     056C  1283               	bcf	3,5	;RP0=0, select bank0
  5645     056D  1303               	bcf	3,6	;RP1=0, select bank0
  5646     056E  00BF               	movwf	___flmul@temp+1
  5647     056F  0872               	movf	?__Umul8_16,w
  5648     0570  00BE               	movwf	___flmul@temp
  5649     0571                     l3302:
  5650     0571  083E               	movf	___flmul@temp,w
  5651     0572  00AE               	movwf	??___flmul
  5652     0573  083F               	movf	___flmul@temp+1,w
  5653     0574  00AF               	movwf	??___flmul+1
  5654     0575  01B0               	clrf	??___flmul+2
  5655     0576  01B1               	clrf	??___flmul+3
  5656     0577  082E               	movf	??___flmul,w
  5657     0578  07B5               	addwf	___flmul@grs,f
  5658     0579  082F               	movf	??___flmul+1,w
  5659     057A  1103               	clrz
  5660     057B  1803               	skipnc
  5661     057C  3E01               	addlw	1
  5662     057D  1903               	skipnz
  5663     057E  2D80               	goto	u3931
  5664     057F  07B6               	addwf	___flmul@grs+1,f
  5665     0580                     u3931:
  5666     0580  0830               	movf	??___flmul+2,w
  5667     0581  1103               	clrz
  5668     0582  1803               	skipnc
  5669     0583  3E01               	addlw	1
  5670     0584  1903               	skipnz
  5671     0585  2D87               	goto	u3932
  5672     0586  07B7               	addwf	___flmul@grs+2,f
  5673     0587                     u3932:
  5674     0587  0831               	movf	??___flmul+3,w
  5675     0588  1103               	clrz
  5676     0589  1803               	skipnc
  5677     058A  3E01               	addlw	1
  5678     058B  1903               	skipnz
  5679     058C  2D8E               	goto	u3933
  5680     058D  07B8               	addwf	___flmul@grs+3,f
  5681     058E                     u3933:
  5682     058E                     l3304:
  5683     058E  3008               	movlw	8
  5684     058F  00AE               	movwf	??___flmul
  5685     0590                     u3945:
  5686     0590  1003               	clrc
  5687     0591  0DB5               	rlf	___flmul@grs,f
  5688     0592  0DB6               	rlf	___flmul@grs+1,f
  5689     0593  0DB7               	rlf	___flmul@grs+2,f
  5690     0594  0DB8               	rlf	___flmul@grs+3,f
  5691     0595  0BAE               	decfsz	??___flmul,f
  5692     0596  2D90               	goto	u3945
  5693     0597  0826               	movf	___flmul@b,w
  5694     0598  00F2               	movwf	__Umul8_16@multiplicand
  5695     0599  082A               	movf	___flmul@a,w
  5696     059A  160A  118A  24EC  120A  118A  	fcall	__Umul8_16
  5697     059F  0873               	movf	?__Umul8_16+1,w
  5698     05A0  1283               	bcf	3,5	;RP0=0, select bank0
  5699     05A1  1303               	bcf	3,6	;RP1=0, select bank0
  5700     05A2  00BF               	movwf	___flmul@temp+1
  5701     05A3  0872               	movf	?__Umul8_16,w
  5702     05A4  00BE               	movwf	___flmul@temp
  5703     05A5                     l3306:
  5704     05A5  083E               	movf	___flmul@temp,w
  5705     05A6  00AE               	movwf	??___flmul
  5706     05A7  083F               	movf	___flmul@temp+1,w
  5707     05A8  00AF               	movwf	??___flmul+1
  5708     05A9  01B0               	clrf	??___flmul+2
  5709     05AA  01B1               	clrf	??___flmul+3
  5710     05AB  082E               	movf	??___flmul,w
  5711     05AC  07B5               	addwf	___flmul@grs,f
  5712     05AD  082F               	movf	??___flmul+1,w
  5713     05AE  1103               	clrz
  5714     05AF  1803               	skipnc
  5715     05B0  3E01               	addlw	1
  5716     05B1  1903               	skipnz
  5717     05B2  2DB4               	goto	u3951
  5718     05B3  07B6               	addwf	___flmul@grs+1,f
  5719     05B4                     u3951:
  5720     05B4  0830               	movf	??___flmul+2,w
  5721     05B5  1103               	clrz
  5722     05B6  1803               	skipnc
  5723     05B7  3E01               	addlw	1
  5724     05B8  1903               	skipnz
  5725     05B9  2DBB               	goto	u3952
  5726     05BA  07B7               	addwf	___flmul@grs+2,f
  5727     05BB                     u3952:
  5728     05BB  0831               	movf	??___flmul+3,w
  5729     05BC  1103               	clrz
  5730     05BD  1803               	skipnc
  5731     05BE  3E01               	addlw	1
  5732     05BF  1903               	skipnz
  5733     05C0  2DC2               	goto	u3953
  5734     05C1  07B8               	addwf	___flmul@grs+3,f
  5735     05C2                     u3953:
  5736     05C2                     l3308:
  5737     05C2  0827               	movf	___flmul@b+1,w
  5738     05C3  00F2               	movwf	__Umul8_16@multiplicand
  5739     05C4  082C               	movf	___flmul@a+2,w
  5740     05C5  160A  118A  24EC  120A  118A  	fcall	__Umul8_16
  5741     05CA  0873               	movf	?__Umul8_16+1,w
  5742     05CB  1283               	bcf	3,5	;RP0=0, select bank0
  5743     05CC  1303               	bcf	3,6	;RP1=0, select bank0
  5744     05CD  00BF               	movwf	___flmul@temp+1
  5745     05CE  0872               	movf	?__Umul8_16,w
  5746     05CF  00BE               	movwf	___flmul@temp
  5747     05D0  083E               	movf	___flmul@temp,w
  5748     05D1  00AE               	movwf	??___flmul
  5749     05D2  083F               	movf	___flmul@temp+1,w
  5750     05D3  00AF               	movwf	??___flmul+1
  5751     05D4  01B0               	clrf	??___flmul+2
  5752     05D5  01B1               	clrf	??___flmul+3
  5753     05D6  082E               	movf	??___flmul,w
  5754     05D7  07BA               	addwf	___flmul@prod,f
  5755     05D8  082F               	movf	??___flmul+1,w
  5756     05D9  1103               	clrz
  5757     05DA  1803               	skipnc
  5758     05DB  3E01               	addlw	1
  5759     05DC  1903               	skipnz
  5760     05DD  2DDF               	goto	u3961
  5761     05DE  07BB               	addwf	___flmul@prod+1,f
  5762     05DF                     u3961:
  5763     05DF  0830               	movf	??___flmul+2,w
  5764     05E0  1103               	clrz
  5765     05E1  1803               	skipnc
  5766     05E2  3E01               	addlw	1
  5767     05E3  1903               	skipnz
  5768     05E4  2DE6               	goto	u3962
  5769     05E5  07BC               	addwf	___flmul@prod+2,f
  5770     05E6                     u3962:
  5771     05E6  0831               	movf	??___flmul+3,w
  5772     05E7  1103               	clrz
  5773     05E8  1803               	skipnc
  5774     05E9  3E01               	addlw	1
  5775     05EA  1903               	skipnz
  5776     05EB  2DED               	goto	u3963
  5777     05EC  07BD               	addwf	___flmul@prod+3,f
  5778     05ED                     u3963:
  5779     05ED                     l3310:
  5780     05ED  0828               	movf	___flmul@b+2,w
  5781     05EE  00F2               	movwf	__Umul8_16@multiplicand
  5782     05EF  082B               	movf	___flmul@a+1,w
  5783     05F0  160A  118A  24EC  120A  118A  	fcall	__Umul8_16
  5784     05F5  0873               	movf	?__Umul8_16+1,w
  5785     05F6  1283               	bcf	3,5	;RP0=0, select bank0
  5786     05F7  1303               	bcf	3,6	;RP1=0, select bank0
  5787     05F8  00BF               	movwf	___flmul@temp+1
  5788     05F9  0872               	movf	?__Umul8_16,w
  5789     05FA  00BE               	movwf	___flmul@temp
  5790     05FB                     l3312:
  5791     05FB  083E               	movf	___flmul@temp,w
  5792     05FC  00AE               	movwf	??___flmul
  5793     05FD  083F               	movf	___flmul@temp+1,w
  5794     05FE  00AF               	movwf	??___flmul+1
  5795     05FF  01B0               	clrf	??___flmul+2
  5796     0600  01B1               	clrf	??___flmul+3
  5797     0601  082E               	movf	??___flmul,w
  5798     0602  07BA               	addwf	___flmul@prod,f
  5799     0603  082F               	movf	??___flmul+1,w
  5800     0604  1103               	clrz
  5801     0605  1803               	skipnc
  5802     0606  3E01               	addlw	1
  5803     0607  1903               	skipnz
  5804     0608  2E0A               	goto	u3971
  5805     0609  07BB               	addwf	___flmul@prod+1,f
  5806     060A                     u3971:
  5807     060A  0830               	movf	??___flmul+2,w
  5808     060B  1103               	clrz
  5809     060C  1803               	skipnc
  5810     060D  3E01               	addlw	1
  5811     060E  1903               	skipnz
  5812     060F  2E11               	goto	u3972
  5813     0610  07BC               	addwf	___flmul@prod+2,f
  5814     0611                     u3972:
  5815     0611  0831               	movf	??___flmul+3,w
  5816     0612  1103               	clrz
  5817     0613  1803               	skipnc
  5818     0614  3E01               	addlw	1
  5819     0615  1903               	skipnz
  5820     0616  2E18               	goto	u3973
  5821     0617  07BD               	addwf	___flmul@prod+3,f
  5822     0618                     u3973:
  5823     0618  0828               	movf	___flmul@b+2,w
  5824     0619  00F2               	movwf	__Umul8_16@multiplicand
  5825     061A  082C               	movf	___flmul@a+2,w
  5826     061B  160A  118A  24EC  120A  118A  	fcall	__Umul8_16
  5827     0620  0873               	movf	?__Umul8_16+1,w
  5828     0621  1283               	bcf	3,5	;RP0=0, select bank0
  5829     0622  1303               	bcf	3,6	;RP1=0, select bank0
  5830     0623  00BF               	movwf	___flmul@temp+1
  5831     0624  0872               	movf	?__Umul8_16,w
  5832     0625  00BE               	movwf	___flmul@temp
  5833     0626                     l3314:
  5834     0626  083E               	movf	___flmul@temp,w
  5835     0627  00AE               	movwf	??___flmul
  5836     0628  083F               	movf	___flmul@temp+1,w
  5837     0629  00AF               	movwf	??___flmul+1
  5838     062A  01B0               	clrf	??___flmul+2
  5839     062B  01B1               	clrf	??___flmul+3
  5840     062C  3008               	movlw	8
  5841     062D                     u3985:
  5842     062D  1003               	clrc
  5843     062E  0DAE               	rlf	??___flmul,f
  5844     062F  0DAF               	rlf	??___flmul+1,f
  5845     0630  0DB0               	rlf	??___flmul+2,f
  5846     0631  0DB1               	rlf	??___flmul+3,f
  5847     0632                     u3980:
  5848     0632  3EFF               	addlw	-1
  5849     0633  1D03               	skipz
  5850     0634  2E2D               	goto	u3985
  5851     0635  082E               	movf	??___flmul,w
  5852     0636  07BA               	addwf	___flmul@prod,f
  5853     0637  082F               	movf	??___flmul+1,w
  5854     0638  1103               	clrz
  5855     0639  1803               	skipnc
  5856     063A  3E01               	addlw	1
  5857     063B  1903               	skipnz
  5858     063C  2E3E               	goto	u3991
  5859     063D  07BB               	addwf	___flmul@prod+1,f
  5860     063E                     u3991:
  5861     063E  0830               	movf	??___flmul+2,w
  5862     063F  1103               	clrz
  5863     0640  1803               	skipnc
  5864     0641  3E01               	addlw	1
  5865     0642  1903               	skipnz
  5866     0643  2E45               	goto	u3992
  5867     0644  07BC               	addwf	___flmul@prod+2,f
  5868     0645                     u3992:
  5869     0645  0831               	movf	??___flmul+3,w
  5870     0646  1103               	clrz
  5871     0647  1803               	skipnc
  5872     0648  3E01               	addlw	1
  5873     0649  1903               	skipnz
  5874     064A  2E4C               	goto	u3993
  5875     064B  07BD               	addwf	___flmul@prod+3,f
  5876     064C                     u3993:
  5877     064C                     l3316:
  5878     064C  0835               	movf	___flmul@grs,w
  5879     064D  00AE               	movwf	??___flmul
  5880     064E  0836               	movf	___flmul@grs+1,w
  5881     064F  00AF               	movwf	??___flmul+1
  5882     0650  0837               	movf	___flmul@grs+2,w
  5883     0651  00B0               	movwf	??___flmul+2
  5884     0652  0838               	movf	___flmul@grs+3,w
  5885     0653  00B1               	movwf	??___flmul+3
  5886     0654  3018               	movlw	24
  5887     0655                     u4005:
  5888     0655  1003               	clrc
  5889     0656  0CB1               	rrf	??___flmul+3,f
  5890     0657  0CB0               	rrf	??___flmul+2,f
  5891     0658  0CAF               	rrf	??___flmul+1,f
  5892     0659  0CAE               	rrf	??___flmul,f
  5893     065A                     u4000:
  5894     065A  3EFF               	addlw	-1
  5895     065B  1D03               	skipz
  5896     065C  2E55               	goto	u4005
  5897     065D  082E               	movf	??___flmul,w
  5898     065E  07BA               	addwf	___flmul@prod,f
  5899     065F  082F               	movf	??___flmul+1,w
  5900     0660  1103               	clrz
  5901     0661  1803               	skipnc
  5902     0662  3E01               	addlw	1
  5903     0663  1903               	skipnz
  5904     0664  2E66               	goto	u4011
  5905     0665  07BB               	addwf	___flmul@prod+1,f
  5906     0666                     u4011:
  5907     0666  0830               	movf	??___flmul+2,w
  5908     0667  1103               	clrz
  5909     0668  1803               	skipnc
  5910     0669  3E01               	addlw	1
  5911     066A  1903               	skipnz
  5912     066B  2E6D               	goto	u4012
  5913     066C  07BC               	addwf	___flmul@prod+2,f
  5914     066D                     u4012:
  5915     066D  0831               	movf	??___flmul+3,w
  5916     066E  1103               	clrz
  5917     066F  1803               	skipnc
  5918     0670  3E01               	addlw	1
  5919     0671  1903               	skipnz
  5920     0672  2E74               	goto	u4013
  5921     0673  07BD               	addwf	___flmul@prod+3,f
  5922     0674                     u4013:
  5923     0674                     l3318:
  5924     0674  3008               	movlw	8
  5925     0675  00AE               	movwf	??___flmul
  5926     0676                     u4025:
  5927     0676  1003               	clrc
  5928     0677  0DB5               	rlf	___flmul@grs,f
  5929     0678  0DB6               	rlf	___flmul@grs+1,f
  5930     0679  0DB7               	rlf	___flmul@grs+2,f
  5931     067A  0DB8               	rlf	___flmul@grs+3,f
  5932     067B  0BAE               	decfsz	??___flmul,f
  5933     067C  2E76               	goto	u4025
  5934     067D                     l3320:
  5935     067D  0839               	movf	___flmul@bexp,w
  5936     067E  0734               	addwf	___flmul@aexp,w
  5937     067F  00AE               	movwf	??___flmul
  5938     0680  01AF               	clrf	??___flmul+1
  5939     0681  0DAF               	rlf	??___flmul+1,f
  5940     0682  082E               	movf	??___flmul,w
  5941     0683  3E82               	addlw	130
  5942     0684  00BE               	movwf	___flmul@temp
  5943     0685  082F               	movf	??___flmul+1,w
  5944     0686  1803               	skipnc
  5945     0687  3E01               	addlw	1
  5946     0688  3EFF               	addlw	255
  5947     0689  00BF               	movwf	___flmul@temp+1
  5948     068A  2EA8               	goto	l3332
  5949     068B                     l3322:
  5950     068B  3001               	movlw	1
  5951     068C  00AE               	movwf	??___flmul
  5952     068D                     u4035:
  5953     068D  1003               	clrc
  5954     068E  0DBA               	rlf	___flmul@prod,f
  5955     068F  0DBB               	rlf	___flmul@prod+1,f
  5956     0690  0DBC               	rlf	___flmul@prod+2,f
  5957     0691  0DBD               	rlf	___flmul@prod+3,f
  5958     0692  0BAE               	decfsz	??___flmul,f
  5959     0693  2E8D               	goto	u4035
  5960     0694                     l3324:
  5961     0694  1FB8               	btfss	___flmul@grs+3,7
  5962     0695  2E97               	goto	u4041
  5963     0696  2E98               	goto	u4040
  5964     0697                     u4041:
  5965     0697  2E99               	goto	l3328
  5966     0698                     u4040:
  5967     0698                     l3326:
  5968     0698  143A               	bsf	___flmul@prod,0
  5969     0699                     l3328:
  5970     0699  3001               	movlw	1
  5971     069A  00AE               	movwf	??___flmul
  5972     069B                     u4055:
  5973     069B  1003               	clrc
  5974     069C  0DB5               	rlf	___flmul@grs,f
  5975     069D  0DB6               	rlf	___flmul@grs+1,f
  5976     069E  0DB7               	rlf	___flmul@grs+2,f
  5977     069F  0DB8               	rlf	___flmul@grs+3,f
  5978     06A0  0BAE               	decfsz	??___flmul,f
  5979     06A1  2E9B               	goto	u4055
  5980     06A2                     l3330:
  5981     06A2  30FF               	movlw	255
  5982     06A3  07BE               	addwf	___flmul@temp,f
  5983     06A4  1803               	skipnc
  5984     06A5  0ABF               	incf	___flmul@temp+1,f
  5985     06A6  30FF               	movlw	255
  5986     06A7  07BF               	addwf	___flmul@temp+1,f
  5987     06A8                     l3332:
  5988     06A8  1FBC               	btfss	___flmul@prod+2,7
  5989     06A9  2EAB               	goto	u4061
  5990     06AA  2EAC               	goto	u4060
  5991     06AB                     u4061:
  5992     06AB  2E8B               	goto	l3322
  5993     06AC                     u4060:
  5994     06AC                     l3334:
  5995     06AC  01B4               	clrf	___flmul@aexp
  5996     06AD                     l3336:
  5997     06AD  1FB8               	btfss	___flmul@grs+3,7
  5998     06AE  2EB0               	goto	u4071
  5999     06AF  2EB1               	goto	u4070
  6000     06B0                     u4071:
  6001     06B0  2ECD               	goto	l3344
  6002     06B1                     u4070:
  6003     06B1                     l3338:
  6004     06B1  30FF               	movlw	255
  6005     06B2  0535               	andwf	___flmul@grs,w
  6006     06B3  00AE               	movwf	??___flmul
  6007     06B4  30FF               	movlw	255
  6008     06B5  0536               	andwf	___flmul@grs+1,w
  6009     06B6  00AF               	movwf	??___flmul+1
  6010     06B7  30FF               	movlw	255
  6011     06B8  0537               	andwf	___flmul@grs+2,w
  6012     06B9  00B0               	movwf	??___flmul+2
  6013     06BA  307F               	movlw	127
  6014     06BB  0538               	andwf	___flmul@grs+3,w
  6015     06BC  00B1               	movwf	??___flmul+3
  6016     06BD  0831               	movf	??___flmul+3,w
  6017     06BE  0430               	iorwf	??___flmul+2,w
  6018     06BF  042F               	iorwf	??___flmul+1,w
  6019     06C0  042E               	iorwf	??___flmul,w
  6020     06C1  1903               	skipnz
  6021     06C2  2EC4               	goto	u4081
  6022     06C3  2EC5               	goto	u4080
  6023     06C4                     u4081:
  6024     06C4  2EC8               	goto	l843
  6025     06C5                     u4080:
  6026     06C5                     l3340:
  6027     06C5  3001               	movlw	1
  6028     06C6  00B4               	movwf	___flmul@aexp
  6029     06C7  2ECD               	goto	l3344
  6030     06C8                     l843:
  6031     06C8  1C3A               	btfss	___flmul@prod,0
  6032     06C9  2ECB               	goto	u4091
  6033     06CA  2ECC               	goto	u4090
  6034     06CB                     u4091:
  6035     06CB  2ECD               	goto	l3344
  6036     06CC                     u4090:
  6037     06CC  2EC5               	goto	l3340
  6038     06CD                     l3344:
  6039     06CD  0834               	movf	___flmul@aexp,w
  6040     06CE  1903               	btfsc	3,2
  6041     06CF  2ED1               	goto	u4101
  6042     06D0  2ED2               	goto	u4100
  6043     06D1                     u4101:
  6044     06D1  2F03               	goto	l3354
  6045     06D2                     u4100:
  6046     06D2                     l3346:
  6047     06D2  3001               	movlw	1
  6048     06D3  07BA               	addwf	___flmul@prod,f
  6049     06D4  3000               	movlw	0
  6050     06D5  1803               	skipnc
  6051     06D6  3001               	movlw	1
  6052     06D7  07BB               	addwf	___flmul@prod+1,f
  6053     06D8  3000               	movlw	0
  6054     06D9  1803               	skipnc
  6055     06DA  3001               	movlw	1
  6056     06DB  07BC               	addwf	___flmul@prod+2,f
  6057     06DC  3000               	movlw	0
  6058     06DD  1803               	skipnc
  6059     06DE  3001               	movlw	1
  6060     06DF  07BD               	addwf	___flmul@prod+3,f
  6061     06E0                     l3348:
  6062     06E0  1C3D               	btfss	___flmul@prod+3,0
  6063     06E1  2EE3               	goto	u4111
  6064     06E2  2EE4               	goto	u4110
  6065     06E3                     u4111:
  6066     06E3  2F03               	goto	l3354
  6067     06E4                     u4110:
  6068     06E4                     l3350:
  6069     06E4  083A               	movf	___flmul@prod,w
  6070     06E5  00AE               	movwf	??___flmul
  6071     06E6  083B               	movf	___flmul@prod+1,w
  6072     06E7  00AF               	movwf	??___flmul+1
  6073     06E8  083C               	movf	___flmul@prod+2,w
  6074     06E9  00B0               	movwf	??___flmul+2
  6075     06EA  083D               	movf	___flmul@prod+3,w
  6076     06EB  00B1               	movwf	??___flmul+3
  6077     06EC  3001               	movlw	1
  6078     06ED  00B2               	movwf	??___flmul+4
  6079     06EE                     u4125:
  6080     06EE  0D31               	rlf	??___flmul+3,w
  6081     06EF  0CB1               	rrf	??___flmul+3,f
  6082     06F0  0CB0               	rrf	??___flmul+2,f
  6083     06F1  0CAF               	rrf	??___flmul+1,f
  6084     06F2  0CAE               	rrf	??___flmul,f
  6085     06F3                     u4120:
  6086     06F3  0BB2               	decfsz	??___flmul+4,f
  6087     06F4  2EEE               	goto	u4125
  6088     06F5  0831               	movf	??___flmul+3,w
  6089     06F6  00BD               	movwf	___flmul@prod+3
  6090     06F7  0830               	movf	??___flmul+2,w
  6091     06F8  00BC               	movwf	___flmul@prod+2
  6092     06F9  082F               	movf	??___flmul+1,w
  6093     06FA  00BB               	movwf	___flmul@prod+1
  6094     06FB  082E               	movf	??___flmul,w
  6095     06FC  00BA               	movwf	___flmul@prod
  6096     06FD                     l3352:
  6097     06FD  3001               	movlw	1
  6098     06FE  07BE               	addwf	___flmul@temp,f
  6099     06FF  1803               	skipnc
  6100     0700  0ABF               	incf	___flmul@temp+1,f
  6101     0701  3000               	movlw	0
  6102     0702  07BF               	addwf	___flmul@temp+1,f
  6103     0703                     l3354:
  6104     0703  083F               	movf	___flmul@temp+1,w
  6105     0704  3A80               	xorlw	128
  6106     0705  00FF               	movwf	btemp+1
  6107     0706  3080               	movlw	128
  6108     0707  027F               	subwf	btemp+1,w
  6109     0708  1D03               	skipz
  6110     0709  2F0C               	goto	u4135
  6111     070A  30FF               	movlw	255
  6112     070B  023E               	subwf	___flmul@temp,w
  6113     070C                     u4135:
  6114     070C  1C03               	skipc
  6115     070D  2F0F               	goto	u4131
  6116     070E  2F10               	goto	u4130
  6117     070F                     u4131:
  6118     070F  2F1B               	goto	l3358
  6119     0710                     u4130:
  6120     0710                     l3356:
  6121     0710  307F               	movlw	127
  6122     0711  1283               	bcf	3,5	;RP0=0, select bank0
  6123     0712  1303               	bcf	3,6	;RP1=0, select bank0
  6124     0713  00BD               	movwf	___flmul@prod+3
  6125     0714  3080               	movlw	128
  6126     0715  00BC               	movwf	___flmul@prod+2
  6127     0716  3000               	movlw	0
  6128     0717  00BB               	movwf	___flmul@prod+1
  6129     0718  3000               	movlw	0
  6130     0719  00BA               	movwf	___flmul@prod
  6131     071A  2F4C               	goto	l849
  6132     071B                     l3358:
  6133     071B  1283               	bcf	3,5	;RP0=0, select bank0
  6134     071C  1303               	bcf	3,6	;RP1=0, select bank0
  6135     071D  083F               	movf	___flmul@temp+1,w
  6136     071E  3A80               	xorlw	128
  6137     071F  00FF               	movwf	btemp+1
  6138     0720  3080               	movlw	128
  6139     0721  027F               	subwf	btemp+1,w
  6140     0722  1D03               	skipz
  6141     0723  2F26               	goto	u4145
  6142     0724  3001               	movlw	1
  6143     0725  023E               	subwf	___flmul@temp,w
  6144     0726                     u4145:
  6145     0726  1803               	skipnc
  6146     0727  2F29               	goto	u4141
  6147     0728  2F2A               	goto	u4140
  6148     0729                     u4141:
  6149     0729  2F36               	goto	l3364
  6150     072A                     u4140:
  6151     072A                     l3360:
  6152     072A  3000               	movlw	0
  6153     072B  1283               	bcf	3,5	;RP0=0, select bank0
  6154     072C  1303               	bcf	3,6	;RP1=0, select bank0
  6155     072D  00BD               	movwf	___flmul@prod+3
  6156     072E  3000               	movlw	0
  6157     072F  00BC               	movwf	___flmul@prod+2
  6158     0730  3000               	movlw	0
  6159     0731  00BB               	movwf	___flmul@prod+1
  6160     0732  3000               	movlw	0
  6161     0733  00BA               	movwf	___flmul@prod
  6162     0734                     l3362:
  6163     0734  01B3               	clrf	___flmul@sign
  6164     0735  2F4C               	goto	l849
  6165     0736                     l3364:
  6166     0736  1283               	bcf	3,5	;RP0=0, select bank0
  6167     0737  1303               	bcf	3,6	;RP1=0, select bank0
  6168     0738  083E               	movf	___flmul@temp,w
  6169     0739  00B9               	movwf	___flmul@bexp
  6170     073A  30FF               	movlw	255
  6171     073B  05BA               	andwf	___flmul@prod,f
  6172     073C  30FF               	movlw	255
  6173     073D  05BB               	andwf	___flmul@prod+1,f
  6174     073E  307F               	movlw	127
  6175     073F  05BC               	andwf	___flmul@prod+2,f
  6176     0740  3000               	movlw	0
  6177     0741  05BD               	andwf	___flmul@prod+3,f
  6178     0742                     l3366:
  6179     0742  1C39               	btfss	___flmul@bexp,0
  6180     0743  2F45               	goto	u4151
  6181     0744  2F46               	goto	u4150
  6182     0745                     u4151:
  6183     0745  2F47               	goto	l3370
  6184     0746                     u4150:
  6185     0746                     l3368:
  6186     0746  17BC               	bsf	___flmul@prod+2,7
  6187     0747                     l3370:
  6188     0747  0839               	movf	___flmul@bexp,w
  6189     0748  00AE               	movwf	??___flmul
  6190     0749  1003               	clrc
  6191     074A  0C2E               	rrf	??___flmul,w
  6192     074B  00BD               	movwf	___flmul@prod+3
  6193     074C                     l849:
  6194     074C  0833               	movf	___flmul@sign,w
  6195     074D  04BD               	iorwf	___flmul@prod+3,f
  6196     074E                     l3372:
  6197     074E  083D               	movf	___flmul@prod+3,w
  6198     074F  00A9               	movwf	?___flmul+3
  6199     0750  083C               	movf	___flmul@prod+2,w
  6200     0751  00A8               	movwf	?___flmul+2
  6201     0752  083B               	movf	___flmul@prod+1,w
  6202     0753  00A7               	movwf	?___flmul+1
  6203     0754  083A               	movf	___flmul@prod,w
  6204     0755  00A6               	movwf	?___flmul
  6205     0756                     l837:
  6206     0756  0008               	return
  6207     0757                     __end_of___flmul:
  6208                           
  6209                           	psect	text11
  6210     14EC                     __ptext11:	
  6211 ;; *************** function __Umul8_16 *****************
  6212 ;; Defined at:
  6213 ;;		line 4 in file "C:\Program Files\Microchip\xc8\v3.00\pic\sources\c99\common\Umul8_16.c"
  6214 ;; Parameters:    Size  Location     Type
  6215 ;;  multiplier      1    wreg     unsigned char 
  6216 ;;  multiplicand    1    2[COMMON] unsigned char 
  6217 ;; Auto vars:     Size  Location     Type
  6218 ;;  multiplier      1    4[BANK0 ] unsigned char 
  6219 ;;  word_mpld       2    2[BANK0 ] unsigned short 
  6220 ;;  product         2    0[BANK0 ] unsigned short 
  6221 ;; Return value:  Size  Location     Type
  6222 ;;                  2    2[COMMON] unsigned int 
  6223 ;; Registers used:
  6224 ;;		wreg, status,2, status,0
  6225 ;; Tracked objects:
  6226 ;;		On entry : 0/0
  6227 ;;		On exit  : 0/0
  6228 ;;		Unchanged: 0/0
  6229 ;; Data sizes:     COMMON   BANK0   BANK1   BANK3   BANK2
  6230 ;;      Params:         2       0       0       0       0
  6231 ;;      Locals:         0       5       0       0       0
  6232 ;;      Temps:          2       0       0       0       0
  6233 ;;      Totals:         4       5       0       0       0
  6234 ;;Total ram usage:        9 bytes
  6235 ;; Hardware stack levels used: 1
  6236 ;; Hardware stack levels required when called: 1
  6237 ;; This function calls:
  6238 ;;		Nothing
  6239 ;; This function is called by:
  6240 ;;		___flmul
  6241 ;; This function uses a non-reentrant model
  6242 ;;
  6243                           
  6244     14EC                     __Umul8_16:	
  6245                           ;psect for function __Umul8_16
  6246                           
  6247                           
  6248                           ;incstack = 0
  6249                           ; Regs used in __Umul8_16: [wreg+status,2+status,0]
  6250                           ;__Umul8_16@multiplier stored from wreg
  6251     14EC  1283               	bcf	3,5	;RP0=0, select bank0
  6252     14ED  1303               	bcf	3,6	;RP1=0, select bank0
  6253     14EE  00A4               	movwf	__Umul8_16@multiplier
  6254     14EF                     l3190:
  6255     14EF  01A0               	clrf	__Umul8_16@product
  6256     14F0  01A1               	clrf	__Umul8_16@product+1
  6257     14F1                     l3192:
  6258     14F1  0872               	movf	__Umul8_16@multiplicand,w
  6259     14F2  00F4               	movwf	??__Umul8_16
  6260     14F3  01F5               	clrf	??__Umul8_16+1
  6261     14F4  0874               	movf	??__Umul8_16,w
  6262     14F5  00A2               	movwf	__Umul8_16@word_mpld
  6263     14F6  0875               	movf	??__Umul8_16+1,w
  6264     14F7  00A3               	movwf	__Umul8_16@word_mpld+1
  6265     14F8                     l3194:
  6266     14F8  1C24               	btfss	__Umul8_16@multiplier,0
  6267     14F9  2CFB               	goto	u3741
  6268     14FA  2CFC               	goto	u3740
  6269     14FB                     u3741:
  6270     14FB  2D02               	goto	l856
  6271     14FC                     u3740:
  6272     14FC                     l3196:
  6273     14FC  0822               	movf	__Umul8_16@word_mpld,w
  6274     14FD  07A0               	addwf	__Umul8_16@product,f
  6275     14FE  1803               	skipnc
  6276     14FF  0AA1               	incf	__Umul8_16@product+1,f
  6277     1500  0823               	movf	__Umul8_16@word_mpld+1,w
  6278     1501  07A1               	addwf	__Umul8_16@product+1,f
  6279     1502                     l856:
  6280     1502  3001               	movlw	1
  6281     1503                     u3755:
  6282     1503  1003               	clrc
  6283     1504  0DA2               	rlf	__Umul8_16@word_mpld,f
  6284     1505  0DA3               	rlf	__Umul8_16@word_mpld+1,f
  6285     1506  3EFF               	addlw	-1
  6286     1507  1D03               	skipz
  6287     1508  2D03               	goto	u3755
  6288     1509  1003               	clrc
  6289     150A  0CA4               	rrf	__Umul8_16@multiplier,f
  6290     150B                     l3198:
  6291     150B  0824               	movf	__Umul8_16@multiplier,w
  6292     150C  1D03               	btfss	3,2
  6293     150D  2D0F               	goto	u3761
  6294     150E  2D10               	goto	u3760
  6295     150F                     u3761:
  6296     150F  2CF8               	goto	l3194
  6297     1510                     u3760:
  6298     1510                     l3200:
  6299     1510  0821               	movf	__Umul8_16@product+1,w
  6300     1511  00F3               	movwf	?__Umul8_16+1
  6301     1512  0820               	movf	__Umul8_16@product,w
  6302     1513  00F2               	movwf	?__Umul8_16
  6303     1514                     l858:
  6304     1514  0008               	return
  6305     1515                     __end_of__Umul8_16:
  6306                           
  6307                           	psect	text12
  6308     0757                     __ptext12:	
  6309 ;; *************** function ___flge *****************
  6310 ;; Defined at:
  6311 ;;		line 4 in file "C:\Program Files\Microchip\xc8\v3.00\pic\sources\c99\common\flge.c"
  6312 ;; Parameters:    Size  Location     Type
  6313 ;;  ff1             4   40[BANK0 ] unsigned int 
  6314 ;;  ff2             4   44[BANK0 ] unsigned int 
  6315 ;; Auto vars:     Size  Location     Type
  6316 ;;		None
  6317 ;; Return value:  Size  Location     Type
  6318 ;;		None               void
  6319 ;; Registers used:
  6320 ;;		wreg, status,2, status,0
  6321 ;; Tracked objects:
  6322 ;;		On entry : 0/0
  6323 ;;		On exit  : 0/0
  6324 ;;		Unchanged: 0/0
  6325 ;; Data sizes:     COMMON   BANK0   BANK1   BANK3   BANK2
  6326 ;;      Params:         0       8       0       0       0
  6327 ;;      Locals:         0       0       0       0       0
  6328 ;;      Temps:          0       4       0       0       0
  6329 ;;      Totals:         0      12       0       0       0
  6330 ;;Total ram usage:       12 bytes
  6331 ;; Hardware stack levels used: 1
  6332 ;; Hardware stack levels required when called: 1
  6333 ;; This function calls:
  6334 ;;		Nothing
  6335 ;; This function is called by:
  6336 ;;		_start
  6337 ;; This function uses a non-reentrant model
  6338 ;;
  6339                           
  6340     0757                     ___flge:	
  6341                           ;psect for function ___flge
  6342                           
  6343     0757                     l2386:	
  6344                           ;incstack = 0
  6345                           ; Regs used in ___flge: [wreg+status,2+status,0]
  6346                           
  6347     0757  3000               	movlw	0
  6348     0758  1283               	bcf	3,5	;RP0=0, select bank0
  6349     0759  1303               	bcf	3,6	;RP1=0, select bank0
  6350     075A  0548               	andwf	___flge@ff1,w
  6351     075B  00D0               	movwf	??___flge
  6352     075C  3000               	movlw	0
  6353     075D  0549               	andwf	___flge@ff1+1,w
  6354     075E  00D1               	movwf	??___flge+1
  6355     075F  3080               	movlw	128
  6356     0760  054A               	andwf	___flge@ff1+2,w
  6357     0761  00D2               	movwf	??___flge+2
  6358     0762  307F               	movlw	127
  6359     0763  054B               	andwf	___flge@ff1+3,w
  6360     0764  00D3               	movwf	??___flge+3
  6361     0765  0853               	movf	??___flge+3,w
  6362     0766  0452               	iorwf	??___flge+2,w
  6363     0767  0451               	iorwf	??___flge+1,w
  6364     0768  0450               	iorwf	??___flge,w
  6365     0769  1D03               	skipz
  6366     076A  2F6C               	goto	u2581
  6367     076B  2F6D               	goto	u2580
  6368     076C                     u2581:
  6369     076C  2F75               	goto	l618
  6370     076D                     u2580:
  6371     076D                     l2388:
  6372     076D  3000               	movlw	0
  6373     076E  00CB               	movwf	___flge@ff1+3
  6374     076F  3000               	movlw	0
  6375     0770  00CA               	movwf	___flge@ff1+2
  6376     0771  3000               	movlw	0
  6377     0772  00C9               	movwf	___flge@ff1+1
  6378     0773  3000               	movlw	0
  6379     0774  00C8               	movwf	___flge@ff1
  6380     0775                     l618:
  6381     0775  3000               	movlw	0
  6382     0776  054C               	andwf	___flge@ff2,w
  6383     0777  00D0               	movwf	??___flge
  6384     0778  3000               	movlw	0
  6385     0779  054D               	andwf	___flge@ff2+1,w
  6386     077A  00D1               	movwf	??___flge+1
  6387     077B  3080               	movlw	128
  6388     077C  054E               	andwf	___flge@ff2+2,w
  6389     077D  00D2               	movwf	??___flge+2
  6390     077E  307F               	movlw	127
  6391     077F  054F               	andwf	___flge@ff2+3,w
  6392     0780  00D3               	movwf	??___flge+3
  6393     0781  0853               	movf	??___flge+3,w
  6394     0782  0452               	iorwf	??___flge+2,w
  6395     0783  0451               	iorwf	??___flge+1,w
  6396     0784  0450               	iorwf	??___flge,w
  6397     0785  1D03               	skipz
  6398     0786  2F88               	goto	u2591
  6399     0787  2F89               	goto	u2590
  6400     0788                     u2591:
  6401     0788  2F91               	goto	l2392
  6402     0789                     u2590:
  6403     0789                     l2390:
  6404     0789  3000               	movlw	0
  6405     078A  00CF               	movwf	___flge@ff2+3
  6406     078B  3000               	movlw	0
  6407     078C  00CE               	movwf	___flge@ff2+2
  6408     078D  3000               	movlw	0
  6409     078E  00CD               	movwf	___flge@ff2+1
  6410     078F  3000               	movlw	0
  6411     0790  00CC               	movwf	___flge@ff2
  6412     0791                     l2392:
  6413     0791  1FCB               	btfss	___flge@ff1+3,7
  6414     0792  2F94               	goto	u2601
  6415     0793  2F95               	goto	u2600
  6416     0794                     u2601:
  6417     0794  2FB9               	goto	l2396
  6418     0795                     u2600:
  6419     0795                     l2394:
  6420     0795  3000               	movlw	0
  6421     0796  00D0               	movwf	??___flge
  6422     0797  3000               	movlw	0
  6423     0798  00D1               	movwf	??___flge+1
  6424     0799  3000               	movlw	0
  6425     079A  00D2               	movwf	??___flge+2
  6426     079B  3080               	movlw	128
  6427     079C  00D3               	movwf	??___flge+3
  6428     079D  0848               	movf	___flge@ff1,w
  6429     079E  02D0               	subwf	??___flge,f
  6430     079F  0849               	movf	___flge@ff1+1,w
  6431     07A0  1C03               	skipc
  6432     07A1  0F49               	incfsz	___flge@ff1+1,w
  6433     07A2  2FA4               	goto	u2611
  6434     07A3  2FA5               	goto	u2612
  6435     07A4                     u2611:
  6436     07A4  02D1               	subwf	??___flge+1,f
  6437     07A5                     u2612:
  6438     07A5  084A               	movf	___flge@ff1+2,w
  6439     07A6  1C03               	skipc
  6440     07A7  0F4A               	incfsz	___flge@ff1+2,w
  6441     07A8  2FAA               	goto	u2613
  6442     07A9  2FAB               	goto	u2614
  6443     07AA                     u2613:
  6444     07AA  02D2               	subwf	??___flge+2,f
  6445     07AB                     u2614:
  6446     07AB  084B               	movf	___flge@ff1+3,w
  6447     07AC  1C03               	skipc
  6448     07AD  0F4B               	incfsz	___flge@ff1+3,w
  6449     07AE  2FB0               	goto	u2615
  6450     07AF  2FB1               	goto	u2616
  6451     07B0                     u2615:
  6452     07B0  02D3               	subwf	??___flge+3,f
  6453     07B1                     u2616:
  6454     07B1  0853               	movf	??___flge+3,w
  6455     07B2  00CB               	movwf	___flge@ff1+3
  6456     07B3  0852               	movf	??___flge+2,w
  6457     07B4  00CA               	movwf	___flge@ff1+2
  6458     07B5  0851               	movf	??___flge+1,w
  6459     07B6  00C9               	movwf	___flge@ff1+1
  6460     07B7  0850               	movf	??___flge,w
  6461     07B8  00C8               	movwf	___flge@ff1
  6462     07B9                     l2396:
  6463     07B9  1FCF               	btfss	___flge@ff2+3,7
  6464     07BA  2FBC               	goto	u2621
  6465     07BB  2FBD               	goto	u2620
  6466     07BC                     u2621:
  6467     07BC  2FE1               	goto	l621
  6468     07BD                     u2620:
  6469     07BD                     l2398:
  6470     07BD  3000               	movlw	0
  6471     07BE  00D0               	movwf	??___flge
  6472     07BF  3000               	movlw	0
  6473     07C0  00D1               	movwf	??___flge+1
  6474     07C1  3000               	movlw	0
  6475     07C2  00D2               	movwf	??___flge+2
  6476     07C3  3080               	movlw	128
  6477     07C4  00D3               	movwf	??___flge+3
  6478     07C5  084C               	movf	___flge@ff2,w
  6479     07C6  02D0               	subwf	??___flge,f
  6480     07C7  084D               	movf	___flge@ff2+1,w
  6481     07C8  1C03               	skipc
  6482     07C9  0F4D               	incfsz	___flge@ff2+1,w
  6483     07CA  2FCC               	goto	u2631
  6484     07CB  2FCD               	goto	u2632
  6485     07CC                     u2631:
  6486     07CC  02D1               	subwf	??___flge+1,f
  6487     07CD                     u2632:
  6488     07CD  084E               	movf	___flge@ff2+2,w
  6489     07CE  1C03               	skipc
  6490     07CF  0F4E               	incfsz	___flge@ff2+2,w
  6491     07D0  2FD2               	goto	u2633
  6492     07D1  2FD3               	goto	u2634
  6493     07D2                     u2633:
  6494     07D2  02D2               	subwf	??___flge+2,f
  6495     07D3                     u2634:
  6496     07D3  084F               	movf	___flge@ff2+3,w
  6497     07D4  1C03               	skipc
  6498     07D5  0F4F               	incfsz	___flge@ff2+3,w
  6499     07D6  2FD8               	goto	u2635
  6500     07D7  2FD9               	goto	u2636
  6501     07D8                     u2635:
  6502     07D8  02D3               	subwf	??___flge+3,f
  6503     07D9                     u2636:
  6504     07D9  0853               	movf	??___flge+3,w
  6505     07DA  00CF               	movwf	___flge@ff2+3
  6506     07DB  0852               	movf	??___flge+2,w
  6507     07DC  00CE               	movwf	___flge@ff2+2
  6508     07DD  0851               	movf	??___flge+1,w
  6509     07DE  00CD               	movwf	___flge@ff2+1
  6510     07DF  0850               	movf	??___flge,w
  6511     07E0  00CC               	movwf	___flge@ff2
  6512     07E1                     l621:
  6513     07E1  3080               	movlw	128
  6514     07E2  06CB               	xorwf	___flge@ff1+3,f
  6515     07E3  3080               	movlw	128
  6516     07E4  06CF               	xorwf	___flge@ff2+3,f
  6517     07E5  084F               	movf	___flge@ff2+3,w
  6518     07E6  024B               	subwf	___flge@ff1+3,w
  6519     07E7  1D03               	skipz
  6520     07E8  2FF3               	goto	u2645
  6521     07E9  084E               	movf	___flge@ff2+2,w
  6522     07EA  024A               	subwf	___flge@ff1+2,w
  6523     07EB  1D03               	skipz
  6524     07EC  2FF3               	goto	u2645
  6525     07ED  084D               	movf	___flge@ff2+1,w
  6526     07EE  0249               	subwf	___flge@ff1+1,w
  6527     07EF  1D03               	skipz
  6528     07F0  2FF3               	goto	u2645
  6529     07F1  084C               	movf	___flge@ff2,w
  6530     07F2  0248               	subwf	___flge@ff1,w
  6531     07F3                     u2645:
  6532     07F3  1803               	skipnc
  6533     07F4  2FF6               	goto	u2641
  6534     07F5  2FF7               	goto	u2640
  6535     07F6                     u2641:
  6536     07F6  2FF9               	goto	l2402
  6537     07F7                     u2640:
  6538     07F7                     l2400:
  6539     07F7  1003               	clrc
  6540     07F8  2FFA               	goto	l626
  6541     07F9                     l2402:
  6542     07F9  1403               	setc
  6543     07FA                     l626:
  6544     07FA  0008               	return
  6545     07FB                     __end_of___flge:
  6546                           
  6547                           	psect	text13
  6548     1444                     __ptext13:	
  6549 ;; *************** function ___bmul *****************
  6550 ;; Defined at:
  6551 ;;		line 4 in file "C:\Program Files\Microchip\xc8\v3.00\pic\sources\c99\common\Umul8.c"
  6552 ;; Parameters:    Size  Location     Type
  6553 ;;  multiplier      1    wreg     unsigned char 
  6554 ;;  multiplicand    1    2[COMMON] unsigned char 
  6555 ;; Auto vars:     Size  Location     Type
  6556 ;;  multiplier      1    4[COMMON] unsigned char 
  6557 ;;  product         1    3[COMMON] unsigned char 
  6558 ;; Return value:  Size  Location     Type
  6559 ;;                  1    wreg      unsigned char 
  6560 ;; Registers used:
  6561 ;;		wreg, status,2, status,0
  6562 ;; Tracked objects:
  6563 ;;		On entry : 0/0
  6564 ;;		On exit  : 0/0
  6565 ;;		Unchanged: 0/0
  6566 ;; Data sizes:     COMMON   BANK0   BANK1   BANK3   BANK2
  6567 ;;      Params:         1       0       0       0       0
  6568 ;;      Locals:         2       0       0       0       0
  6569 ;;      Temps:          0       0       0       0       0
  6570 ;;      Totals:         3       0       0       0       0
  6571 ;;Total ram usage:        3 bytes
  6572 ;; Hardware stack levels used: 1
  6573 ;; Hardware stack levels required when called: 1
  6574 ;; This function calls:
  6575 ;;		Nothing
  6576 ;; This function is called by:
  6577 ;;		_start
  6578 ;; This function uses a non-reentrant model
  6579 ;;
  6580                           
  6581     1444                     ___bmul:	
  6582                           ;psect for function ___bmul
  6583                           
  6584                           
  6585                           ;incstack = 0
  6586                           ; Regs used in ___bmul: [wreg+status,2+status,0]
  6587                           ;___bmul@multiplier stored from wreg
  6588     1444  00F4               	movwf	___bmul@multiplier
  6589     1445                     l2290:
  6590     1445  01F3               	clrf	___bmul@product
  6591     1446                     l2292:
  6592     1446  1C74               	btfss	___bmul@multiplier,0
  6593     1447  2C49               	goto	u2371
  6594     1448  2C4A               	goto	u2370
  6595     1449                     u2371:
  6596     1449  2C4C               	goto	l2296
  6597     144A                     u2370:
  6598     144A                     l2294:
  6599     144A  0872               	movf	___bmul@multiplicand,w
  6600     144B  07F3               	addwf	___bmul@product,f
  6601     144C                     l2296:
  6602     144C  1003               	clrc
  6603     144D  0DF2               	rlf	___bmul@multiplicand,f
  6604     144E                     l2298:
  6605     144E  1003               	clrc
  6606     144F  0CF4               	rrf	___bmul@multiplier,f
  6607     1450  0874               	movf	___bmul@multiplier,w
  6608     1451  1D03               	btfss	3,2
  6609     1452  2C54               	goto	u2381
  6610     1453  2C55               	goto	u2380
  6611     1454                     u2381:
  6612     1454  2C46               	goto	l2292
  6613     1455                     u2380:
  6614     1455                     l2300:
  6615     1455  0873               	movf	___bmul@product,w
  6616     1456                     l466:
  6617     1456  0008               	return
  6618     1457                     __end_of___bmul:
  6619                           
  6620                           	psect	text14
  6621     15F6                     __ptext14:	
  6622 ;; *************** function ___awmod *****************
  6623 ;; Defined at:
  6624 ;;		line 5 in file "C:\Program Files\Microchip\xc8\v3.00\pic\sources\c99\common\awmod.c"
  6625 ;; Parameters:    Size  Location     Type
  6626 ;;  divisor         2    2[COMMON] int 
  6627 ;;  dividend        2    4[COMMON] int 
  6628 ;; Auto vars:     Size  Location     Type
  6629 ;;  sign            1    7[COMMON] unsigned char 
  6630 ;;  counter         1    6[COMMON] unsigned char 
  6631 ;; Return value:  Size  Location     Type
  6632 ;;                  2    2[COMMON] int 
  6633 ;; Registers used:
  6634 ;;		wreg, status,2, status,0
  6635 ;; Tracked objects:
  6636 ;;		On entry : 0/0
  6637 ;;		On exit  : 0/0
  6638 ;;		Unchanged: 0/0
  6639 ;; Data sizes:     COMMON   BANK0   BANK1   BANK3   BANK2
  6640 ;;      Params:         4       0       0       0       0
  6641 ;;      Locals:         2       0       0       0       0
  6642 ;;      Temps:          0       0       0       0       0
  6643 ;;      Totals:         6       0       0       0       0
  6644 ;;Total ram usage:        6 bytes
  6645 ;; Hardware stack levels used: 1
  6646 ;; Hardware stack levels required when called: 1
  6647 ;; This function calls:
  6648 ;;		Nothing
  6649 ;; This function is called by:
  6650 ;;		_washing_program_
  6651 ;;		_water_level_screen
  6652 ;;		_start
  6653 ;; This function uses a non-reentrant model
  6654 ;;
  6655                           
  6656     15F6                     ___awmod:	
  6657                           ;psect for function ___awmod
  6658                           
  6659     15F6                     l2348:	
  6660                           ;incstack = 0
  6661                           ; Regs used in ___awmod: [wreg+status,2+status,0]
  6662                           
  6663     15F6  01F7               	clrf	___awmod@sign
  6664     15F7                     l2350:
  6665     15F7  1FF5               	btfss	___awmod@dividend+1,7
  6666     15F8  2DFA               	goto	u2491
  6667     15F9  2DFB               	goto	u2490
  6668     15FA                     u2491:
  6669     15FA  2E02               	goto	l2356
  6670     15FB                     u2490:
  6671     15FB                     l2352:
  6672     15FB  09F4               	comf	___awmod@dividend,f
  6673     15FC  09F5               	comf	___awmod@dividend+1,f
  6674     15FD  0AF4               	incf	___awmod@dividend,f
  6675     15FE  1903               	skipnz
  6676     15FF  0AF5               	incf	___awmod@dividend+1,f
  6677     1600                     l2354:
  6678     1600  3001               	movlw	1
  6679     1601  00F7               	movwf	___awmod@sign
  6680     1602                     l2356:
  6681     1602  1FF3               	btfss	___awmod@divisor+1,7
  6682     1603  2E05               	goto	u2501
  6683     1604  2E06               	goto	u2500
  6684     1605                     u2501:
  6685     1605  2E0B               	goto	l2360
  6686     1606                     u2500:
  6687     1606                     l2358:
  6688     1606  09F2               	comf	___awmod@divisor,f
  6689     1607  09F3               	comf	___awmod@divisor+1,f
  6690     1608  0AF2               	incf	___awmod@divisor,f
  6691     1609  1903               	skipnz
  6692     160A  0AF3               	incf	___awmod@divisor+1,f
  6693     160B                     l2360:
  6694     160B  0872               	movf	___awmod@divisor,w
  6695     160C  0473               	iorwf	___awmod@divisor+1,w
  6696     160D  1903               	btfsc	3,2
  6697     160E  2E10               	goto	u2511
  6698     160F  2E11               	goto	u2510
  6699     1610                     u2511:
  6700     1610  2E3E               	goto	l2378
  6701     1611                     u2510:
  6702     1611                     l2362:
  6703     1611  3001               	movlw	1
  6704     1612  00F6               	movwf	___awmod@counter
  6705     1613  2E1D               	goto	l2368
  6706     1614                     l2364:
  6707     1614  3001               	movlw	1
  6708     1615                     u2525:
  6709     1615  1003               	clrc
  6710     1616  0DF2               	rlf	___awmod@divisor,f
  6711     1617  0DF3               	rlf	___awmod@divisor+1,f
  6712     1618  3EFF               	addlw	-1
  6713     1619  1D03               	skipz
  6714     161A  2E15               	goto	u2525
  6715     161B                     l2366:
  6716     161B  3001               	movlw	1
  6717     161C  07F6               	addwf	___awmod@counter,f
  6718     161D                     l2368:
  6719     161D  1FF3               	btfss	___awmod@divisor+1,7
  6720     161E  2E20               	goto	u2531
  6721     161F  2E21               	goto	u2530
  6722     1620                     u2531:
  6723     1620  2E14               	goto	l2364
  6724     1621                     u2530:
  6725     1621                     l2370:
  6726     1621  0873               	movf	___awmod@divisor+1,w
  6727     1622  0275               	subwf	___awmod@dividend+1,w
  6728     1623  1D03               	skipz
  6729     1624  2E27               	goto	u2545
  6730     1625  0872               	movf	___awmod@divisor,w
  6731     1626  0274               	subwf	___awmod@dividend,w
  6732     1627                     u2545:
  6733     1627  1C03               	skipc
  6734     1628  2E2A               	goto	u2541
  6735     1629  2E2B               	goto	u2540
  6736     162A                     u2541:
  6737     162A  2E31               	goto	l2374
  6738     162B                     u2540:
  6739     162B                     l2372:
  6740     162B  0872               	movf	___awmod@divisor,w
  6741     162C  02F4               	subwf	___awmod@dividend,f
  6742     162D  0873               	movf	___awmod@divisor+1,w
  6743     162E  1C03               	skipc
  6744     162F  03F5               	decf	___awmod@dividend+1,f
  6745     1630  02F5               	subwf	___awmod@dividend+1,f
  6746     1631                     l2374:
  6747     1631  3001               	movlw	1
  6748     1632                     u2555:
  6749     1632  1003               	clrc
  6750     1633  0CF3               	rrf	___awmod@divisor+1,f
  6751     1634  0CF2               	rrf	___awmod@divisor,f
  6752     1635  3EFF               	addlw	-1
  6753     1636  1D03               	skipz
  6754     1637  2E32               	goto	u2555
  6755     1638                     l2376:
  6756     1638  3001               	movlw	1
  6757     1639  02F6               	subwf	___awmod@counter,f
  6758     163A  1D03               	btfss	3,2
  6759     163B  2E3D               	goto	u2561
  6760     163C  2E3E               	goto	u2560
  6761     163D                     u2561:
  6762     163D  2E21               	goto	l2370
  6763     163E                     u2560:
  6764     163E                     l2378:
  6765     163E  0877               	movf	___awmod@sign,w
  6766     163F  1903               	btfsc	3,2
  6767     1640  2E42               	goto	u2571
  6768     1641  2E43               	goto	u2570
  6769     1642                     u2571:
  6770     1642  2E48               	goto	l2382
  6771     1643                     u2570:
  6772     1643                     l2380:
  6773     1643  09F4               	comf	___awmod@dividend,f
  6774     1644  09F5               	comf	___awmod@dividend+1,f
  6775     1645  0AF4               	incf	___awmod@dividend,f
  6776     1646  1903               	skipnz
  6777     1647  0AF5               	incf	___awmod@dividend+1,f
  6778     1648                     l2382:
  6779     1648  0875               	movf	___awmod@dividend+1,w
  6780     1649  00F3               	movwf	?___awmod+1
  6781     164A  0874               	movf	___awmod@dividend,w
  6782     164B  00F2               	movwf	?___awmod
  6783     164C                     l606:
  6784     164C  0008               	return
  6785     164D                     __end_of___awmod:
  6786                           
  6787                           	psect	text15
  6788     164D                     __ptext15:	
  6789 ;; *************** function ___awdiv *****************
  6790 ;; Defined at:
  6791 ;;		line 5 in file "C:\Program Files\Microchip\xc8\v3.00\pic\sources\c99\common\awdiv.c"
  6792 ;; Parameters:    Size  Location     Type
  6793 ;;  divisor         2    2[COMMON] int 
  6794 ;;  dividend        2    4[COMMON] int 
  6795 ;; Auto vars:     Size  Location     Type
  6796 ;;  quotient        2    8[COMMON] int 
  6797 ;;  sign            1    7[COMMON] unsigned char 
  6798 ;;  counter         1    6[COMMON] unsigned char 
  6799 ;; Return value:  Size  Location     Type
  6800 ;;                  2    2[COMMON] int 
  6801 ;; Registers used:
  6802 ;;		wreg, status,2, status,0
  6803 ;; Tracked objects:
  6804 ;;		On entry : 0/0
  6805 ;;		On exit  : 0/0
  6806 ;;		Unchanged: 0/0
  6807 ;; Data sizes:     COMMON   BANK0   BANK1   BANK3   BANK2
  6808 ;;      Params:         4       0       0       0       0
  6809 ;;      Locals:         4       0       0       0       0
  6810 ;;      Temps:          0       0       0       0       0
  6811 ;;      Totals:         8       0       0       0       0
  6812 ;;Total ram usage:        8 bytes
  6813 ;; Hardware stack levels used: 1
  6814 ;; Hardware stack levels required when called: 1
  6815 ;; This function calls:
  6816 ;;		Nothing
  6817 ;; This function is called by:
  6818 ;;		_start
  6819 ;; This function uses a non-reentrant model
  6820 ;;
  6821                           
  6822     164D                     ___awdiv:	
  6823                           ;psect for function ___awdiv
  6824                           
  6825     164D                     l2304:	
  6826                           ;incstack = 0
  6827                           ; Regs used in ___awdiv: [wreg+status,2+status,0]
  6828                           
  6829     164D  01F7               	clrf	___awdiv@sign
  6830     164E                     l2306:
  6831     164E  1FF3               	btfss	___awdiv@divisor+1,7
  6832     164F  2E51               	goto	u2391
  6833     1650  2E52               	goto	u2390
  6834     1651                     u2391:
  6835     1651  2E59               	goto	l2312
  6836     1652                     u2390:
  6837     1652                     l2308:
  6838     1652  09F2               	comf	___awdiv@divisor,f
  6839     1653  09F3               	comf	___awdiv@divisor+1,f
  6840     1654  0AF2               	incf	___awdiv@divisor,f
  6841     1655  1903               	skipnz
  6842     1656  0AF3               	incf	___awdiv@divisor+1,f
  6843     1657                     l2310:
  6844     1657  3001               	movlw	1
  6845     1658  00F7               	movwf	___awdiv@sign
  6846     1659                     l2312:
  6847     1659  1FF5               	btfss	___awdiv@dividend+1,7
  6848     165A  2E5C               	goto	u2401
  6849     165B  2E5D               	goto	u2400
  6850     165C                     u2401:
  6851     165C  2E64               	goto	l2318
  6852     165D                     u2400:
  6853     165D                     l2314:
  6854     165D  09F4               	comf	___awdiv@dividend,f
  6855     165E  09F5               	comf	___awdiv@dividend+1,f
  6856     165F  0AF4               	incf	___awdiv@dividend,f
  6857     1660  1903               	skipnz
  6858     1661  0AF5               	incf	___awdiv@dividend+1,f
  6859     1662                     l2316:
  6860     1662  3001               	movlw	1
  6861     1663  06F7               	xorwf	___awdiv@sign,f
  6862     1664                     l2318:
  6863     1664  01F8               	clrf	___awdiv@quotient
  6864     1665  01F9               	clrf	___awdiv@quotient+1
  6865     1666                     l2320:
  6866     1666  0872               	movf	___awdiv@divisor,w
  6867     1667  0473               	iorwf	___awdiv@divisor+1,w
  6868     1668  1903               	btfsc	3,2
  6869     1669  2E6B               	goto	u2411
  6870     166A  2E6C               	goto	u2410
  6871     166B                     u2411:
  6872     166B  2EA1               	goto	l2340
  6873     166C                     u2410:
  6874     166C                     l2322:
  6875     166C  3001               	movlw	1
  6876     166D  00F6               	movwf	___awdiv@counter
  6877     166E  2E78               	goto	l2328
  6878     166F                     l2324:
  6879     166F  3001               	movlw	1
  6880     1670                     u2425:
  6881     1670  1003               	clrc
  6882     1671  0DF2               	rlf	___awdiv@divisor,f
  6883     1672  0DF3               	rlf	___awdiv@divisor+1,f
  6884     1673  3EFF               	addlw	-1
  6885     1674  1D03               	skipz
  6886     1675  2E70               	goto	u2425
  6887     1676                     l2326:
  6888     1676  3001               	movlw	1
  6889     1677  07F6               	addwf	___awdiv@counter,f
  6890     1678                     l2328:
  6891     1678  1FF3               	btfss	___awdiv@divisor+1,7
  6892     1679  2E7B               	goto	u2431
  6893     167A  2E7C               	goto	u2430
  6894     167B                     u2431:
  6895     167B  2E6F               	goto	l2324
  6896     167C                     u2430:
  6897     167C                     l2330:
  6898     167C  3001               	movlw	1
  6899     167D                     u2445:
  6900     167D  1003               	clrc
  6901     167E  0DF8               	rlf	___awdiv@quotient,f
  6902     167F  0DF9               	rlf	___awdiv@quotient+1,f
  6903     1680  3EFF               	addlw	-1
  6904     1681  1D03               	skipz
  6905     1682  2E7D               	goto	u2445
  6906     1683  0873               	movf	___awdiv@divisor+1,w
  6907     1684  0275               	subwf	___awdiv@dividend+1,w
  6908     1685  1D03               	skipz
  6909     1686  2E89               	goto	u2455
  6910     1687  0872               	movf	___awdiv@divisor,w
  6911     1688  0274               	subwf	___awdiv@dividend,w
  6912     1689                     u2455:
  6913     1689  1C03               	skipc
  6914     168A  2E8C               	goto	u2451
  6915     168B  2E8D               	goto	u2450
  6916     168C                     u2451:
  6917     168C  2E94               	goto	l2336
  6918     168D                     u2450:
  6919     168D                     l2332:
  6920     168D  0872               	movf	___awdiv@divisor,w
  6921     168E  02F4               	subwf	___awdiv@dividend,f
  6922     168F  0873               	movf	___awdiv@divisor+1,w
  6923     1690  1C03               	skipc
  6924     1691  03F5               	decf	___awdiv@dividend+1,f
  6925     1692  02F5               	subwf	___awdiv@dividend+1,f
  6926     1693                     l2334:
  6927     1693  1478               	bsf	___awdiv@quotient,0
  6928     1694                     l2336:
  6929     1694  3001               	movlw	1
  6930     1695                     u2465:
  6931     1695  1003               	clrc
  6932     1696  0CF3               	rrf	___awdiv@divisor+1,f
  6933     1697  0CF2               	rrf	___awdiv@divisor,f
  6934     1698  3EFF               	addlw	-1
  6935     1699  1D03               	skipz
  6936     169A  2E95               	goto	u2465
  6937     169B                     l2338:
  6938     169B  3001               	movlw	1
  6939     169C  02F6               	subwf	___awdiv@counter,f
  6940     169D  1D03               	btfss	3,2
  6941     169E  2EA0               	goto	u2471
  6942     169F  2EA1               	goto	u2470
  6943     16A0                     u2471:
  6944     16A0  2E7C               	goto	l2330
  6945     16A1                     u2470:
  6946     16A1                     l2340:
  6947     16A1  0877               	movf	___awdiv@sign,w
  6948     16A2  1903               	btfsc	3,2
  6949     16A3  2EA5               	goto	u2481
  6950     16A4  2EA6               	goto	u2480
  6951     16A5                     u2481:
  6952     16A5  2EAB               	goto	l2344
  6953     16A6                     u2480:
  6954     16A6                     l2342:
  6955     16A6  09F8               	comf	___awdiv@quotient,f
  6956     16A7  09F9               	comf	___awdiv@quotient+1,f
  6957     16A8  0AF8               	incf	___awdiv@quotient,f
  6958     16A9  1903               	skipnz
  6959     16AA  0AF9               	incf	___awdiv@quotient+1,f
  6960     16AB                     l2344:
  6961     16AB  0879               	movf	___awdiv@quotient+1,w
  6962     16AC  00F3               	movwf	?___awdiv+1
  6963     16AD  0878               	movf	___awdiv@quotient,w
  6964     16AE  00F2               	movwf	?___awdiv
  6965     16AF                     l593:
  6966     16AF  0008               	return
  6967     16B0                     __end_of___awdiv:
  6968                           
  6969                           	psect	text16
  6970     0B15                     __ptext16:	
  6971 ;; *************** function _set_time *****************
  6972 ;; Defined at:
  6973 ;;		line 81 in file "../../Washing Machine/Washing-Machine-Simulator-PIC16F877A-master/Source files/washing_machine_func
      +tion_def.c"
  6974 ;; Parameters:    Size  Location     Type
  6975 ;;		None
  6976 ;; Auto vars:     Size  Location     Type
  6977 ;;		None
  6978 ;; Return value:  Size  Location     Type
  6979 ;;                  1    wreg      void 
  6980 ;; Registers used:
  6981 ;;		wreg, fsr0l, fsr0h, status,2, status,0
  6982 ;; Tracked objects:
  6983 ;;		On entry : 0/0
  6984 ;;		On exit  : 0/0
  6985 ;;		Unchanged: 0/0
  6986 ;; Data sizes:     COMMON   BANK0   BANK1   BANK3   BANK2
  6987 ;;      Params:         0       0       0       0       0
  6988 ;;      Locals:         0       0       0       0       0
  6989 ;;      Temps:          0       0       0       0       0
  6990 ;;      Totals:         0       0       0       0       0
  6991 ;;Total ram usage:        0 bytes
  6992 ;; Hardware stack levels used: 1
  6993 ;; Hardware stack levels required when called: 1
  6994 ;; This function calls:
  6995 ;;		Nothing
  6996 ;; This function is called by:
  6997 ;;		_main
  6998 ;; This function uses a non-reentrant model
  6999 ;;
  7000                           
  7001     0B15                     _set_time:	
  7002                           ;psect for function _set_time
  7003                           
  7004     0B15                     l2702:	
  7005                           ;incstack = 0
  7006                           ; Regs used in _set_time: [wreg-fsr0h+status,2+status,0]
  7007                           
  7008                           
  7009                           ;../../Washing Machine/Washing-Machine-Simulator-PIC16F877A-master/Source files/washing_
      +                          machine_function_def.c: 82:     switch(program_no){
  7010     0B15  2C33               	goto	l2830
  7011     0B16                     l84:	
  7012                           ;../../Washing Machine/Washing-Machine-Simulator-PIC16F877A-master/Source files/washing_
      +                          machine_function_def.c: 85:                 case 1: sec = 33;
  7013                           
  7014     0B16  3021               	movlw	33
  7015     0B17  00ED               	movwf	_sec
  7016     0B18                     l2704:
  7017                           
  7018                           ;../../Washing Machine/Washing-Machine-Simulator-PIC16F877A-master/Source files/washing_
      +                          machine_function_def.c: 86:                 min=0;
  7019     0B18  01EC               	clrf	_min
  7020                           
  7021                           ;../../Washing Machine/Washing-Machine-Simulator-PIC16F877A-master/Source files/washing_
      +                          machine_function_def.c: 87:                     break;
  7022     0B19  2C5B               	goto	l179
  7023     0B1A                     l87:	
  7024                           ;../../Washing Machine/Washing-Machine-Simulator-PIC16F877A-master/Source files/washing_
      +                          machine_function_def.c: 89:                 case 2: sec = 41;
  7025                           
  7026     0B1A  3029               	movlw	41
  7027     0B1B  00ED               	movwf	_sec
  7028     0B1C  2B18               	goto	l2704
  7029     0B1D                     l89:	
  7030                           ;../../Washing Machine/Washing-Machine-Simulator-PIC16F877A-master/Source files/washing_
      +                          machine_function_def.c: 93:                 case 4: sec = 45;
  7031                           
  7032     0B1D  302D               	movlw	45
  7033     0B1E  00ED               	movwf	_sec
  7034     0B1F  2B18               	goto	l2704
  7035     0B20                     l2712:
  7036     0B20  086E               	movf	_level,w
  7037                           
  7038                           ; Switch size 1, requested type "simple"
  7039                           ; Number of cases is 5, Range of values is 0 to 4
  7040                           ; switch strategies available:
  7041                           ; Name         Instructions Cycles
  7042                           ; simple_byte           16     9 (average)
  7043                           ; direct_byte           23     8 (fixed)
  7044                           ; jumptable            260     6 (fixed)
  7045                           ;	Chosen strategy is simple_byte
  7046     0B21  3A00               	xorlw	0	; case 0
  7047     0B22  1903               	skipnz
  7048     0B23  2B1A               	goto	l87
  7049     0B24  3A01               	xorlw	1	; case 1
  7050     0B25  1903               	skipnz
  7051     0B26  2B16               	goto	l84
  7052     0B27  3A03               	xorlw	3	; case 2
  7053     0B28  1903               	skipnz
  7054     0B29  2B1A               	goto	l87
  7055     0B2A  3A01               	xorlw	1	; case 3
  7056     0B2B  1903               	skipnz
  7057     0B2C  2B1D               	goto	l89
  7058     0B2D  3A07               	xorlw	7	; case 4
  7059     0B2E  1903               	skipnz
  7060     0B2F  2B1D               	goto	l89
  7061     0B30  2C5B               	goto	l179
  7062     0B31                     l2714:
  7063                           
  7064                           ;../../Washing Machine/Washing-Machine-Simulator-PIC16F877A-master/Source files/washing_
      +                          machine_function_def.c: 101:                     min=0;
  7065     0B31  01EC               	clrf	_min
  7066     0B32                     l2716:
  7067                           
  7068                           ;../../Washing Machine/Washing-Machine-Simulator-PIC16F877A-master/Source files/washing_
      +                          machine_function_def.c: 102:                     sec = 40;
  7069     0B32  3028               	movlw	40
  7070     0B33  00ED               	movwf	_sec
  7071                           
  7072                           ;../../Washing Machine/Washing-Machine-Simulator-PIC16F877A-master/Source files/washing_
      +                          machine_function_def.c: 103:                     break;
  7073     0B34  2C5B               	goto	l179
  7074     0B35                     l2718:
  7075                           
  7076                           ;../../Washing Machine/Washing-Machine-Simulator-PIC16F877A-master/Source files/washing_
      +                          machine_function_def.c: 106:                     min=0;
  7077     0B35  01EC               	clrf	_min
  7078     0B36                     l2720:
  7079                           
  7080                           ;../../Washing Machine/Washing-Machine-Simulator-PIC16F877A-master/Source files/washing_
      +                          machine_function_def.c: 107:                     sec = 50;
  7081     0B36  3032               	movlw	50
  7082     0B37  00ED               	movwf	_sec
  7083                           
  7084                           ;../../Washing Machine/Washing-Machine-Simulator-PIC16F877A-master/Source files/washing_
      +                          machine_function_def.c: 108:                     break;
  7085     0B38  2C5B               	goto	l179
  7086     0B39                     l2722:
  7087                           
  7088                           ;../../Washing Machine/Washing-Machine-Simulator-PIC16F877A-master/Source files/washing_
      +                          machine_function_def.c: 111:                     min=0;
  7089     0B39  01EC               	clrf	_min
  7090     0B3A                     l2724:
  7091                           
  7092                           ;../../Washing Machine/Washing-Machine-Simulator-PIC16F877A-master/Source files/washing_
      +                          machine_function_def.c: 112:                     sec = 57;
  7093     0B3A  3039               	movlw	57
  7094     0B3B  00ED               	movwf	_sec
  7095                           
  7096                           ;../../Washing Machine/Washing-Machine-Simulator-PIC16F877A-master/Source files/washing_
      +                          machine_function_def.c: 113:                     break;
  7097     0B3C  2C5B               	goto	l179
  7098     0B3D                     l2728:
  7099     0B3D  086E               	movf	_level,w
  7100                           
  7101                           ; Switch size 1, requested type "simple"
  7102                           ; Number of cases is 5, Range of values is 0 to 4
  7103                           ; switch strategies available:
  7104                           ; Name         Instructions Cycles
  7105                           ; simple_byte           16     9 (average)
  7106                           ; direct_byte           23     8 (fixed)
  7107                           ; jumptable            260     6 (fixed)
  7108                           ;	Chosen strategy is simple_byte
  7109     0B3E  3A00               	xorlw	0	; case 0
  7110     0B3F  1903               	skipnz
  7111     0B40  2B35               	goto	l2718
  7112     0B41  3A01               	xorlw	1	; case 1
  7113     0B42  1903               	skipnz
  7114     0B43  2B31               	goto	l2714
  7115     0B44  3A03               	xorlw	3	; case 2
  7116     0B45  1903               	skipnz
  7117     0B46  2B35               	goto	l2718
  7118     0B47  3A01               	xorlw	1	; case 3
  7119     0B48  1903               	skipnz
  7120     0B49  2B39               	goto	l2722
  7121     0B4A  3A07               	xorlw	7	; case 4
  7122     0B4B  1903               	skipnz
  7123     0B4C  2B39               	goto	l2722
  7124     0B4D  2C5B               	goto	l179
  7125     0B4E                     l2730:
  7126                           
  7127                           ;../../Washing Machine/Washing-Machine-Simulator-PIC16F877A-master/Source files/washing_
      +                          machine_function_def.c: 121:                     min=0;
  7128     0B4E  01EC               	clrf	_min
  7129     0B4F                     l2732:
  7130                           
  7131                           ;../../Washing Machine/Washing-Machine-Simulator-PIC16F877A-master/Source files/washing_
      +                          machine_function_def.c: 122:                     sec = 26;
  7132     0B4F  301A               	movlw	26
  7133     0B50  00ED               	movwf	_sec
  7134                           
  7135                           ;../../Washing Machine/Washing-Machine-Simulator-PIC16F877A-master/Source files/washing_
      +                          machine_function_def.c: 123:                     break;
  7136     0B51  2C5B               	goto	l179
  7137     0B52                     l2734:
  7138                           
  7139                           ;../../Washing Machine/Washing-Machine-Simulator-PIC16F877A-master/Source files/washing_
      +                          machine_function_def.c: 126:                     min=0;
  7140     0B52  01EC               	clrf	_min
  7141     0B53                     l2736:
  7142                           
  7143                           ;../../Washing Machine/Washing-Machine-Simulator-PIC16F877A-master/Source files/washing_
      +                          machine_function_def.c: 127:                     sec = 31;
  7144     0B53  301F               	movlw	31
  7145     0B54  00ED               	movwf	_sec
  7146                           
  7147                           ;../../Washing Machine/Washing-Machine-Simulator-PIC16F877A-master/Source files/washing_
      +                          machine_function_def.c: 128:                     break;
  7148     0B55  2C5B               	goto	l179
  7149     0B56                     l2740:
  7150     0B56  086E               	movf	_level,w
  7151                           
  7152                           ; Switch size 1, requested type "simple"
  7153                           ; Number of cases is 5, Range of values is 0 to 4
  7154                           ; switch strategies available:
  7155                           ; Name         Instructions Cycles
  7156                           ; simple_byte           16     9 (average)
  7157                           ; direct_byte           23     8 (fixed)
  7158                           ; jumptable            260     6 (fixed)
  7159                           ;	Chosen strategy is simple_byte
  7160     0B57  3A00               	xorlw	0	; case 0
  7161     0B58  1903               	skipnz
  7162     0B59  2B4E               	goto	l2730
  7163     0B5A  3A01               	xorlw	1	; case 1
  7164     0B5B  1903               	skipnz
  7165     0B5C  2B4E               	goto	l2730
  7166     0B5D  3A03               	xorlw	3	; case 2
  7167     0B5E  1903               	skipnz
  7168     0B5F  2B4E               	goto	l2730
  7169     0B60  3A01               	xorlw	1	; case 3
  7170     0B61  1903               	skipnz
  7171     0B62  2B52               	goto	l2734
  7172     0B63  3A07               	xorlw	7	; case 4
  7173     0B64  1903               	skipnz
  7174     0B65  2B52               	goto	l2734
  7175     0B66  2C5B               	goto	l179
  7176     0B67                     l111:	
  7177                           ;../../Washing Machine/Washing-Machine-Simulator-PIC16F877A-master/Source files/washing_
      +                          machine_function_def.c: 135:                 case 2:
  7178                           
  7179     0B67                     l113:	
  7180                           ;../../Washing Machine/Washing-Machine-Simulator-PIC16F877A-master/Source files/washing_
      +                          machine_function_def.c: 137:                 case 4:
  7181                           
  7182                           
  7183                           ;../../Washing Machine/Washing-Machine-Simulator-PIC16F877A-master/Source files/washing_
      +                          machine_function_def.c: 138:                     min = 1;
  7184     0B67  3001               	movlw	1
  7185     0B68  00EC               	movwf	_min
  7186                           
  7187                           ;../../Washing Machine/Washing-Machine-Simulator-PIC16F877A-master/Source files/washing_
      +                          machine_function_def.c: 139:                     sec = 16;
  7188     0B69  3010               	movlw	16
  7189     0B6A  00ED               	movwf	_sec
  7190                           
  7191                           ;../../Washing Machine/Washing-Machine-Simulator-PIC16F877A-master/Source files/washing_
      +                          machine_function_def.c: 140:                     break;
  7192     0B6B  2C5B               	goto	l179
  7193     0B6C                     l2744:
  7194     0B6C  086E               	movf	_level,w
  7195                           
  7196                           ; Switch size 1, requested type "simple"
  7197                           ; Number of cases is 5, Range of values is 0 to 4
  7198                           ; switch strategies available:
  7199                           ; Name         Instructions Cycles
  7200                           ; simple_byte           16     9 (average)
  7201                           ; direct_byte           23     8 (fixed)
  7202                           ; jumptable            260     6 (fixed)
  7203                           ;	Chosen strategy is simple_byte
  7204     0B6D  3A00               	xorlw	0	; case 0
  7205     0B6E  1903               	skipnz
  7206     0B6F  2B67               	goto	l113
  7207     0B70  3A01               	xorlw	1	; case 1
  7208     0B71  1903               	skipnz
  7209     0B72  2B67               	goto	l111
  7210     0B73  3A03               	xorlw	3	; case 2
  7211     0B74  1903               	skipnz
  7212     0B75  2B67               	goto	l113
  7213     0B76  3A01               	xorlw	1	; case 3
  7214     0B77  1903               	skipnz
  7215     0B78  2B67               	goto	l113
  7216     0B79  3A07               	xorlw	7	; case 4
  7217     0B7A  1903               	skipnz
  7218     0B7B  2B67               	goto	l113
  7219     0B7C  2C5B               	goto	l179
  7220     0B7D                     l119:	
  7221                           ;../../Washing Machine/Washing-Machine-Simulator-PIC16F877A-master/Source files/washing_
      +                          machine_function_def.c: 147:                 case 2:
  7222                           
  7223     0B7D                     l121:	
  7224                           ;../../Washing Machine/Washing-Machine-Simulator-PIC16F877A-master/Source files/washing_
      +                          machine_function_def.c: 149:                 case 4:
  7225                           
  7226                           
  7227                           ;../../Washing Machine/Washing-Machine-Simulator-PIC16F877A-master/Source files/washing_
      +                          machine_function_def.c: 150:                     min = 1;
  7228     0B7D  3001               	movlw	1
  7229     0B7E  00EC               	movwf	_min
  7230                           
  7231                           ;../../Washing Machine/Washing-Machine-Simulator-PIC16F877A-master/Source files/washing_
      +                          machine_function_def.c: 151:                     sec = 36;
  7232     0B7F  3024               	movlw	36
  7233     0B80  00ED               	movwf	_sec
  7234                           
  7235                           ;../../Washing Machine/Washing-Machine-Simulator-PIC16F877A-master/Source files/washing_
      +                          machine_function_def.c: 152:                     break;
  7236     0B81  2C5B               	goto	l179
  7237     0B82                     l2748:
  7238     0B82  086E               	movf	_level,w
  7239                           
  7240                           ; Switch size 1, requested type "simple"
  7241                           ; Number of cases is 5, Range of values is 0 to 4
  7242                           ; switch strategies available:
  7243                           ; Name         Instructions Cycles
  7244                           ; simple_byte           16     9 (average)
  7245                           ; direct_byte           23     8 (fixed)
  7246                           ; jumptable            260     6 (fixed)
  7247                           ;	Chosen strategy is simple_byte
  7248     0B83  3A00               	xorlw	0	; case 0
  7249     0B84  1903               	skipnz
  7250     0B85  2B7D               	goto	l121
  7251     0B86  3A01               	xorlw	1	; case 1
  7252     0B87  1903               	skipnz
  7253     0B88  2B7D               	goto	l119
  7254     0B89  3A03               	xorlw	3	; case 2
  7255     0B8A  1903               	skipnz
  7256     0B8B  2B7D               	goto	l121
  7257     0B8C  3A01               	xorlw	1	; case 3
  7258     0B8D  1903               	skipnz
  7259     0B8E  2B7D               	goto	l121
  7260     0B8F  3A07               	xorlw	7	; case 4
  7261     0B90  1903               	skipnz
  7262     0B91  2B7D               	goto	l121
  7263     0B92  2C5B               	goto	l179
  7264     0B93                     l2754:
  7265                           
  7266                           ;../../Washing Machine/Washing-Machine-Simulator-PIC16F877A-master/Source files/washing_
      +                          machine_function_def.c: 165:                     min = 0;
  7267     0B93  01EC               	clrf	_min
  7268     0B94                     l2756:
  7269                           
  7270                           ;../../Washing Machine/Washing-Machine-Simulator-PIC16F877A-master/Source files/washing_
      +                          machine_function_def.c: 166:                     sec = 36;
  7271     0B94  3024               	movlw	36
  7272     0B95  00ED               	movwf	_sec
  7273                           
  7274                           ;../../Washing Machine/Washing-Machine-Simulator-PIC16F877A-master/Source files/washing_
      +                          machine_function_def.c: 167:                     break;
  7275     0B96  2C5B               	goto	l179
  7276     0B97                     l2760:
  7277     0B97  086E               	movf	_level,w
  7278                           
  7279                           ; Switch size 1, requested type "simple"
  7280                           ; Number of cases is 5, Range of values is 0 to 4
  7281                           ; switch strategies available:
  7282                           ; Name         Instructions Cycles
  7283                           ; simple_byte           16     9 (average)
  7284                           ; direct_byte           23     8 (fixed)
  7285                           ; jumptable            260     6 (fixed)
  7286                           ;	Chosen strategy is simple_byte
  7287     0B98  3A00               	xorlw	0	; case 0
  7288     0B99  1903               	skipnz
  7289     0B9A  2B52               	goto	l2734
  7290     0B9B  3A01               	xorlw	1	; case 1
  7291     0B9C  1903               	skipnz
  7292     0B9D  2B52               	goto	l2734
  7293     0B9E  3A03               	xorlw	3	; case 2
  7294     0B9F  1903               	skipnz
  7295     0BA0  2B52               	goto	l2734
  7296     0BA1  3A01               	xorlw	1	; case 3
  7297     0BA2  1903               	skipnz
  7298     0BA3  2B93               	goto	l2754
  7299     0BA4  3A07               	xorlw	7	; case 4
  7300     0BA5  1903               	skipnz
  7301     0BA6  2B93               	goto	l2754
  7302     0BA7  2C5B               	goto	l179
  7303     0BA8                     l136:	
  7304                           ;../../Washing Machine/Washing-Machine-Simulator-PIC16F877A-master/Source files/washing_
      +                          machine_function_def.c: 175:                 case 3:
  7305                           
  7306     0BA8                     l2762:
  7307                           
  7308                           ;../../Washing Machine/Washing-Machine-Simulator-PIC16F877A-master/Source files/washing_
      +                          machine_function_def.c: 177:                     min = 0;
  7309     0BA8  01EC               	clrf	_min
  7310     0BA9                     l2764:
  7311                           
  7312                           ;../../Washing Machine/Washing-Machine-Simulator-PIC16F877A-master/Source files/washing_
      +                          machine_function_def.c: 178:                     sec = 29;
  7313     0BA9  301D               	movlw	29
  7314     0BAA  00ED               	movwf	_sec
  7315                           
  7316                           ;../../Washing Machine/Washing-Machine-Simulator-PIC16F877A-master/Source files/washing_
      +                          machine_function_def.c: 179:                     break;
  7317     0BAB  2C5B               	goto	l179
  7318     0BAC                     l2768:
  7319     0BAC  086E               	movf	_level,w
  7320                           
  7321                           ; Switch size 1, requested type "simple"
  7322                           ; Number of cases is 5, Range of values is 0 to 4
  7323                           ; switch strategies available:
  7324                           ; Name         Instructions Cycles
  7325                           ; simple_byte           16     9 (average)
  7326                           ; direct_byte           23     8 (fixed)
  7327                           ; jumptable            260     6 (fixed)
  7328                           ;	Chosen strategy is simple_byte
  7329     0BAD  3A00               	xorlw	0	; case 0
  7330     0BAE  1903               	skipnz
  7331     0BAF  2BA8               	goto	l2762
  7332     0BB0  3A01               	xorlw	1	; case 1
  7333     0BB1  1903               	skipnz
  7334     0BB2  2BA8               	goto	l136
  7335     0BB3  3A03               	xorlw	3	; case 2
  7336     0BB4  1903               	skipnz
  7337     0BB5  2BA8               	goto	l2762
  7338     0BB6  3A01               	xorlw	1	; case 3
  7339     0BB7  1903               	skipnz
  7340     0BB8  2BA8               	goto	l2762
  7341     0BB9  3A07               	xorlw	7	; case 4
  7342     0BBA  1903               	skipnz
  7343     0BBB  2BA8               	goto	l2762
  7344     0BBC  2C5B               	goto	l179
  7345     0BBD                     l2770:
  7346                           
  7347                           ;../../Washing Machine/Washing-Machine-Simulator-PIC16F877A-master/Source files/washing_
      +                          machine_function_def.c: 185:                     min=0;
  7348     0BBD  01EC               	clrf	_min
  7349     0BBE                     l2772:
  7350                           
  7351                           ;../../Washing Machine/Washing-Machine-Simulator-PIC16F877A-master/Source files/washing_
      +                          machine_function_def.c: 186:                     sec=46;
  7352     0BBE  302E               	movlw	46
  7353     0BBF  00ED               	movwf	_sec
  7354                           
  7355                           ;../../Washing Machine/Washing-Machine-Simulator-PIC16F877A-master/Source files/washing_
      +                          machine_function_def.c: 187:                     break;
  7356     0BC0  2C5B               	goto	l179
  7357     0BC1                     l2774:
  7358                           
  7359                           ;../../Washing Machine/Washing-Machine-Simulator-PIC16F877A-master/Source files/washing_
      +                          machine_function_def.c: 190:                     min=0;
  7360     0BC1  01EC               	clrf	_min
  7361     0BC2                     l2776:
  7362                           
  7363                           ;../../Washing Machine/Washing-Machine-Simulator-PIC16F877A-master/Source files/washing_
      +                          machine_function_def.c: 191:                     sec=53;
  7364     0BC2  3035               	movlw	53
  7365     0BC3  00ED               	movwf	_sec
  7366                           
  7367                           ;../../Washing Machine/Washing-Machine-Simulator-PIC16F877A-master/Source files/washing_
      +                          machine_function_def.c: 192:                     break;
  7368     0BC4  2C5B               	goto	l179
  7369     0BC5                     l146:	
  7370                           ;../../Washing Machine/Washing-Machine-Simulator-PIC16F877A-master/Source files/washing_
      +                          machine_function_def.c: 194:                 case 4:
  7371                           
  7372                           
  7373                           ;../../Washing Machine/Washing-Machine-Simulator-PIC16F877A-master/Source files/washing_
      +                          machine_function_def.c: 195:                     min = 1;
  7374     0BC5  3001               	movlw	1
  7375     0BC6  00EC               	movwf	_min
  7376     0BC7                     l2778:
  7377                           
  7378                           ;../../Washing Machine/Washing-Machine-Simulator-PIC16F877A-master/Source files/washing_
      +                          machine_function_def.c: 196:                     sec = 0;
  7379     0BC7  01ED               	clrf	_sec
  7380                           
  7381                           ;../../Washing Machine/Washing-Machine-Simulator-PIC16F877A-master/Source files/washing_
      +                          machine_function_def.c: 197:                     break;
  7382     0BC8  2C5B               	goto	l179
  7383     0BC9                     l2782:
  7384     0BC9  086E               	movf	_level,w
  7385                           
  7386                           ; Switch size 1, requested type "simple"
  7387                           ; Number of cases is 5, Range of values is 0 to 4
  7388                           ; switch strategies available:
  7389                           ; Name         Instructions Cycles
  7390                           ; simple_byte           16     9 (average)
  7391                           ; direct_byte           23     8 (fixed)
  7392                           ; jumptable            260     6 (fixed)
  7393                           ;	Chosen strategy is simple_byte
  7394     0BCA  3A00               	xorlw	0	; case 0
  7395     0BCB  1903               	skipnz
  7396     0BCC  2BC1               	goto	l2774
  7397     0BCD  3A01               	xorlw	1	; case 1
  7398     0BCE  1903               	skipnz
  7399     0BCF  2BBD               	goto	l2770
  7400     0BD0  3A03               	xorlw	3	; case 2
  7401     0BD1  1903               	skipnz
  7402     0BD2  2BC1               	goto	l2774
  7403     0BD3  3A01               	xorlw	1	; case 3
  7404     0BD4  1903               	skipnz
  7405     0BD5  2BC5               	goto	l146
  7406     0BD6  3A07               	xorlw	7	; case 4
  7407     0BD7  1903               	skipnz
  7408     0BD8  2BC5               	goto	l146
  7409     0BD9  2C5B               	goto	l179
  7410     0BDA                     l2784:
  7411                           
  7412                           ;../../Washing Machine/Washing-Machine-Simulator-PIC16F877A-master/Source files/washing_
      +                          machine_function_def.c: 203:                     min=0;
  7413     0BDA  01EC               	clrf	_min
  7414     0BDB                     l2786:
  7415                           
  7416                           ;../../Washing Machine/Washing-Machine-Simulator-PIC16F877A-master/Source files/washing_
      +                          machine_function_def.c: 204:                     sec=18;
  7417     0BDB  3012               	movlw	18
  7418     0BDC  00ED               	movwf	_sec
  7419                           
  7420                           ;../../Washing Machine/Washing-Machine-Simulator-PIC16F877A-master/Source files/washing_
      +                          machine_function_def.c: 205:                     break;
  7421     0BDD  2C5B               	goto	l179
  7422     0BDE                     l153:	
  7423                           ;../../Washing Machine/Washing-Machine-Simulator-PIC16F877A-master/Source files/washing_
      +                          machine_function_def.c: 208:                 case 3:
  7424                           
  7425     0BDE                     l2788:
  7426                           
  7427                           ;../../Washing Machine/Washing-Machine-Simulator-PIC16F877A-master/Source files/washing_
      +                          machine_function_def.c: 210:                     min = 0;
  7428     0BDE  01EC               	clrf	_min
  7429     0BDF                     l2790:
  7430                           
  7431                           ;../../Washing Machine/Washing-Machine-Simulator-PIC16F877A-master/Source files/washing_
      +                          machine_function_def.c: 211:                     sec = 20;
  7432     0BDF  3014               	movlw	20
  7433     0BE0  00ED               	movwf	_sec
  7434                           
  7435                           ;../../Washing Machine/Washing-Machine-Simulator-PIC16F877A-master/Source files/washing_
      +                          machine_function_def.c: 212:                     break;
  7436     0BE1  2C5B               	goto	l179
  7437     0BE2                     l2794:
  7438     0BE2  086E               	movf	_level,w
  7439                           
  7440                           ; Switch size 1, requested type "simple"
  7441                           ; Number of cases is 5, Range of values is 0 to 4
  7442                           ; switch strategies available:
  7443                           ; Name         Instructions Cycles
  7444                           ; simple_byte           16     9 (average)
  7445                           ; direct_byte           23     8 (fixed)
  7446                           ; jumptable            260     6 (fixed)
  7447                           ;	Chosen strategy is simple_byte
  7448     0BE3  3A00               	xorlw	0	; case 0
  7449     0BE4  1903               	skipnz
  7450     0BE5  2BDE               	goto	l153
  7451     0BE6  3A01               	xorlw	1	; case 1
  7452     0BE7  1903               	skipnz
  7453     0BE8  2BDA               	goto	l2784
  7454     0BE9  3A03               	xorlw	3	; case 2
  7455     0BEA  1903               	skipnz
  7456     0BEB  2BDE               	goto	l2788
  7457     0BEC  3A01               	xorlw	1	; case 3
  7458     0BED  1903               	skipnz
  7459     0BEE  2BDE               	goto	l2788
  7460     0BEF  3A07               	xorlw	7	; case 4
  7461     0BF0  1903               	skipnz
  7462     0BF1  2BDE               	goto	l2788
  7463     0BF2  2C5B               	goto	l179
  7464     0BF3                     l160:	
  7465                           ;../../Washing Machine/Washing-Machine-Simulator-PIC16F877A-master/Source files/washing_
      +                          machine_function_def.c: 220:                 case 3:
  7466                           
  7467     0BF3                     l2796:
  7468                           
  7469                           ;../../Washing Machine/Washing-Machine-Simulator-PIC16F877A-master/Source files/washing_
      +                          machine_function_def.c: 222:                     min = 0;
  7470     0BF3  01EC               	clrf	_min
  7471     0BF4                     l2798:
  7472                           
  7473                           ;../../Washing Machine/Washing-Machine-Simulator-PIC16F877A-master/Source files/washing_
      +                          machine_function_def.c: 223:                     sec = 6;
  7474     0BF4  3006               	movlw	6
  7475     0BF5  00ED               	movwf	_sec
  7476                           
  7477                           ;../../Washing Machine/Washing-Machine-Simulator-PIC16F877A-master/Source files/washing_
      +                          machine_function_def.c: 224:                     break;
  7478     0BF6  2C5B               	goto	l179
  7479     0BF7                     l2802:
  7480     0BF7  086E               	movf	_level,w
  7481                           
  7482                           ; Switch size 1, requested type "simple"
  7483                           ; Number of cases is 5, Range of values is 0 to 4
  7484                           ; switch strategies available:
  7485                           ; Name         Instructions Cycles
  7486                           ; simple_byte           16     9 (average)
  7487                           ; direct_byte           23     8 (fixed)
  7488                           ; jumptable            260     6 (fixed)
  7489                           ;	Chosen strategy is simple_byte
  7490     0BF8  3A00               	xorlw	0	; case 0
  7491     0BF9  1903               	skipnz
  7492     0BFA  2BF3               	goto	l2796
  7493     0BFB  3A01               	xorlw	1	; case 1
  7494     0BFC  1903               	skipnz
  7495     0BFD  2BF3               	goto	l160
  7496     0BFE  3A03               	xorlw	3	; case 2
  7497     0BFF  1903               	skipnz
  7498     0C00  2BF3               	goto	l2796
  7499     0C01  3A01               	xorlw	1	; case 3
  7500     0C02  1903               	skipnz
  7501     0C03  2BF3               	goto	l2796
  7502     0C04  3A07               	xorlw	7	; case 4
  7503     0C05  1903               	skipnz
  7504     0C06  2BF3               	goto	l2796
  7505     0C07  2C5B               	goto	l179
  7506     0C08                     l2804:
  7507                           
  7508                           ;../../Washing Machine/Washing-Machine-Simulator-PIC16F877A-master/Source files/washing_
      +                          machine_function_def.c: 230:                     min=0;
  7509     0C08  01EC               	clrf	_min
  7510     0C09                     l2806:
  7511                           
  7512                           ;../../Washing Machine/Washing-Machine-Simulator-PIC16F877A-master/Source files/washing_
      +                          machine_function_def.c: 231:                     sec=16;
  7513     0C09  3010               	movlw	16
  7514     0C0A  00ED               	movwf	_sec
  7515                           
  7516                           ;../../Washing Machine/Washing-Machine-Simulator-PIC16F877A-master/Source files/washing_
      +                          machine_function_def.c: 232:                     break;
  7517     0C0B  2C5B               	goto	l179
  7518     0C0C                     l2808:
  7519                           
  7520                           ;../../Washing Machine/Washing-Machine-Simulator-PIC16F877A-master/Source files/washing_
      +                          machine_function_def.c: 235:                     min=0;
  7521     0C0C  01EC               	clrf	_min
  7522     0C0D                     l2810:
  7523                           
  7524                           ;../../Washing Machine/Washing-Machine-Simulator-PIC16F877A-master/Source files/washing_
      +                          machine_function_def.c: 236:                     sec=21;
  7525     0C0D  3015               	movlw	21
  7526     0C0E  00ED               	movwf	_sec
  7527                           
  7528                           ;../../Washing Machine/Washing-Machine-Simulator-PIC16F877A-master/Source files/washing_
      +                          machine_function_def.c: 237:                     break;
  7529     0C0F  2C5B               	goto	l179
  7530     0C10                     l2818:
  7531     0C10  086E               	movf	_level,w
  7532                           
  7533                           ; Switch size 1, requested type "simple"
  7534                           ; Number of cases is 5, Range of values is 0 to 4
  7535                           ; switch strategies available:
  7536                           ; Name         Instructions Cycles
  7537                           ; simple_byte           16     9 (average)
  7538                           ; direct_byte           23     8 (fixed)
  7539                           ; jumptable            260     6 (fixed)
  7540                           ;	Chosen strategy is simple_byte
  7541     0C11  3A00               	xorlw	0	; case 0
  7542     0C12  1903               	skipnz
  7543     0C13  2C0C               	goto	l2808
  7544     0C14  3A01               	xorlw	1	; case 1
  7545     0C15  1903               	skipnz
  7546     0C16  2C08               	goto	l2804
  7547     0C17  3A03               	xorlw	3	; case 2
  7548     0C18  1903               	skipnz
  7549     0C19  2C0C               	goto	l2808
  7550     0C1A  3A01               	xorlw	1	; case 3
  7551     0C1B  1903               	skipnz
  7552     0C1C  2C0C               	goto	l2808
  7553     0C1D  3A07               	xorlw	7	; case 4
  7554     0C1E  1903               	skipnz
  7555     0C1F  2C0C               	goto	l2808
  7556     0C20  2C5B               	goto	l179
  7557     0C21                     l176:	
  7558                           ;../../Washing Machine/Washing-Machine-Simulator-PIC16F877A-master/Source files/washing_
      +                          machine_function_def.c: 250:                 case 3:
  7559                           
  7560     0C21  2B35               	goto	l2718
  7561     0C22                     l2826:
  7562     0C22  086E               	movf	_level,w
  7563                           
  7564                           ; Switch size 1, requested type "simple"
  7565                           ; Number of cases is 5, Range of values is 0 to 4
  7566                           ; switch strategies available:
  7567                           ; Name         Instructions Cycles
  7568                           ; simple_byte           16     9 (average)
  7569                           ; direct_byte           23     8 (fixed)
  7570                           ; jumptable            260     6 (fixed)
  7571                           ;	Chosen strategy is simple_byte
  7572     0C23  3A00               	xorlw	0	; case 0
  7573     0C24  1903               	skipnz
  7574     0C25  2B35               	goto	l2718
  7575     0C26  3A01               	xorlw	1	; case 1
  7576     0C27  1903               	skipnz
  7577     0C28  2C21               	goto	l176
  7578     0C29  3A03               	xorlw	3	; case 2
  7579     0C2A  1903               	skipnz
  7580     0C2B  2B35               	goto	l2718
  7581     0C2C  3A01               	xorlw	1	; case 3
  7582     0C2D  1903               	skipnz
  7583     0C2E  2B35               	goto	l2718
  7584     0C2F  3A07               	xorlw	7	; case 4
  7585     0C30  1903               	skipnz
  7586     0C31  2B35               	goto	l2718
  7587     0C32  2C5B               	goto	l179
  7588     0C33                     l2830:
  7589     0C33  1283               	bcf	3,5	;RP0=0, select bank0
  7590     0C34  1303               	bcf	3,6	;RP1=0, select bank0
  7591     0C35  086F               	movf	_program_no,w
  7592                           
  7593                           ; Switch size 1, requested type "simple"
  7594                           ; Number of cases is 12, Range of values is 0 to 11
  7595                           ; switch strategies available:
  7596                           ; Name         Instructions Cycles
  7597                           ; simple_byte           37    19 (average)
  7598                           ; direct_byte           44     8 (fixed)
  7599                           ; jumptable            260     6 (fixed)
  7600                           ;	Chosen strategy is simple_byte
  7601     0C36  3A00               	xorlw	0	; case 0
  7602     0C37  1903               	skipnz
  7603     0C38  2B20               	goto	l2712
  7604     0C39  3A01               	xorlw	1	; case 1
  7605     0C3A  1903               	skipnz
  7606     0C3B  2B3D               	goto	l2728
  7607     0C3C  3A03               	xorlw	3	; case 2
  7608     0C3D  1903               	skipnz
  7609     0C3E  2B56               	goto	l2740
  7610     0C3F  3A01               	xorlw	1	; case 3
  7611     0C40  1903               	skipnz
  7612     0C41  2B6C               	goto	l2744
  7613     0C42  3A07               	xorlw	7	; case 4
  7614     0C43  1903               	skipnz
  7615     0C44  2B82               	goto	l2748
  7616     0C45  3A01               	xorlw	1	; case 5
  7617     0C46  1903               	skipnz
  7618     0C47  2B97               	goto	l2760
  7619     0C48  3A03               	xorlw	3	; case 6
  7620     0C49  1903               	skipnz
  7621     0C4A  2BAC               	goto	l2768
  7622     0C4B  3A01               	xorlw	1	; case 7
  7623     0C4C  1903               	skipnz
  7624     0C4D  2BC9               	goto	l2782
  7625     0C4E  3A0F               	xorlw	15	; case 8
  7626     0C4F  1903               	skipnz
  7627     0C50  2BE2               	goto	l2794
  7628     0C51  3A01               	xorlw	1	; case 9
  7629     0C52  1903               	skipnz
  7630     0C53  2BF7               	goto	l2802
  7631     0C54  3A03               	xorlw	3	; case 10
  7632     0C55  1903               	skipnz
  7633     0C56  2C10               	goto	l2818
  7634     0C57  3A01               	xorlw	1	; case 11
  7635     0C58  1903               	skipnz
  7636     0C59  2C22               	goto	l2826
  7637     0C5A  2C5B               	goto	l179
  7638     0C5B                     l179:
  7639     0C5B  0008               	return
  7640     0C5C                     __end_of_set_time:
  7641                           
  7642                           	psect	text17
  7643     178C                     __ptext17:	
  7644 ;; *************** function _read_digital_keypad *****************
  7645 ;; Defined at:
  7646 ;;		line 10 in file "../../Washing Machine/Washing-Machine-Simulator-PIC16F877A-master/Source files/digital_keypad.c"
  7647 ;; Parameters:    Size  Location     Type
  7648 ;;  mode            1    wreg     unsigned char 
  7649 ;; Auto vars:     Size  Location     Type
  7650 ;;  mode            1    0[COMMON] unsigned char 
  7651 ;;  key             1    2[COMMON] unsigned char 
  7652 ;; Return value:  Size  Location     Type
  7653 ;;                  1    wreg      unsigned char 
  7654 ;; Registers used:
  7655 ;;		wreg, status,2, status,0, btemp+1
  7656 ;; Tracked objects:
  7657 ;;		On entry : 0/0
  7658 ;;		On exit  : 0/0
  7659 ;;		Unchanged: 0/0
  7660 ;; Data sizes:     COMMON   BANK0   BANK1   BANK3   BANK2
  7661 ;;      Params:         0       0       0       0       0
  7662 ;;      Locals:         1       0       0       0       0
  7663 ;;      Temps:          0       0       0       0       0
  7664 ;;      Totals:         1       0       0       0       0
  7665 ;;Total ram usage:        1 bytes
  7666 ;; Hardware stack levels used: 1
  7667 ;; Hardware stack levels required when called: 1
  7668 ;; This function calls:
  7669 ;;		Nothing
  7670 ;; This function is called by:
  7671 ;;		_main
  7672 ;; This function uses a non-reentrant model
  7673 ;;
  7674                           
  7675     178C                     _read_digital_keypad:	
  7676                           ;psect for function _read_digital_keypad
  7677                           
  7678     178C                     l2948:	
  7679                           ;incstack = 0
  7680                           ; Regs used in _read_digital_keypad: [wreg+status,2+status,0+btemp+1]
  7681                           
  7682                           
  7683                           ;../../Washing Machine/Washing-Machine-Simulator-PIC16F877A-master/Source files/digital_
      +                          keypad.c: 10: unsigned char read_digital_keypad(unsigned char mode);../../Washing Machin
      +                          e/Washing-Machine-Simulator-PIC16F877A-master/Source files/digital_keypad.c: 11: {;../..
      +                          /Washing Machine/Washing-Machine-Simulator-PIC16F877A-master/Source files/digital_keypad
      +                          .c: 12:     static char once = 1;;../../Washing Machine/Washing-Machine-Simulator-PIC16F
      +                          877A-master/Source files/digital_keypad.c: 13:     static int longpressed=1;
  7684     178C  1283               	bcf	3,5	;RP0=0, select bank0
  7685     178D  1303               	bcf	3,6	;RP1=0, select bank0
  7686     178E  0806               	movf	6,w	;volatile
  7687     178F  00F2               	movwf	read_digital_keypad@key
  7688     1790                     l2950:
  7689     1790  303F               	movlw	63
  7690     1791  05F2               	andwf	read_digital_keypad@key,f
  7691     1792                     l2952:
  7692                           
  7693                           ;../../Washing Machine/Washing-Machine-Simulator-PIC16F877A-master/Source files/digital_
      +                          keypad.c: 15:     static unsigned char pre_key;;../../Washing Machine/Washing-Machine-Si
      +                          mulator-PIC16F877A-master/Source files/digital_keypad.c: 17:     if(key!=0x3F && once){
  7694     1792  303F               	movlw	63
  7695     1793  0672               	xorwf	read_digital_keypad@key,w
  7696     1794  1903               	btfsc	3,2
  7697     1795  2F97               	goto	u3451
  7698     1796  2F98               	goto	u3450
  7699     1797                     u3451:
  7700     1797  2FA5               	goto	l2962
  7701     1798                     u3450:
  7702     1798                     l2954:
  7703     1798  087B               	movf	read_digital_keypad@once,w
  7704     1799  1903               	btfsc	3,2
  7705     179A  2F9C               	goto	u3461
  7706     179B  2F9D               	goto	u3460
  7707     179C                     u3461:
  7708     179C  2FA5               	goto	l2962
  7709     179D                     u3460:
  7710     179D                     l2956:
  7711                           
  7712                           ;../../Washing Machine/Washing-Machine-Simulator-PIC16F877A-master/Source files/digital_
      +                          keypad.c: 18:         once =0;
  7713     179D  01FB               	clrf	read_digital_keypad@once
  7714     179E                     l2958:
  7715                           
  7716                           ;../../Washing Machine/Washing-Machine-Simulator-PIC16F877A-master/Source files/digital_
      +                          keypad.c: 19:         pre_key = key;
  7717     179E  0872               	movf	read_digital_keypad@key,w
  7718     179F  1683               	bsf	3,5	;RP0=1, select bank1
  7719     17A0  1303               	bcf	3,6	;RP1=0, select bank1
  7720     17A1  00CC               	movwf	read_digital_keypad@pre_key^(0+128)
  7721     17A2                     l2960:
  7722                           
  7723                           ;../../Washing Machine/Washing-Machine-Simulator-PIC16F877A-master/Source files/digital_
      +                          keypad.c: 20:         longpressed = 0;
  7724     17A2  01C2               	clrf	read_digital_keypad@longpressed^(0+128)
  7725     17A3  01C3               	clrf	(read_digital_keypad@longpressed+1)^(0+128)
  7726                           
  7727                           ;../../Washing Machine/Washing-Machine-Simulator-PIC16F877A-master/Source files/digital_
      +                          keypad.c: 23:     }
  7728     17A4  2FFE               	goto	l2990
  7729     17A5                     l2962:
  7730     17A5  303F               	movlw	63
  7731     17A6  0672               	xorwf	read_digital_keypad@key,w
  7732     17A7  1D03               	btfss	3,2
  7733     17A8  2FAA               	goto	u3471
  7734     17A9  2FAB               	goto	u3470
  7735     17AA                     u3471:
  7736     17AA  2FC5               	goto	l2974
  7737     17AB                     u3470:
  7738     17AB                     l2964:
  7739     17AB  087B               	movf	read_digital_keypad@once,w
  7740     17AC  1D03               	btfss	3,2
  7741     17AD  2FAF               	goto	u3481
  7742     17AE  2FB0               	goto	u3480
  7743     17AF                     u3481:
  7744     17AF  2FC5               	goto	l2974
  7745     17B0                     u3480:
  7746     17B0                     l2966:
  7747                           
  7748                           ;../../Washing Machine/Washing-Machine-Simulator-PIC16F877A-master/Source files/digital_
      +                          keypad.c: 25:         once =1;
  7749     17B0  3001               	movlw	1
  7750     17B1  00FB               	movwf	read_digital_keypad@once
  7751     17B2                     l2968:
  7752                           
  7753                           ;../../Washing Machine/Washing-Machine-Simulator-PIC16F877A-master/Source files/digital_
      +                          keypad.c: 26:         if(longpressed<15)
  7754     17B2  1683               	bsf	3,5	;RP0=1, select bank1
  7755     17B3  1303               	bcf	3,6	;RP1=0, select bank1
  7756     17B4  0843               	movf	(read_digital_keypad@longpressed+1)^(0+128),w
  7757     17B5  3A80               	xorlw	128
  7758     17B6  00FF               	movwf	btemp+1
  7759     17B7  3080               	movlw	128
  7760     17B8  027F               	subwf	btemp+1,w
  7761     17B9  1D03               	skipz
  7762     17BA  2FBD               	goto	u3495
  7763     17BB  300F               	movlw	15
  7764     17BC  0242               	subwf	read_digital_keypad@longpressed^(0+128),w
  7765     17BD                     u3495:
  7766     17BD  1803               	skipnc
  7767     17BE  2FC0               	goto	u3491
  7768     17BF  2FC1               	goto	u3490
  7769     17C0                     u3491:
  7770     17C0  2FFE               	goto	l2990
  7771     17C1                     u3490:
  7772     17C1                     l2970:
  7773                           
  7774                           ;../../Washing Machine/Washing-Machine-Simulator-PIC16F877A-master/Source files/digital_
      +                          keypad.c: 27:             return pre_key;
  7775     17C1  1683               	bsf	3,5	;RP0=1, select bank1
  7776     17C2  1303               	bcf	3,6	;RP1=0, select bank1
  7777     17C3  084C               	movf	read_digital_keypad@pre_key^(0+128),w
  7778     17C4  2FFF               	goto	l256
  7779     17C5                     l2974:
  7780     17C5  087B               	movf	read_digital_keypad@once,w
  7781     17C6  1D03               	btfss	3,2
  7782     17C7  2FC9               	goto	u3501
  7783     17C8  2FCA               	goto	u3500
  7784     17C9                     u3501:
  7785     17C9  2FE2               	goto	l2980
  7786     17CA                     u3500:
  7787     17CA                     l2976:
  7788     17CA  1683               	bsf	3,5	;RP0=1, select bank1
  7789     17CB  1303               	bcf	3,6	;RP1=0, select bank1
  7790     17CC  0843               	movf	(read_digital_keypad@longpressed+1)^(0+128),w
  7791     17CD  3A80               	xorlw	128
  7792     17CE  00FF               	movwf	btemp+1
  7793     17CF  3080               	movlw	128
  7794     17D0  027F               	subwf	btemp+1,w
  7795     17D1  1D03               	skipz
  7796     17D2  2FD5               	goto	u3515
  7797     17D3  3010               	movlw	16
  7798     17D4  0242               	subwf	read_digital_keypad@longpressed^(0+128),w
  7799     17D5                     u3515:
  7800     17D5  1803               	skipnc
  7801     17D6  2FD8               	goto	u3511
  7802     17D7  2FD9               	goto	u3510
  7803     17D8                     u3511:
  7804     17D8  2FE2               	goto	l2980
  7805     17D9                     u3510:
  7806     17D9                     l2978:
  7807                           
  7808                           ;../../Washing Machine/Washing-Machine-Simulator-PIC16F877A-master/Source files/digital_
      +                          keypad.c: 30:         longpressed++;
  7809     17D9  3001               	movlw	1
  7810     17DA  1683               	bsf	3,5	;RP0=1, select bank1
  7811     17DB  1303               	bcf	3,6	;RP1=0, select bank1
  7812     17DC  07C2               	addwf	read_digital_keypad@longpressed^(0+128),f
  7813     17DD  1803               	skipnc
  7814     17DE  0AC3               	incf	(read_digital_keypad@longpressed+1)^(0+128),f
  7815     17DF  3000               	movlw	0
  7816     17E0  07C3               	addwf	(read_digital_keypad@longpressed+1)^(0+128),f
  7817     17E1  2FFE               	goto	l2990
  7818     17E2                     l2980:
  7819     17E2  087B               	movf	read_digital_keypad@once,w
  7820     17E3  1D03               	btfss	3,2
  7821     17E4  2FE6               	goto	u3521
  7822     17E5  2FE7               	goto	u3520
  7823     17E6                     u3521:
  7824     17E6  2FFE               	goto	l257
  7825     17E7                     u3520:
  7826     17E7                     l2982:
  7827     17E7  3010               	movlw	16
  7828     17E8  1683               	bsf	3,5	;RP0=1, select bank1
  7829     17E9  1303               	bcf	3,6	;RP1=0, select bank1
  7830     17EA  0642               	xorwf	read_digital_keypad@longpressed^(0+128),w
  7831     17EB  0443               	iorwf	(read_digital_keypad@longpressed+1)^(0+128),w
  7832     17EC  1D03               	btfss	3,2
  7833     17ED  2FEF               	goto	u3531
  7834     17EE  2FF0               	goto	u3530
  7835     17EF                     u3531:
  7836     17EF  2FFE               	goto	l257
  7837     17F0                     u3530:
  7838     17F0                     l2984:
  7839     17F0  3037               	movlw	55
  7840     17F1  0672               	xorwf	read_digital_keypad@key,w
  7841     17F2  1D03               	btfss	3,2
  7842     17F3  2FF5               	goto	u3541
  7843     17F4  2FF6               	goto	u3540
  7844     17F5                     u3541:
  7845     17F5  2FFE               	goto	l257
  7846     17F6                     u3540:
  7847     17F6                     l2986:
  7848                           
  7849                           ;../../Washing Machine/Washing-Machine-Simulator-PIC16F877A-master/Source files/digital_
      +                          keypad.c: 32:         longpressed++;
  7850     17F6  3001               	movlw	1
  7851     17F7  07C2               	addwf	read_digital_keypad@longpressed^(0+128),f
  7852     17F8  1803               	skipnc
  7853     17F9  0AC3               	incf	(read_digital_keypad@longpressed+1)^(0+128),f
  7854     17FA  3000               	movlw	0
  7855     17FB  07C3               	addwf	(read_digital_keypad@longpressed+1)^(0+128),f
  7856                           
  7857                           ;../../Washing Machine/Washing-Machine-Simulator-PIC16F877A-master/Source files/digital_
      +                          keypad.c: 33:         return 0x99;
  7858     17FC  3099               	movlw	153
  7859     17FD  2FFF               	goto	l256
  7860     17FE                     l257:
  7861     17FE                     l2990:
  7862                           
  7863                           ;../../Washing Machine/Washing-Machine-Simulator-PIC16F877A-master/Source files/digital_
      +                          keypad.c: 36:     return 0x3F;
  7864     17FE  303F               	movlw	63
  7865     17FF                     l256:
  7866     17FF  0008               	return
  7867     1800                     __end_of_read_digital_keypad:
  7868                           
  7869                           	psect	text18
  7870     171B                     __ptext18:	
  7871 ;; *************** function _power_ON_screen *****************
  7872 ;; Defined at:
  7873 ;;		line 11 in file "../../Washing Machine/Washing-Machine-Simulator-PIC16F877A-master/Source files/washing_machine_func
      +tion_def.c"
  7874 ;; Parameters:    Size  Location     Type
  7875 ;;		None
  7876 ;; Auto vars:     Size  Location     Type
  7877 ;;  i               2    8[BANK0 ] unsigned int 
  7878 ;;  i               2    6[BANK0 ] unsigned int 
  7879 ;; Return value:  Size  Location     Type
  7880 ;;                  1    wreg      void 
  7881 ;; Registers used:
  7882 ;;		wreg, fsr0l, fsr0h, status,2, status,0, btemp+1, pclath, cstack
  7883 ;; Tracked objects:
  7884 ;;		On entry : 0/0
  7885 ;;		On exit  : 0/0
  7886 ;;		Unchanged: 0/0
  7887 ;; Data sizes:     COMMON   BANK0   BANK1   BANK3   BANK2
  7888 ;;      Params:         0       0       0       0       0
  7889 ;;      Locals:         0       4       0       0       0
  7890 ;;      Temps:          0       3       0       0       0
  7891 ;;      Totals:         0       7       0       0       0
  7892 ;;Total ram usage:        7 bytes
  7893 ;; Hardware stack levels used: 1
  7894 ;; Hardware stack levels required when called: 3
  7895 ;; This function calls:
  7896 ;;		_clcd_print
  7897 ;;		_clcd_putch
  7898 ;; This function is called by:
  7899 ;;		_main
  7900 ;; This function uses a non-reentrant model
  7901 ;;
  7902                           
  7903     171B                     _power_ON_screen:	
  7904                           ;psect for function _power_ON_screen
  7905                           
  7906     171B                     l3376:	
  7907                           ;incstack = 0
  7908                           ; Regs used in _power_ON_screen: [wreg-fsr0h+status,2+status,0+btemp+1+pclath+cstack]
  7909                           
  7910                           
  7911                           ;../../Washing Machine/Washing-Machine-Simulator-PIC16F877A-master/Source files/washing_
      +                          machine_function_def.c: 12:     for(unsigned int i=0;i<16;i++){
  7912     171B  1283               	bcf	3,5	;RP0=0, select bank0
  7913     171C  1303               	bcf	3,6	;RP1=0, select bank0
  7914     171D  01A6               	clrf	power_ON_screen@i
  7915     171E  01A7               	clrf	power_ON_screen@i+1
  7916     171F                     l3382:
  7917                           
  7918                           ;../../Washing Machine/Washing-Machine-Simulator-PIC16F877A-master/Source files/washing_
      +                          machine_function_def.c: 13:         clcd_putch(0xFF,(0x80 + i));
  7919     171F  0826               	movf	power_ON_screen@i,w
  7920     1720  3E80               	addlw	128
  7921     1721  00A0               	movwf	clcd_putch@addr
  7922     1722  30FF               	movlw	255
  7923     1723  160A  118A  246A  160A  118A  	fcall	_clcd_putch
  7924     1728                     l3384:
  7925                           
  7926                           ;../../Washing Machine/Washing-Machine-Simulator-PIC16F877A-master/Source files/washing_
      +                          machine_function_def.c: 14:         _delay((unsigned long)((100)*(20000000/4000.0)));
  7927     1728  3003               	movlw	3
  7928     1729  1283               	bcf	3,5	;RP0=0, select bank0
  7929     172A  1303               	bcf	3,6	;RP1=0, select bank0
  7930     172B  00A5               	movwf	??_power_ON_screen+2
  7931     172C  308A               	movlw	138
  7932     172D  00A4               	movwf	??_power_ON_screen+1
  7933     172E  3055               	movlw	85
  7934     172F  00A3               	movwf	??_power_ON_screen
  7935     1730                     u4507:
  7936     1730  0BA3               	decfsz	??_power_ON_screen,f
  7937     1731  2F30               	goto	u4507
  7938     1732  0BA4               	decfsz	??_power_ON_screen+1,f
  7939     1733  2F30               	goto	u4507
  7940     1734  0BA5               	decfsz	??_power_ON_screen+2,f
  7941     1735  2F30               	goto	u4507
  7942     1736                     l3386:
  7943                           
  7944                           ;../../Washing Machine/Washing-Machine-Simulator-PIC16F877A-master/Source files/washing_
      +                          machine_function_def.c: 15:     }
  7945     1736  3001               	movlw	1
  7946     1737  1283               	bcf	3,5	;RP0=0, select bank0
  7947     1738  1303               	bcf	3,6	;RP1=0, select bank0
  7948     1739  07A6               	addwf	power_ON_screen@i,f
  7949     173A  1803               	skipnc
  7950     173B  0AA7               	incf	power_ON_screen@i+1,f
  7951     173C  3000               	movlw	0
  7952     173D  07A7               	addwf	power_ON_screen@i+1,f
  7953     173E                     l3388:
  7954     173E  3000               	movlw	0
  7955     173F  0227               	subwf	power_ON_screen@i+1,w
  7956     1740  3010               	movlw	16
  7957     1741  1903               	skipnz
  7958     1742  0226               	subwf	power_ON_screen@i,w
  7959     1743  1C03               	skipc
  7960     1744  2F46               	goto	u4161
  7961     1745  2F47               	goto	u4160
  7962     1746                     u4161:
  7963     1746  2F1F               	goto	l3382
  7964     1747                     u4160:
  7965     1747                     l3390:
  7966                           
  7967                           ;../../Washing Machine/Washing-Machine-Simulator-PIC16F877A-master/Source files/washing_
      +                          machine_function_def.c: 17:     clcd_print("Powering ON",(0xC0 + 3));
  7968     1747  3086               	movlw	low (STR_18| (0+32768))
  7969     1748  00A0               	movwf	clcd_print@str
  7970     1749  3090               	movlw	high (STR_18| (0+32768))
  7971     174A  00A1               	movwf	clcd_print@str+1
  7972     174B  30C3               	movlw	195
  7973     174C  00A2               	movwf	clcd_print@addr
  7974     174D  160A  118A  2515  160A  118A  	fcall	_clcd_print
  7975                           
  7976                           ;../../Washing Machine/Washing-Machine-Simulator-PIC16F877A-master/Source files/washing_
      +                          machine_function_def.c: 18:     clcd_print("Washing Machine",(0x90 + 1));
  7977     1752  3023               	movlw	low (STR_19| (0+32768))
  7978     1753  1283               	bcf	3,5	;RP0=0, select bank0
  7979     1754  1303               	bcf	3,6	;RP1=0, select bank0
  7980     1755  00A0               	movwf	clcd_print@str
  7981     1756  3090               	movlw	high (STR_19| (0+32768))
  7982     1757  00A1               	movwf	clcd_print@str+1
  7983     1758  3091               	movlw	145
  7984     1759  00A2               	movwf	clcd_print@addr
  7985     175A  160A  118A  2515  160A  118A  	fcall	_clcd_print
  7986     175F                     l3392:
  7987                           
  7988                           ;../../Washing Machine/Washing-Machine-Simulator-PIC16F877A-master/Source files/washing_
      +                          machine_function_def.c: 20:     for(unsigned int i=0;i<16;i++){
  7989     175F  1283               	bcf	3,5	;RP0=0, select bank0
  7990     1760  1303               	bcf	3,6	;RP1=0, select bank0
  7991     1761  01A8               	clrf	power_ON_screen@i_92
  7992     1762  01A9               	clrf	power_ON_screen@i_92+1
  7993     1763                     l3398:
  7994                           
  7995                           ;../../Washing Machine/Washing-Machine-Simulator-PIC16F877A-master/Source files/washing_
      +                          machine_function_def.c: 21:         clcd_putch(0xFF,(0xD0 + i));
  7996     1763  0828               	movf	power_ON_screen@i_92,w
  7997     1764  3ED0               	addlw	208
  7998     1765  00A0               	movwf	clcd_putch@addr
  7999     1766  30FF               	movlw	255
  8000     1767  160A  118A  246A  160A  118A  	fcall	_clcd_putch
  8001     176C                     l3400:
  8002                           
  8003                           ;../../Washing Machine/Washing-Machine-Simulator-PIC16F877A-master/Source files/washing_
      +                          machine_function_def.c: 22:         _delay((unsigned long)((100)*(20000000/4000.0)));
  8004     176C  3003               	movlw	3
  8005     176D  1283               	bcf	3,5	;RP0=0, select bank0
  8006     176E  1303               	bcf	3,6	;RP1=0, select bank0
  8007     176F  00A5               	movwf	??_power_ON_screen+2
  8008     1770  308A               	movlw	138
  8009     1771  00A4               	movwf	??_power_ON_screen+1
  8010     1772  3055               	movlw	85
  8011     1773  00A3               	movwf	??_power_ON_screen
  8012     1774                     u4517:
  8013     1774  0BA3               	decfsz	??_power_ON_screen,f
  8014     1775  2F74               	goto	u4517
  8015     1776  0BA4               	decfsz	??_power_ON_screen+1,f
  8016     1777  2F74               	goto	u4517
  8017     1778  0BA5               	decfsz	??_power_ON_screen+2,f
  8018     1779  2F74               	goto	u4517
  8019     177A                     l3402:
  8020                           
  8021                           ;../../Washing Machine/Washing-Machine-Simulator-PIC16F877A-master/Source files/washing_
      +                          machine_function_def.c: 23:     }
  8022     177A  3001               	movlw	1
  8023     177B  1283               	bcf	3,5	;RP0=0, select bank0
  8024     177C  1303               	bcf	3,6	;RP1=0, select bank0
  8025     177D  07A8               	addwf	power_ON_screen@i_92,f
  8026     177E  1803               	skipnc
  8027     177F  0AA9               	incf	power_ON_screen@i_92+1,f
  8028     1780  3000               	movlw	0
  8029     1781  07A9               	addwf	power_ON_screen@i_92+1,f
  8030     1782                     l3404:
  8031     1782  3000               	movlw	0
  8032     1783  0229               	subwf	power_ON_screen@i_92+1,w
  8033     1784  3010               	movlw	16
  8034     1785  1903               	skipnz
  8035     1786  0228               	subwf	power_ON_screen@i_92,w
  8036     1787  1C03               	skipc
  8037     1788  2F8A               	goto	u4171
  8038     1789  2F8B               	goto	u4170
  8039     178A                     u4171:
  8040     178A  2F63               	goto	l3398
  8041     178B                     u4170:
  8042     178B                     l60:
  8043     178B  0008               	return
  8044     178C                     __end_of_power_ON_screen:
  8045                           
  8046                           	psect	text19
  8047     146A                     __ptext19:	
  8048 ;; *************** function _clcd_putch *****************
  8049 ;; Defined at:
  8050 ;;		line 51 in file "../../Washing Machine/Washing-Machine-Simulator-PIC16F877A-master/Source files/clcd.c"
  8051 ;; Parameters:    Size  Location     Type
  8052 ;;  data            1    wreg     const unsigned char 
  8053 ;;  addr            1    0[BANK0 ] unsigned char 
  8054 ;; Auto vars:     Size  Location     Type
  8055 ;;  data            1    1[BANK0 ] const unsigned char 
  8056 ;; Return value:  Size  Location     Type
  8057 ;;                  1    wreg      void 
  8058 ;; Registers used:
  8059 ;;		wreg, status,2, status,0, pclath, cstack
  8060 ;; Tracked objects:
  8061 ;;		On entry : 0/0
  8062 ;;		On exit  : 0/0
  8063 ;;		Unchanged: 0/0
  8064 ;; Data sizes:     COMMON   BANK0   BANK1   BANK3   BANK2
  8065 ;;      Params:         0       1       0       0       0
  8066 ;;      Locals:         0       1       0       0       0
  8067 ;;      Temps:          0       0       0       0       0
  8068 ;;      Totals:         0       2       0       0       0
  8069 ;;Total ram usage:        2 bytes
  8070 ;; Hardware stack levels used: 1
  8071 ;; Hardware stack levels required when called: 2
  8072 ;; This function calls:
  8073 ;;		_clcd_write
  8074 ;; This function is called by:
  8075 ;;		_power_ON_screen
  8076 ;;		_washing_program_
  8077 ;;		_water_level_screen
  8078 ;;		_start
  8079 ;; This function uses a non-reentrant model
  8080 ;;
  8081                           
  8082     146A                     _clcd_putch:	
  8083                           ;psect for function _clcd_putch
  8084                           
  8085                           
  8086                           ;incstack = 0
  8087                           ; Regs used in _clcd_putch: [wreg+status,2+status,0+pclath+cstack]
  8088                           ;clcd_putch@data stored from wreg
  8089     146A  1283               	bcf	3,5	;RP0=0, select bank0
  8090     146B  1303               	bcf	3,6	;RP1=0, select bank0
  8091     146C  00A1               	movwf	clcd_putch@data
  8092     146D                     l3204:
  8093                           
  8094                           ;../../Washing Machine/Washing-Machine-Simulator-PIC16F877A-master/Source files/clcd.c: 
      +                          51: void clcd_putch(const char data, unsigned char addr);../../Washing Machine/Washing-M
      +                          achine-Simulator-PIC16F877A-master/Source files/clcd.c: 52: {;../../Washing Machine/Wash
      +                          ing-Machine-Simulator-PIC16F877A-master/Source files/clcd.c: 53:     clcd_write(addr, 0)
      +                          ;
  8095     146D  01F2               	clrf	clcd_write@mode
  8096     146E  0820               	movf	clcd_putch@addr,w
  8097     146F  160A  118A  247F  160A  118A  	fcall	_clcd_write
  8098                           
  8099                           ;../../Washing Machine/Washing-Machine-Simulator-PIC16F877A-master/Source files/clcd.c: 
      +                          54:     clcd_write(data, 1);
  8100     1474  01F2               	clrf	clcd_write@mode
  8101     1475  0AF2               	incf	clcd_write@mode,f
  8102     1476  1283               	bcf	3,5	;RP0=0, select bank0
  8103     1477  1303               	bcf	3,6	;RP1=0, select bank0
  8104     1478  0821               	movf	clcd_putch@data,w
  8105     1479  160A  118A  247F  160A  118A  	fcall	_clcd_write
  8106     147E                     l230:
  8107     147E  0008               	return
  8108     147F                     __end_of_clcd_putch:
  8109                           
  8110                           	psect	text20
  8111     1515                     __ptext20:	
  8112 ;; *************** function _clcd_print *****************
  8113 ;; Defined at:
  8114 ;;		line 57 in file "../../Washing Machine/Washing-Machine-Simulator-PIC16F877A-master/Source files/clcd.c"
  8115 ;; Parameters:    Size  Location     Type
  8116 ;;  str             2    0[BANK0 ] PTR const unsigned char 
  8117 ;;		 -> STR_48(10), STR_47(11), STR_46(13), STR_45(16), 
  8118 ;;		 -> STR_44(9), STR_43(15), STR_42(11), STR_41(11), 
  8119 ;;		 -> STR_40(5), STR_39(11), STR_38(18), STR_37(13), 
  8120 ;;		 -> STR_36(14), STR_35(17), STR_34(5), STR_33(6), 
  8121 ;;		 -> STR_32(6), STR_31(6), STR_30(6), STR_29(6), 
  8122 ;;		 -> STR_28(5), STR_27(11), STR_26(11), STR_25(5), 
  8123 ;;		 -> STR_24(11), STR_23(6), STR_22(6), STR_21(12), 
  8124 ;;		 -> STR_20(16), STR_19(16), STR_18(12), STR_17(4), 
  8125 ;;		 -> STR_16(5), STR_15(7), STR_14(4), STR_13(5), 
  8126 ;;		 -> STR_12(11), STR_11(10), STR_10(9), STR_9(10), 
  8127 ;;		 -> STR_8(11), STR_7(8), STR_6(12), STR_5(11), 
  8128 ;;		 -> STR_4(7), STR_3(10), STR_2(6), STR_1(6), 
  8129 ;;  addr            1    2[BANK0 ] unsigned char 
  8130 ;; Auto vars:     Size  Location     Type
  8131 ;;		None
  8132 ;; Return value:  Size  Location     Type
  8133 ;;                  1    wreg      void 
  8134 ;; Registers used:
  8135 ;;		wreg, fsr0l, fsr0h, status,2, status,0, btemp+1, pclath, cstack
  8136 ;; Tracked objects:
  8137 ;;		On entry : 0/0
  8138 ;;		On exit  : 0/0
  8139 ;;		Unchanged: 0/0
  8140 ;; Data sizes:     COMMON   BANK0   BANK1   BANK3   BANK2
  8141 ;;      Params:         0       3       0       0       0
  8142 ;;      Locals:         0       0       0       0       0
  8143 ;;      Temps:          0       0       0       0       0
  8144 ;;      Totals:         0       3       0       0       0
  8145 ;;Total ram usage:        3 bytes
  8146 ;; Hardware stack levels used: 1
  8147 ;; Hardware stack levels required when called: 2
  8148 ;; This function calls:
  8149 ;;		_clcd_write
  8150 ;; This function is called by:
  8151 ;;		_power_ON_screen
  8152 ;;		_washing_program_
  8153 ;;		_water_level_screen
  8154 ;;		_start
  8155 ;;		_door_status_check
  8156 ;;		_main
  8157 ;; This function uses a non-reentrant model
  8158 ;;
  8159                           
  8160     1515                     _clcd_print:	
  8161                           ;psect for function _clcd_print
  8162                           
  8163     1515                     l3158:	
  8164                           ;incstack = 0
  8165                           ; Regs used in _clcd_print: [wreg-fsr0h+status,2+status,0+btemp+1+pclath+cstack]
  8166                           
  8167                           
  8168                           ;../../Washing Machine/Washing-Machine-Simulator-PIC16F877A-master/Source files/clcd.c: 
      +                          57: void clcd_print(const char *str, unsigned char addr);../../Washing Machine/Washing-M
      +                          achine-Simulator-PIC16F877A-master/Source files/clcd.c: 58: {;../../Washing Machine/Wash
      +                          ing-Machine-Simulator-PIC16F877A-master/Source files/clcd.c: 59:     clcd_write(addr, 0)
      +                          ;
  8169     1515  01F2               	clrf	clcd_write@mode
  8170     1516  1283               	bcf	3,5	;RP0=0, select bank0
  8171     1517  1303               	bcf	3,6	;RP1=0, select bank0
  8172     1518  0822               	movf	clcd_print@addr,w
  8173     1519  160A  118A  247F  160A  118A  	fcall	_clcd_write
  8174                           
  8175                           ;../../Washing Machine/Washing-Machine-Simulator-PIC16F877A-master/Source files/clcd.c: 
      +                          61:     while (*str != '\0')
  8176     151E  2D37               	goto	l3164
  8177     151F                     l3160:
  8178                           
  8179                           ;../../Washing Machine/Washing-Machine-Simulator-PIC16F877A-master/Source files/clcd.c: 
      +                          62:     {;../../Washing Machine/Washing-Machine-Simulator-PIC16F877A-master/Source files
      +                          /clcd.c: 63:         clcd_write(*str, 1);
  8180     151F  01F2               	clrf	clcd_write@mode
  8181     1520  0AF2               	incf	clcd_write@mode,f
  8182     1521  0821               	movf	clcd_print@str+1,w
  8183     1522  00FF               	movwf	btemp+1
  8184     1523  0820               	movf	clcd_print@str,w
  8185     1524  0084               	movwf	4
  8186     1525  160A  118A  216B  160A  118A  	fcall	stringtab
  8187     152A  160A  118A  247F  160A  118A  	fcall	_clcd_write
  8188     152F                     l3162:
  8189                           
  8190                           ;../../Washing Machine/Washing-Machine-Simulator-PIC16F877A-master/Source files/clcd.c: 
      +                          64:         str++;
  8191     152F  3001               	movlw	1
  8192     1530  1283               	bcf	3,5	;RP0=0, select bank0
  8193     1531  1303               	bcf	3,6	;RP1=0, select bank0
  8194     1532  07A0               	addwf	clcd_print@str,f
  8195     1533  1803               	skipnc
  8196     1534  0AA1               	incf	clcd_print@str+1,f
  8197     1535  3000               	movlw	0
  8198     1536  07A1               	addwf	clcd_print@str+1,f
  8199     1537                     l3164:
  8200                           
  8201                           ;../../Washing Machine/Washing-Machine-Simulator-PIC16F877A-master/Source files/clcd.c: 
      +                          61:     while (*str != '\0')
  8202     1537  1283               	bcf	3,5	;RP0=0, select bank0
  8203     1538  1303               	bcf	3,6	;RP1=0, select bank0
  8204     1539  0821               	movf	clcd_print@str+1,w
  8205     153A  00FF               	movwf	btemp+1
  8206     153B  0820               	movf	clcd_print@str,w
  8207     153C  0084               	movwf	4
  8208     153D  160A  118A  216B  160A  118A  	fcall	stringtab
  8209     1542  3A00               	xorlw	0
  8210     1543  1D03               	skipz
  8211     1544  2D46               	goto	u3731
  8212     1545  2D47               	goto	u3730
  8213     1546                     u3731:
  8214     1546  2D1F               	goto	l3160
  8215     1547                     u3730:
  8216     1547                     l236:
  8217     1547  0008               	return
  8218     1548                     __end_of_clcd_print:
  8219                           
  8220                           	psect	text21
  8221     0805                     __ptext21:	
  8222 ;; *************** function _init_config *****************
  8223 ;; Defined at:
  8224 ;;		line 6 in file "../../Washing Machine/Washing-Machine-Simulator-PIC16F877A-master/Source files/main.c"
  8225 ;; Parameters:    Size  Location     Type
  8226 ;;		None
  8227 ;; Auto vars:     Size  Location     Type
  8228 ;;		None
  8229 ;; Return value:  Size  Location     Type
  8230 ;;                  1    wreg      void 
  8231 ;; Registers used:
  8232 ;;		wreg, status,2, status,0, pclath, cstack
  8233 ;; Tracked objects:
  8234 ;;		On entry : 0/0
  8235 ;;		On exit  : 0/0
  8236 ;;		Unchanged: 0/0
  8237 ;; Data sizes:     COMMON   BANK0   BANK1   BANK3   BANK2
  8238 ;;      Params:         0       0       0       0       0
  8239 ;;      Locals:         0       0       0       0       0
  8240 ;;      Temps:          0       0       0       0       0
  8241 ;;      Totals:         0       0       0       0       0
  8242 ;;Total ram usage:        0 bytes
  8243 ;; Hardware stack levels used: 1
  8244 ;; Hardware stack levels required when called: 4
  8245 ;; This function calls:
  8246 ;;		_init_clcd
  8247 ;;		_init_digital_keypad
  8248 ;;		_init_timer2
  8249 ;; This function is called by:
  8250 ;;		_main
  8251 ;; This function uses a non-reentrant model
  8252 ;;
  8253                           
  8254     0805                     _init_config:	
  8255                           ;psect for function _init_config
  8256                           
  8257     0805                     l3562:	
  8258                           ;incstack = 0
  8259                           ; Regs used in _init_config: [wreg+status,2+status,0+pclath+cstack]
  8260                           
  8261                           
  8262                           ;../../Washing Machine/Washing-Machine-Simulator-PIC16F877A-master/Source files/main.c: 
      +                          8:     init_timer2();
  8263     0805  160A  118A  241D  120A  158A  	fcall	_init_clcd
  8264                           
  8265                           ;../../Washing Machine/Washing-Machine-Simulator-PIC16F877A-master/Source files/main.c: 
      +                          10:     GIE=1;
  8266     080A  160A  118A  2417  120A  158A  	fcall	_init_digital_keypad
  8267     080F                     l3564:
  8268                           
  8269                           ;../../Washing Machine/Washing-Machine-Simulator-PIC16F877A-master/Source files/main.c: 
      +                          12:     TRISC1=0;
  8270     080F  160A  118A  2428  120A  158A  	fcall	_init_timer2
  8271     0814                     l3566:
  8272                           
  8273                           ;../../Washing Machine/Washing-Machine-Simulator-PIC16F877A-master/Source files/main.c: 
      +                          14:     RC2=0;
  8274     0814  178B               	bsf	11,7	;volatile
  8275     0815                     l3568:
  8276                           
  8277                           ;../../Washing Machine/Washing-Machine-Simulator-PIC16F877A-master/Source files/main.c: 
      +                          15:     RC1 = 0;
  8278     0815  170B               	bsf	11,6	;volatile
  8279     0816                     l3570:
  8280                           
  8281                           ;../../Washing Machine/Washing-Machine-Simulator-PIC16F877A-master/Source files/main.c: 
      +                          16: 
  8282     0816  1683               	bsf	3,5	;RP0=1, select bank1
  8283     0817  1303               	bcf	3,6	;RP1=0, select bank1
  8284     0818  1087               	bcf	7,1	;volatile
  8285     0819                     l3572:
  8286                           
  8287                           ;../../Washing Machine/Washing-Machine-Simulator-PIC16F877A-master/Source files/main.c: 
      +                          17: }
  8288     0819  1107               	bcf	7,2	;volatile
  8289     081A                     l3574:
  8290                           
  8291                           ;../../Washing Machine/Washing-Machine-Simulator-PIC16F877A-master/Source files/main.c: 
      +                          18: 
  8292     081A  1283               	bcf	3,5	;RP0=0, select bank0
  8293     081B  1303               	bcf	3,6	;RP1=0, select bank0
  8294     081C  1107               	bcf	7,2	;volatile
  8295     081D                     l3576:
  8296                           
  8297                           ;../../Washing Machine/Washing-Machine-Simulator-PIC16F877A-master/Source files/main.c: 
      +                          19: void main(void) {
  8298     081D  1087               	bcf	7,1	;volatile
  8299     081E                     l323:
  8300     081E  0008               	return
  8301     081F                     __end_of_init_config:
  8302                           
  8303                           	psect	text22
  8304     1428                     __ptext22:	
  8305 ;; *************** function _init_timer2 *****************
  8306 ;; Defined at:
  8307 ;;		line 4 in file "../../Washing Machine/Washing-Machine-Simulator-PIC16F877A-master/Source files/timers.c"
  8308 ;; Parameters:    Size  Location     Type
  8309 ;;		None
  8310 ;; Auto vars:     Size  Location     Type
  8311 ;;		None
  8312 ;; Return value:  Size  Location     Type
  8313 ;;                  1    wreg      void 
  8314 ;; Registers used:
  8315 ;;		None
  8316 ;; Tracked objects:
  8317 ;;		On entry : 0/0
  8318 ;;		On exit  : 0/0
  8319 ;;		Unchanged: 0/0
  8320 ;; Data sizes:     COMMON   BANK0   BANK1   BANK3   BANK2
  8321 ;;      Params:         0       0       0       0       0
  8322 ;;      Locals:         0       0       0       0       0
  8323 ;;      Temps:          0       0       0       0       0
  8324 ;;      Totals:         0       0       0       0       0
  8325 ;;Total ram usage:        0 bytes
  8326 ;; Hardware stack levels used: 1
  8327 ;; Hardware stack levels required when called: 1
  8328 ;; This function calls:
  8329 ;;		Nothing
  8330 ;; This function is called by:
  8331 ;;		_init_config
  8332 ;; This function uses a non-reentrant model
  8333 ;;
  8334                           
  8335     1428                     _init_timer2:	
  8336                           ;psect for function _init_timer2
  8337                           
  8338     1428                     l2256:	
  8339                           ;incstack = 0
  8340                           ; Regs used in _init_timer2: []
  8341                           
  8342                           
  8343                           ;../../Washing Machine/Washing-Machine-Simulator-PIC16F877A-master/Source files/timers.c
      +                          : 8:     TMR2IE = 1;
  8344     1428  1683               	bsf	3,5	;RP0=1, select bank1
  8345     1429  1303               	bcf	3,6	;RP1=0, select bank1
  8346     142A  148C               	bsf	12,1	;volatile
  8347                           
  8348                           ;../../Washing Machine/Washing-Machine-Simulator-PIC16F877A-master/Source files/timers.c
      +                          : 9:     TMR2ON=0;
  8349     142B  1283               	bcf	3,5	;RP0=0, select bank0
  8350     142C  1303               	bcf	3,6	;RP1=0, select bank0
  8351     142D  1112               	bcf	18,2	;volatile
  8352                           
  8353                           ;../../Washing Machine/Washing-Machine-Simulator-PIC16F877A-master/Source files/timers.c
      +                          : 10:     PR2 = 250;
  8354     142E  30FA               	movlw	250
  8355     142F  1683               	bsf	3,5	;RP0=1, select bank1
  8356     1430  1303               	bcf	3,6	;RP1=0, select bank1
  8357     1431  0092               	movwf	18	;volatile
  8358     1432                     l9:
  8359     1432  0008               	return
  8360     1433                     __end_of_init_timer2:
  8361                           
  8362                           	psect	text23
  8363     1417                     __ptext23:	
  8364 ;; *************** function _init_digital_keypad *****************
  8365 ;; Defined at:
  8366 ;;		line 4 in file "../../Washing Machine/Washing-Machine-Simulator-PIC16F877A-master/Source files/digital_keypad.c"
  8367 ;; Parameters:    Size  Location     Type
  8368 ;;		None
  8369 ;; Auto vars:     Size  Location     Type
  8370 ;;		None
  8371 ;; Return value:  Size  Location     Type
  8372 ;;                  1    wreg      void 
  8373 ;; Registers used:
  8374 ;;		wreg, status,2
  8375 ;; Tracked objects:
  8376 ;;		On entry : 0/0
  8377 ;;		On exit  : 0/0
  8378 ;;		Unchanged: 0/0
  8379 ;; Data sizes:     COMMON   BANK0   BANK1   BANK3   BANK2
  8380 ;;      Params:         0       0       0       0       0
  8381 ;;      Locals:         0       0       0       0       0
  8382 ;;      Temps:          0       0       0       0       0
  8383 ;;      Totals:         0       0       0       0       0
  8384 ;;Total ram usage:        0 bytes
  8385 ;; Hardware stack levels used: 1
  8386 ;; Hardware stack levels required when called: 1
  8387 ;; This function calls:
  8388 ;;		Nothing
  8389 ;; This function is called by:
  8390 ;;		_init_config
  8391 ;; This function uses a non-reentrant model
  8392 ;;
  8393                           
  8394     1417                     _init_digital_keypad:	
  8395                           ;psect for function _init_digital_keypad
  8396                           
  8397     1417                     l2288:	
  8398                           ;incstack = 0
  8399                           ; Regs used in _init_digital_keypad: [wreg+status,2]
  8400                           
  8401                           
  8402                           ;../../Washing Machine/Washing-Machine-Simulator-PIC16F877A-master/Source files/digital_
      +                          keypad.c: 7:     TRISB = TRISB | 0x3F;
  8403     1417  1683               	bsf	3,5	;RP0=1, select bank1
  8404     1418  1303               	bcf	3,6	;RP1=0, select bank1
  8405     1419  0806               	movf	6,w	;volatile
  8406     141A  383F               	iorlw	63
  8407     141B  0086               	movwf	6	;volatile
  8408     141C                     l243:
  8409     141C  0008               	return
  8410     141D                     __end_of_init_digital_keypad:
  8411                           
  8412                           	psect	text24
  8413     141D                     __ptext24:	
  8414 ;; *************** function _init_clcd *****************
  8415 ;; Defined at:
  8416 ;;		line 39 in file "../../Washing Machine/Washing-Machine-Simulator-PIC16F877A-master/Source files/clcd.c"
  8417 ;; Parameters:    Size  Location     Type
  8418 ;;		None
  8419 ;; Auto vars:     Size  Location     Type
  8420 ;;		None
  8421 ;; Return value:  Size  Location     Type
  8422 ;;                  1    wreg      void 
  8423 ;; Registers used:
  8424 ;;		wreg, status,2, status,0, pclath, cstack
  8425 ;; Tracked objects:
  8426 ;;		On entry : 0/0
  8427 ;;		On exit  : 0/0
  8428 ;;		Unchanged: 0/0
  8429 ;; Data sizes:     COMMON   BANK0   BANK1   BANK3   BANK2
  8430 ;;      Params:         0       0       0       0       0
  8431 ;;      Locals:         0       0       0       0       0
  8432 ;;      Temps:          0       0       0       0       0
  8433 ;;      Totals:         0       0       0       0       0
  8434 ;;Total ram usage:        0 bytes
  8435 ;; Hardware stack levels used: 1
  8436 ;; Hardware stack levels required when called: 3
  8437 ;; This function calls:
  8438 ;;		_init_display_controller
  8439 ;; This function is called by:
  8440 ;;		_init_config
  8441 ;; This function uses a non-reentrant model
  8442 ;;
  8443                           
  8444     141D                     _init_clcd:	
  8445                           ;psect for function _init_clcd
  8446                           
  8447     141D                     l3226:	
  8448                           ;incstack = 0
  8449                           ; Regs used in _init_clcd: [wreg+status,2+status,0+pclath+cstack]
  8450                           
  8451                           
  8452                           ;../../Washing Machine/Washing-Machine-Simulator-PIC16F877A-master/Source files/clcd.c: 
      +                          42:     TRISD = 0x00;
  8453     141D  1683               	bsf	3,5	;RP0=1, select bank1
  8454     141E  1303               	bcf	3,6	;RP1=0, select bank1
  8455     141F  0188               	clrf	8	;volatile
  8456     1420                     l3228:
  8457                           
  8458                           ;../../Washing Machine/Washing-Machine-Simulator-PIC16F877A-master/Source files/clcd.c: 
      +                          45:     TRISE2 = 0;
  8459     1420  1109               	bcf	9,2	;volatile
  8460     1421                     l3230:
  8461                           
  8462                           ;../../Washing Machine/Washing-Machine-Simulator-PIC16F877A-master/Source files/clcd.c: 
      +                          46:     TRISE1 = 0;
  8463     1421  1089               	bcf	9,1	;volatile
  8464     1422                     l3232:
  8465                           
  8466                           ;../../Washing Machine/Washing-Machine-Simulator-PIC16F877A-master/Source files/clcd.c: 
      +                          48:     init_display_controller();
  8467     1422  160A  118A  259F  160A  118A  	fcall	_init_display_controller
  8468     1427                     l227:
  8469     1427  0008               	return
  8470     1428                     __end_of_init_clcd:
  8471                           
  8472                           	psect	text25
  8473     159F                     __ptext25:	
  8474 ;; *************** function _init_display_controller *****************
  8475 ;; Defined at:
  8476 ;;		line 18 in file "../../Washing Machine/Washing-Machine-Simulator-PIC16F877A-master/Source files/clcd.c"
  8477 ;; Parameters:    Size  Location     Type
  8478 ;;		None
  8479 ;; Auto vars:     Size  Location     Type
  8480 ;;		None
  8481 ;; Return value:  Size  Location     Type
  8482 ;;                  1    wreg      void 
  8483 ;; Registers used:
  8484 ;;		wreg, status,2, status,0, pclath, cstack
  8485 ;; Tracked objects:
  8486 ;;		On entry : 0/0
  8487 ;;		On exit  : 0/0
  8488 ;;		Unchanged: 0/0
  8489 ;; Data sizes:     COMMON   BANK0   BANK1   BANK3   BANK2
  8490 ;;      Params:         0       0       0       0       0
  8491 ;;      Locals:         0       0       0       0       0
  8492 ;;      Temps:          2       0       0       0       0
  8493 ;;      Totals:         2       0       0       0       0
  8494 ;;Total ram usage:        2 bytes
  8495 ;; Hardware stack levels used: 1
  8496 ;; Hardware stack levels required when called: 2
  8497 ;; This function calls:
  8498 ;;		_clcd_write
  8499 ;; This function is called by:
  8500 ;;		_init_clcd
  8501 ;; This function uses a non-reentrant model
  8502 ;;
  8503                           
  8504     159F                     _init_display_controller:	
  8505                           ;psect for function _init_display_controller
  8506                           
  8507     159F                     l3170:	
  8508                           ;incstack = 0
  8509                           ; Regs used in _init_display_controller: [wreg+status,2+status,0+pclath+cstack]
  8510                           
  8511                           
  8512                           ;../../Washing Machine/Washing-Machine-Simulator-PIC16F877A-master/Source files/clcd.c: 
      +                          21:     _delay((unsigned long)((30)*(20000000/4000.0)));
  8513     159F  30C3               	movlw	195
  8514     15A0  00F7               	movwf	??_init_display_controller+1
  8515     15A1  30CD               	movlw	205
  8516     15A2  00F6               	movwf	??_init_display_controller
  8517     15A3                     u4527:
  8518     15A3  0BF6               	decfsz	??_init_display_controller,f
  8519     15A4  2DA3               	goto	u4527
  8520     15A5  0BF7               	decfsz	??_init_display_controller+1,f
  8521     15A6  2DA3               	goto	u4527
  8522     15A7                     l3172:
  8523                           
  8524                           ;../../Washing Machine/Washing-Machine-Simulator-PIC16F877A-master/Source files/clcd.c: 
      +                          24:     clcd_write(0x33, 0);
  8525     15A7  01F2               	clrf	clcd_write@mode
  8526     15A8  3033               	movlw	51
  8527     15A9  160A  118A  247F  160A  118A  	fcall	_clcd_write
  8528     15AE                     l3174:
  8529                           
  8530                           ;../../Washing Machine/Washing-Machine-Simulator-PIC16F877A-master/Source files/clcd.c: 
      +                          25:     _delay((unsigned long)((4100)*(20000000/4000000.0)));
  8531     15AE  301B               	movlw	27
  8532     15AF  00F7               	movwf	??_init_display_controller+1
  8533     15B0  309E               	movlw	158
  8534     15B1  00F6               	movwf	??_init_display_controller
  8535     15B2                     u4537:
  8536     15B2  0BF6               	decfsz	??_init_display_controller,f
  8537     15B3  2DB2               	goto	u4537
  8538     15B4  0BF7               	decfsz	??_init_display_controller+1,f
  8539     15B5  2DB2               	goto	u4537
  8540     15B6  0000               	nop
  8541                           
  8542                           ;../../Washing Machine/Washing-Machine-Simulator-PIC16F877A-master/Source files/clcd.c: 
      +                          26:     clcd_write(0x33, 0);
  8543     15B7  01F2               	clrf	clcd_write@mode
  8544     15B8  3033               	movlw	51
  8545     15B9  160A  118A  247F  160A  118A  	fcall	_clcd_write
  8546     15BE                     l3176:
  8547                           
  8548                           ;../../Washing Machine/Washing-Machine-Simulator-PIC16F877A-master/Source files/clcd.c: 
      +                          27:     _delay((unsigned long)((100)*(20000000/4000000.0)));
  8549     15BE  30A6               	movlw	166
  8550     15BF  00F6               	movwf	??_init_display_controller
  8551     15C0                     u4547:
  8552     15C0  0BF6               	decfsz	??_init_display_controller,f
  8553     15C1  2DC0               	goto	u4547
  8554     15C2  0000               	nop
  8555     15C3                     l3178:
  8556                           
  8557                           ;../../Washing Machine/Washing-Machine-Simulator-PIC16F877A-master/Source files/clcd.c: 
      +                          28:     clcd_write(0x33, 0);
  8558     15C3  01F2               	clrf	clcd_write@mode
  8559     15C4  3033               	movlw	51
  8560     15C5  160A  118A  247F  160A  118A  	fcall	_clcd_write
  8561     15CA                     l3180:
  8562                           
  8563                           ;../../Washing Machine/Washing-Machine-Simulator-PIC16F877A-master/Source files/clcd.c: 
      +                          29:     _delay((unsigned long)((1)*(20000000/4000000.0)));
  8564     15CA  2DCB               	nop2	;2 cycle nop
  8565     15CB  2DCC               	nop2	;2 cycle nop
  8566     15CC  0000               	nop
  8567     15CD                     l3182:
  8568                           
  8569                           ;../../Washing Machine/Washing-Machine-Simulator-PIC16F877A-master/Source files/clcd.c: 
      +                          31:     clcd_write(0x3C, 0);
  8570     15CD  01F2               	clrf	clcd_write@mode
  8571     15CE  303C               	movlw	60
  8572     15CF  160A  118A  247F  160A  118A  	fcall	_clcd_write
  8573     15D4                     l3184:
  8574                           
  8575                           ;../../Washing Machine/Washing-Machine-Simulator-PIC16F877A-master/Source files/clcd.c: 
      +                          32:     _delay((unsigned long)((100)*(20000000/4000000.0)));
  8576     15D4  30A6               	movlw	166
  8577     15D5  00F6               	movwf	??_init_display_controller
  8578     15D6                     u4557:
  8579     15D6  0BF6               	decfsz	??_init_display_controller,f
  8580     15D7  2DD6               	goto	u4557
  8581     15D8  0000               	nop
  8582                           
  8583                           ;../../Washing Machine/Washing-Machine-Simulator-PIC16F877A-master/Source files/clcd.c: 
      +                          33:     clcd_write(0x01, 0);
  8584     15D9  01F2               	clrf	clcd_write@mode
  8585     15DA  3001               	movlw	1
  8586     15DB  160A  118A  247F  160A  118A  	fcall	_clcd_write
  8587     15E0                     l3186:
  8588                           
  8589                           ;../../Washing Machine/Washing-Machine-Simulator-PIC16F877A-master/Source files/clcd.c: 
      +                          34:     _delay((unsigned long)((500)*(20000000/4000000.0)));
  8590     15E0  3004               	movlw	4
  8591     15E1  00F7               	movwf	??_init_display_controller+1
  8592     15E2  303D               	movlw	61
  8593     15E3  00F6               	movwf	??_init_display_controller
  8594     15E4                     u4567:
  8595     15E4  0BF6               	decfsz	??_init_display_controller,f
  8596     15E5  2DE4               	goto	u4567
  8597     15E6  0BF7               	decfsz	??_init_display_controller+1,f
  8598     15E7  2DE4               	goto	u4567
  8599     15E8  2DE9               	nop2
  8600     15E9                     l3188:
  8601                           
  8602                           ;../../Washing Machine/Washing-Machine-Simulator-PIC16F877A-master/Source files/clcd.c: 
      +                          35:     clcd_write(0x0C, 0);
  8603     15E9  01F2               	clrf	clcd_write@mode
  8604     15EA  300C               	movlw	12
  8605     15EB  160A  118A  247F  160A  118A  	fcall	_clcd_write
  8606                           
  8607                           ;../../Washing Machine/Washing-Machine-Simulator-PIC16F877A-master/Source files/clcd.c: 
      +                          36:     _delay((unsigned long)((100)*(20000000/4000000.0)));
  8608     15F0  30A6               	movlw	166
  8609     15F1  00F6               	movwf	??_init_display_controller
  8610     15F2                     u4577:
  8611     15F2  0BF6               	decfsz	??_init_display_controller,f
  8612     15F3  2DF2               	goto	u4577
  8613     15F4  0000               	nop
  8614     15F5                     l224:
  8615     15F5  0008               	return
  8616     15F6                     __end_of_init_display_controller:
  8617                           
  8618                           	psect	text26
  8619     147F                     __ptext26:	
  8620 ;; *************** function _clcd_write *****************
  8621 ;; Defined at:
  8622 ;;		line 5 in file "../../Washing Machine/Washing-Machine-Simulator-PIC16F877A-master/Source files/clcd.c"
  8623 ;; Parameters:    Size  Location     Type
  8624 ;;  byte            1    wreg     unsigned char 
  8625 ;;  mode            1    2[COMMON] unsigned char 
  8626 ;; Auto vars:     Size  Location     Type
  8627 ;;  byte            1    5[COMMON] unsigned char 
  8628 ;; Return value:  Size  Location     Type
  8629 ;;                  1    wreg      void 
  8630 ;; Registers used:
  8631 ;;		wreg, status,2, status,0
  8632 ;; Tracked objects:
  8633 ;;		On entry : 0/0
  8634 ;;		On exit  : 0/0
  8635 ;;		Unchanged: 0/0
  8636 ;; Data sizes:     COMMON   BANK0   BANK1   BANK3   BANK2
  8637 ;;      Params:         1       0       0       0       0
  8638 ;;      Locals:         1       0       0       0       0
  8639 ;;      Temps:          2       0       0       0       0
  8640 ;;      Totals:         4       0       0       0       0
  8641 ;;Total ram usage:        4 bytes
  8642 ;; Hardware stack levels used: 1
  8643 ;; Hardware stack levels required when called: 1
  8644 ;; This function calls:
  8645 ;;		Nothing
  8646 ;; This function is called by:
  8647 ;;		_clear_clcd
  8648 ;;		_init_display_controller
  8649 ;;		_clcd_putch
  8650 ;;		_clcd_print
  8651 ;; This function uses a non-reentrant model
  8652 ;;
  8653                           
  8654     147F                     _clcd_write:	
  8655                           ;psect for function _clcd_write
  8656                           
  8657                           
  8658                           ;incstack = 0
  8659                           ; Regs used in _clcd_write: [wreg+status,2+status,0]
  8660                           ;clcd_write@byte stored from wreg
  8661     147F  00F5               	movwf	clcd_write@byte
  8662     1480                     l3146:
  8663                           
  8664                           ;../../Washing Machine/Washing-Machine-Simulator-PIC16F877A-master/Source files/clcd.c: 
      +                          5: void clcd_write(unsigned char byte, unsigned char mode);../../Washing Machine/Washing
      +                          -Machine-Simulator-PIC16F877A-master/Source files/clcd.c: 6: {;../../Washing Machine/Was
      +                          hing-Machine-Simulator-PIC16F877A-master/Source files/clcd.c: 7:     RE2 = (mode != 0);
  8665     1480  0872               	movf	clcd_write@mode,w
  8666     1481  1D03               	btfss	3,2
  8667     1482  2C84               	goto	u3711
  8668     1483  2C88               	goto	u3710
  8669     1484                     u3711:
  8670     1484  1283               	bcf	3,5	;RP0=0, select bank0
  8671     1485  1303               	bcf	3,6	;RP1=0, select bank0
  8672     1486  1509               	bsf	9,2	;volatile
  8673     1487  2C8B               	goto	u3724
  8674     1488                     u3710:
  8675     1488  1283               	bcf	3,5	;RP0=0, select bank0
  8676     1489  1303               	bcf	3,6	;RP1=0, select bank0
  8677     148A  1109               	bcf	9,2	;volatile
  8678     148B                     u3724:
  8679     148B                     l3148:
  8680                           
  8681                           ;../../Washing Machine/Washing-Machine-Simulator-PIC16F877A-master/Source files/clcd.c: 
      +                          9:     PORTD = byte;
  8682     148B  0875               	movf	clcd_write@byte,w
  8683     148C  0088               	movwf	8	;volatile
  8684     148D                     l3150:
  8685                           
  8686                           ;../../Washing Machine/Washing-Machine-Simulator-PIC16F877A-master/Source files/clcd.c: 
      +                          11:     RE1 = 1;
  8687     148D  1489               	bsf	9,1	;volatile
  8688     148E                     l3152:
  8689                           
  8690                           ;../../Washing Machine/Washing-Machine-Simulator-PIC16F877A-master/Source files/clcd.c: 
      +                          12:     _delay((unsigned long)((100)*(20000000/4000000.0)));
  8691     148E  30A6               	movlw	166
  8692     148F  00F3               	movwf	??_clcd_write
  8693     1490                     u4587:
  8694     1490  0BF3               	decfsz	??_clcd_write,f
  8695     1491  2C90               	goto	u4587
  8696     1492  0000               	nop
  8697     1493                     l3154:
  8698                           
  8699                           ;../../Washing Machine/Washing-Machine-Simulator-PIC16F877A-master/Source files/clcd.c: 
      +                          13:     RE1 = 0;
  8700     1493  1283               	bcf	3,5	;RP0=0, select bank0
  8701     1494  1303               	bcf	3,6	;RP1=0, select bank0
  8702     1495  1089               	bcf	9,1	;volatile
  8703     1496                     l3156:
  8704                           
  8705                           ;../../Washing Machine/Washing-Machine-Simulator-PIC16F877A-master/Source files/clcd.c: 
      +                          15:     _delay((unsigned long)((4100)*(20000000/4000000.0)));
  8706     1496  301B               	movlw	27
  8707     1497  00F4               	movwf	??_clcd_write+1
  8708     1498  309E               	movlw	158
  8709     1499  00F3               	movwf	??_clcd_write
  8710     149A                     u4597:
  8711     149A  0BF3               	decfsz	??_clcd_write,f
  8712     149B  2C9A               	goto	u4597
  8713     149C  0BF4               	decfsz	??_clcd_write+1,f
  8714     149D  2C9A               	goto	u4597
  8715     149E  0000               	nop
  8716     149F                     l221:
  8717     149F  0008               	return
  8718     14A0                     __end_of_clcd_write:
  8719                           
  8720                           	psect	text27
  8721     1548                     __ptext27:	
  8722 ;; *************** function _isr *****************
  8723 ;; Defined at:
  8724 ;;		line 4 in file "../../Washing Machine/Washing-Machine-Simulator-PIC16F877A-master/Source files/isr.c"
  8725 ;; Parameters:    Size  Location     Type
  8726 ;;		None
  8727 ;; Auto vars:     Size  Location     Type
  8728 ;;		None
  8729 ;; Return value:  Size  Location     Type
  8730 ;;                  1    wreg      void 
  8731 ;; Registers used:
  8732 ;;		wreg, status,2, status,0
  8733 ;; Tracked objects:
  8734 ;;		On entry : 0/0
  8735 ;;		On exit  : 0/0
  8736 ;;		Unchanged: 0/0
  8737 ;; Data sizes:     COMMON   BANK0   BANK1   BANK3   BANK2
  8738 ;;      Params:         0       0       0       0       0
  8739 ;;      Locals:         0       0       0       0       0
  8740 ;;      Temps:          2       0       0       0       0
  8741 ;;      Totals:         2       0       0       0       0
  8742 ;;Total ram usage:        2 bytes
  8743 ;; Hardware stack levels used: 1
  8744 ;; This function calls:
  8745 ;;		Nothing
  8746 ;; This function is called by:
  8747 ;;		Interrupt level 1
  8748 ;; This function uses a non-reentrant model
  8749 ;;
  8750                           
  8751     1548                     _isr:	
  8752                           ;psect for function _isr
  8753                           
  8754     1548                     i1l3010:
  8755                           
  8756                           ;../../Washing Machine/Washing-Machine-Simulator-PIC16F877A-master/Source files/isr.c: 6
      +                          :     static unsigned long int count=0 ;;../../Washing Machine/Washing-Machine-Simulator
      +                          -PIC16F877A-master/Source files/isr.c: 7:     if(TMR2IF == 1)
  8757     1548  1283               	bcf	3,5	;RP0=0, select bank0
  8758     1549  1303               	bcf	3,6	;RP1=0, select bank0
  8759     154A  1C8C               	btfss	12,1	;volatile
  8760     154B  2D4D               	goto	u355_21
  8761     154C  2D4E               	goto	u355_20
  8762     154D                     u355_21:
  8763     154D  2D98               	goto	i1l278
  8764     154E                     u355_20:
  8765     154E                     i1l3012:
  8766                           
  8767                           ;../../Washing Machine/Washing-Machine-Simulator-PIC16F877A-master/Source files/isr.c: 8
      +                          :     {;../../Washing Machine/Washing-Machine-Simulator-PIC16F877A-master/Source files/i
      +                          sr.c: 9:         if( ++count == 20000)
  8768     154E  3001               	movlw	1
  8769     154F  1683               	bsf	3,5	;RP0=1, select bank1
  8770     1550  1303               	bcf	3,6	;RP1=0, select bank1
  8771     1551  07C8               	addwf	isr@count^(0+128),f
  8772     1552  3000               	movlw	0
  8773     1553  1803               	skipnc
  8774     1554  3001               	movlw	1
  8775     1555  07C9               	addwf	(isr@count+1)^(0+128),f
  8776     1556  3000               	movlw	0
  8777     1557  1803               	skipnc
  8778     1558  3001               	movlw	1
  8779     1559  07CA               	addwf	(isr@count+2)^(0+128),f
  8780     155A  3000               	movlw	0
  8781     155B  1803               	skipnc
  8782     155C  3001               	movlw	1
  8783     155D  07CB               	addwf	(isr@count+3)^(0+128),f
  8784     155E  3020               	movlw	32
  8785     155F  0648               	xorwf	isr@count^(0+128),w
  8786     1560  304E               	movlw	78
  8787     1561  1903               	skipnz
  8788     1562  0649               	xorwf	(isr@count+1)^(0+128),w
  8789     1563  044A               	iorwf	(isr@count+2)^(0+128),w
  8790     1564  044B               	iorwf	(isr@count+3)^(0+128),w
  8791     1565  1D03               	btfss	3,2
  8792     1566  2D68               	goto	u356_21
  8793     1567  2D69               	goto	u356_20
  8794     1568                     u356_21:
  8795     1568  2D95               	goto	i1l3030
  8796     1569                     u356_20:
  8797     1569                     i1l3014:
  8798                           
  8799                           ;../../Washing Machine/Washing-Machine-Simulator-PIC16F877A-master/Source files/isr.c: 1
      +                          0:         {;../../Washing Machine/Washing-Machine-Simulator-PIC16F877A-master/Source fi
      +                          les/isr.c: 11:             if(sec !=0){
  8800     1569  1283               	bcf	3,5	;RP0=0, select bank0
  8801     156A  1303               	bcf	3,6	;RP1=0, select bank0
  8802     156B  086D               	movf	_sec,w
  8803     156C  1903               	btfsc	3,2
  8804     156D  2D6F               	goto	u357_21
  8805     156E  2D70               	goto	u357_20
  8806     156F                     u357_21:
  8807     156F  2D7D               	goto	i1l3020
  8808     1570                     u357_20:
  8809     1570                     i1l3016:
  8810                           
  8811                           ;../../Washing Machine/Washing-Machine-Simulator-PIC16F877A-master/Source files/isr.c: 1
      +                          2:             sec--;
  8812     1570  3001               	movlw	1
  8813     1571  02ED               	subwf	_sec,f
  8814     1572                     i1l3018:
  8815                           
  8816                           ;../../Washing Machine/Washing-Machine-Simulator-PIC16F877A-master/Source files/isr.c: 1
      +                          3:             count = 0;
  8817     1572  3000               	movlw	0
  8818     1573  1683               	bsf	3,5	;RP0=1, select bank1
  8819     1574  1303               	bcf	3,6	;RP1=0, select bank1
  8820     1575  00CB               	movwf	(isr@count+3)^(0+128)
  8821     1576  3000               	movlw	0
  8822     1577  00CA               	movwf	(isr@count+2)^(0+128)
  8823     1578  3000               	movlw	0
  8824     1579  00C9               	movwf	(isr@count+1)^(0+128)
  8825     157A  3000               	movlw	0
  8826     157B  00C8               	movwf	isr@count^(0+128)
  8827                           
  8828                           ;../../Washing Machine/Washing-Machine-Simulator-PIC16F877A-master/Source files/isr.c: 1
      +                          4:             }
  8829     157C  2D8B               	goto	i1l3028
  8830     157D                     i1l3020:
  8831     157D  086D               	movf	_sec,w
  8832     157E  1D03               	btfss	3,2
  8833     157F  2D81               	goto	u358_21
  8834     1580  2D82               	goto	u358_20
  8835     1581                     u358_21:
  8836     1581  2D8B               	goto	i1l3028
  8837     1582                     u358_20:
  8838     1582                     i1l3022:
  8839     1582  086C               	movf	_min,w
  8840     1583  1903               	btfsc	3,2
  8841     1584  2D86               	goto	u359_21
  8842     1585  2D87               	goto	u359_20
  8843     1586                     u359_21:
  8844     1586  2D8B               	goto	i1l3028
  8845     1587                     u359_20:
  8846     1587                     i1l3024:
  8847                           
  8848                           ;../../Washing Machine/Washing-Machine-Simulator-PIC16F877A-master/Source files/isr.c: 1
      +                          6:                 min--;
  8849     1587  3001               	movlw	1
  8850     1588  02EC               	subwf	_min,f
  8851     1589                     i1l3026:
  8852                           
  8853                           ;../../Washing Machine/Washing-Machine-Simulator-PIC16F877A-master/Source files/isr.c: 1
      +                          7:                 sec=60;
  8854     1589  303C               	movlw	60
  8855     158A  00ED               	movwf	_sec
  8856     158B                     i1l3028:
  8857                           
  8858                           ;../../Washing Machine/Washing-Machine-Simulator-PIC16F877A-master/Source files/isr.c: 2
      +                          0:             count=0;
  8859     158B  3000               	movlw	0
  8860     158C  1683               	bsf	3,5	;RP0=1, select bank1
  8861     158D  1303               	bcf	3,6	;RP1=0, select bank1
  8862     158E  00CB               	movwf	(isr@count+3)^(0+128)
  8863     158F  3000               	movlw	0
  8864     1590  00CA               	movwf	(isr@count+2)^(0+128)
  8865     1591  3000               	movlw	0
  8866     1592  00C9               	movwf	(isr@count+1)^(0+128)
  8867     1593  3000               	movlw	0
  8868     1594  00C8               	movwf	isr@count^(0+128)
  8869     1595                     i1l3030:
  8870                           
  8871                           ;../../Washing Machine/Washing-Machine-Simulator-PIC16F877A-master/Source files/isr.c: 2
      +                          3:         TMR2IF = 0;
  8872     1595  1283               	bcf	3,5	;RP0=0, select bank0
  8873     1596  1303               	bcf	3,6	;RP1=0, select bank0
  8874     1597  108C               	bcf	12,1	;volatile
  8875     1598                     i1l278:
  8876     1598  0871               	movf	??_isr+1,w
  8877     1599  008A               	movwf	10
  8878     159A  0E70               	swapf	??_isr,w
  8879     159B  0083               	movwf	3
  8880     159C  0EFE               	swapf	btemp,f
  8881     159D  0E7E               	swapf	btemp,w
  8882     159E  0009               	retfie
  8883     159F                     __end_of_isr:
  8884     0002                     ___latbits      equ	2
  8885     007E                     btemp           set	126	;btemp
  8886     007E                     wtemp0          set	126
  8887                           
  8888                           	psect	intentry
  8889     0004                     __pintentry:	
  8890                           ;incstack = 0
  8891                           ; Regs used in _isr: [wreg+status,2+status,0]
  8892                           
  8893     0004                     interrupt_function:
  8894     007E                     saved_w         set	btemp
  8895     0004  00FE               	movwf	btemp
  8896     0005  0E03               	swapf	3,w
  8897     0006  00F0               	movwf	??_isr
  8898     0007  080A               	movf	10,w
  8899     0008  00F1               	movwf	??_isr+1
  8900     0009  160A  118A  2D48   	ljmp	_isr
  8901                           
  8902                           	psect	config
  8903                           
  8904                           ;Config register CONFIG @ 0x2007
  8905                           ;	Oscillator Selection bits
  8906                           ;	FOSC = 0x3, unprogrammed default
  8907                           ;	Watchdog Timer Enable bit
  8908                           ;	WDTE = OFF, WDT disabled
  8909                           ;	Power-up Timer Enable bit
  8910                           ;	PWRTE = 0x1, unprogrammed default
  8911                           ;	Brown-out Reset Enable bit
  8912                           ;	BOREN = 0x1, unprogrammed default
  8913                           ;	Low-Voltage (Single-Supply) In-Circuit Serial Programming Enable bit
  8914                           ;	LVP = 0x1, unprogrammed default
  8915                           ;	Data EEPROM Memory Code Protection bit
  8916                           ;	CPD = 0x1, unprogrammed default
  8917                           ;	Flash Program Memory Write Enable bits
  8918                           ;	WRT = 0x3, unprogrammed default
  8919                           ;	In-Circuit Debugger Mode bit
  8920                           ;	DEBUG = 0x1, unprogrammed default
  8921                           ;	Flash Program Memory Code Protection bit
  8922                           ;	CP = 0x1, unprogrammed default
  8923     2007                     	org	8199
  8924     2007  3FFB               	dw	16379

Data Sizes:
    Strings     363
    Constant    0
    Data        41
    BSS         14
    Persistent  0
    Stack       0

Auto Spaces:
    Space          Size  Autos    Used
    COMMON           14     10      12
    BANK0            80     73      80
    BANK1            80      0      46
    BANK3            96      0       0
    BANK2            96      0       0

Pointer List with Targets:

    clcd_print@str	PTR const unsigned char  size(2) Largest target is 18
		 -> STR_1(CODE[6]), STR_10(CODE[9]), STR_11(CODE[10]), STR_12(CODE[11]), 
		 -> STR_13(CODE[5]), STR_14(CODE[4]), STR_15(CODE[7]), STR_16(CODE[5]), 
		 -> STR_17(CODE[4]), STR_18(CODE[12]), STR_19(CODE[16]), STR_2(CODE[6]), 
		 -> STR_20(CODE[16]), STR_21(CODE[12]), STR_22(CODE[6]), STR_23(CODE[6]), 
		 -> STR_24(CODE[11]), STR_25(CODE[5]), STR_26(CODE[11]), STR_27(CODE[11]), 
		 -> STR_28(CODE[5]), STR_29(CODE[6]), STR_3(CODE[10]), STR_30(CODE[6]), 
		 -> STR_31(CODE[6]), STR_32(CODE[6]), STR_33(CODE[6]), STR_34(CODE[5]), 
		 -> STR_35(CODE[17]), STR_36(CODE[14]), STR_37(CODE[13]), STR_38(CODE[18]), 
		 -> STR_39(CODE[11]), STR_4(CODE[7]), STR_40(CODE[5]), STR_41(CODE[11]), 
		 -> STR_42(CODE[11]), STR_43(CODE[15]), STR_44(CODE[9]), STR_45(CODE[16]), 
		 -> STR_46(CODE[13]), STR_47(CODE[11]), STR_48(CODE[10]), STR_5(CODE[11]), 
		 -> STR_6(CODE[12]), STR_7(CODE[8]), STR_8(CODE[11]), STR_9(CODE[10]), 

    washing_program	PTR unsigned char [12] size(2) Largest target is 12
		 -> STR_1(CODE[6]), STR_10(CODE[9]), STR_11(CODE[10]), STR_12(CODE[11]), 
		 -> STR_2(CODE[6]), STR_3(CODE[10]), STR_4(CODE[7]), STR_5(CODE[11]), 
		 -> STR_6(CODE[12]), STR_7(CODE[8]), STR_8(CODE[11]), STR_9(CODE[10]), 

    water_level_options	PTR unsigned char [5] size(2) Largest target is 7
		 -> STR_13(CODE[5]), STR_14(CODE[4]), STR_15(CODE[7]), STR_16(CODE[5]), 
		 -> STR_17(CODE[4]), 


Critical Paths under _main in COMMON

    _start->___awdiv
    _start->___xxtofl
    _door_status_check->_clear_clcd
    _clear_clcd->_clcd_write
    ___fltol->___xxtofl
    ___flsub->___fladd
    ___flsub->___xxtofl
    ___flmul->___xxtofl
    ___flge->___xxtofl
    _clcd_putch->___awdiv
    _clcd_print->___awmod
    _init_clcd->_init_display_controller
    _init_display_controller->_clcd_write

Critical Paths under _isr in COMMON

    None.

Critical Paths under _main in BANK0

    _main->_start
    _water_level_screen->_clcd_print
    _washing_program_->_clcd_print
    _start->___flge
    _door_status_check->_clcd_print
    ___fltol->___flmul
    ___flsub->___flmul
    ___flmul->___xxtofl
    ___flge->___flsub
    _power_ON_screen->_clcd_print

Critical Paths under _isr in BANK0

    None.

Critical Paths under _main in BANK1

    None.

Critical Paths under _isr in BANK1

    None.

Critical Paths under _main in BANK3

    None.

Critical Paths under _isr in BANK3

    None.

Critical Paths under _main in BANK2

    None.

Critical Paths under _isr in BANK2

    None.

Call Graph Tables:

 ---------------------------------------------------------------------------------
 (Depth) Function   	        Calls       Base Space   Used Autos Params    Refs
 ---------------------------------------------------------------------------------
 (0) _main                                                 8     8      0   11762
                                             65 BANK0      8     8      0
                         _clcd_print
                         _clear_clcd
                        _init_config
                    _power_ON_screen
                _read_digital_keypad
                           _set_time
                              _start
                   _washing_program_
                 _water_level_screen
 ---------------------------------------------------------------------------------
 (1) _water_level_screen                                   3     3      0    1172
                                              3 BANK0      3     3      0
                            ___awmod
                         _clcd_print
                         _clcd_putch
                         _clear_clcd
 ---------------------------------------------------------------------------------
 (1) _washing_program_                                     3     3      0    1172
                                              3 BANK0      3     3      0
                            ___awmod
                         _clcd_print
                         _clcd_putch
                         _clear_clcd
 ---------------------------------------------------------------------------------
 (1) _start                                               13    13      0    7416
                                             52 BANK0     13    13      0
                            ___awdiv
                            ___awmod
                             ___bmul
                             ___flge
                            ___flmul
                            ___flsub
                            ___fltol
                           ___xxtofl
                         _clcd_print
                         _clcd_putch
                         _clear_clcd
                  _door_status_check
 ---------------------------------------------------------------------------------
 (2) _door_status_check                                    0     0      0     582
                         _clcd_print
                         _clear_clcd
 ---------------------------------------------------------------------------------
 (2) _clear_clcd                                           2     2      0     111
                                              6 COMMON     2     2      0
                         _clcd_write
 ---------------------------------------------------------------------------------
 (2) ___xxtofl                                            14    10      4     342
                                              2 COMMON     8     4      4
                                              0 BANK0      6     6      0
 ---------------------------------------------------------------------------------
 (2) ___fltol                                             10     6      4     232
                                             32 BANK0     10     6      4
                            ___flmul (ARG)
                           ___xxtofl (ARG)
 ---------------------------------------------------------------------------------
 (2) ___flsub                                              8     0      8    2035
                                             32 BANK0      8     0      8
                            ___fladd
                            ___flmul (ARG)
                           ___xxtofl (ARG)
 ---------------------------------------------------------------------------------
 (3) ___fladd                                             20    12      8    1988
                                              2 COMMON     8     0      8
                                              0 BANK0     12    12      0
 ---------------------------------------------------------------------------------
 (2) ___flmul                                             26    18      8    2452
                                              6 BANK0     26    18      8
                          __Umul8_16
                           ___xxtofl (ARG)
 ---------------------------------------------------------------------------------
 (3) __Umul8_16                                            9     7      2     232
                                              2 COMMON     4     2      2
                                              0 BANK0      5     5      0
 ---------------------------------------------------------------------------------
 (2) ___flge                                              12     4      8     184
                                             40 BANK0     12     4      8
                            ___flmul (ARG)
                            ___flsub (ARG)
                           ___xxtofl (ARG)
 ---------------------------------------------------------------------------------
 (2) ___bmul                                               3     2      1     109
                                              2 COMMON     3     2      1
 ---------------------------------------------------------------------------------
 (2) ___awmod                                              6     2      4     312
                                              2 COMMON     6     2      4
 ---------------------------------------------------------------------------------
 (2) ___awdiv                                              8     4      4     308
                                              2 COMMON     8     4      4
 ---------------------------------------------------------------------------------
 (1) _set_time                                             0     0      0       0
 ---------------------------------------------------------------------------------
 (1) _read_digital_keypad                                  2     2      0      90
                                              2 COMMON     1     1      0
 ---------------------------------------------------------------------------------
 (1) _power_ON_screen                                      7     7      0     900
                                              3 BANK0      7     7      0
                         _clcd_print
                         _clcd_putch
 ---------------------------------------------------------------------------------
 (2) _clcd_putch                                           2     1      1     231
                                              0 BANK0      2     1      1
                            ___awdiv (ARG)
                            ___awmod (ARG)
                         _clcd_write
 ---------------------------------------------------------------------------------
 (2) _clcd_print                                           3     0      3     471
                                              0 BANK0      3     0      3
                            ___awmod (ARG)
                         _clcd_write
 ---------------------------------------------------------------------------------
 (1) _init_config                                          0     0      0     111
                          _init_clcd
                _init_digital_keypad
                        _init_timer2
 ---------------------------------------------------------------------------------
 (2) _init_timer2                                          0     0      0       0
 ---------------------------------------------------------------------------------
 (2) _init_digital_keypad                                  0     0      0       0
 ---------------------------------------------------------------------------------
 (2) _init_clcd                                            0     0      0     111
            _init_display_controller
 ---------------------------------------------------------------------------------
 (3) _init_display_controller                              2     2      0     111
                                              6 COMMON     2     2      0
                         _clcd_write
 ---------------------------------------------------------------------------------
 (3) _clcd_write                                           4     3      1     111
                                              2 COMMON     4     3      1
 ---------------------------------------------------------------------------------
 Estimated maximum stack depth 3
 ---------------------------------------------------------------------------------
 (Depth) Function   	        Calls       Base Space   Used Autos Params    Refs
 ---------------------------------------------------------------------------------
 (5) _isr                                                  2     2      0       0
                                              0 COMMON     2     2      0
 ---------------------------------------------------------------------------------
 Estimated maximum stack depth 5
 ---------------------------------------------------------------------------------

 Call Graph Graphs:

 _main (ROOT)
   _clcd_print
     ___awmod (ARG)
     _clcd_write (ARG)
   _clear_clcd
     _clcd_write
   _init_config
     _init_clcd
       _init_display_controller
         _clcd_write
     _init_digital_keypad
     _init_timer2
   _power_ON_screen
     _clcd_print
     _clcd_putch
       ___awdiv (ARG)
       ___awmod (ARG)
       _clcd_write (ARG)
   _read_digital_keypad
   _set_time
   _start
     ___awdiv
     ___awmod
     ___bmul
     ___flge
       ___flmul (ARG)
         __Umul8_16
         ___xxtofl (ARG)
       ___flsub (ARG)
         ___fladd
         ___flmul (ARG)
         ___xxtofl (ARG)
       ___xxtofl (ARG)
     ___flmul
     ___flsub
     ___fltol
       ___flmul (ARG)
       ___xxtofl (ARG)
     ___xxtofl
     _clcd_print
     _clcd_putch
     _clear_clcd
     _door_status_check
       _clcd_print
       _clear_clcd
   _washing_program_
     ___awmod
     _clcd_print
     _clcd_putch
     _clear_clcd
   _water_level_screen
     ___awmod
     _clcd_print
     _clcd_putch
     _clear_clcd

 _isr (ROOT)

Address spaces:
Name               Size   Autos  Total    Usage
BANK3               96      0       0      0.0%
BITBANK3            96      0       0      0.0%
BANK2               96      0       0      0.0%
BITBANK2            96      0       0      0.0%
BANK1               80      0      46     57.5%
BITBANK1            80      0       0      0.0%
BANK0               80     73      80    100.0%
BITBANK0            80      0       0      0.0%
COMMON              14     10      12     85.7%
BITCOMMON           14      0       0      0.0%
DATA                 0      0     140      0.0%
STACK                0      0       0      0.0%


Microchip Technology PIC Macro Assembler V3.00 build 20241204225717 
Symbol Table                                                                                   Mon Jun 30 20:32:22 2025

               ?_power_ON_screen 0070                                l9 1432                                pc 0002  
                 ___bmul@product 0073                   clcd_print@addr 0022                               l60 178B  
                             l63 1443                               l73 0B14                               l84 0B16  
                             l78 0947                               l87 0B1A                               l89 0B1D  
                   ___awdiv@sign 0077                               fsr 0004              __Umul8_16@word_mpld 0022  
                            l111 0B67                              l121 0B7D                              l113 0B67  
                            l201 16D8                              l203 16DE                              l204 171A  
                            l221 149F                              l230 147E                              l119 0B7D  
                            l224 15F5                              l160 0BF3                              l136 0BA8  
                            l153 0BDE                              l146 0BC5                              l227 1427  
                            l243 141C                              l323 081E                              l236 1547  
                            l256 17FF                              l176 0C21                              l257 17FE  
                            l345 0DAC                              l179 0C5B                              l339 0D57  
                            l621 07E1                              l197 0414                              l606 164C  
                            l641 087F                              l466 1456                              l626 07FA  
                            l618 0775                              l634 0894                              l644 0894  
                            l741 0E0D                              l736 0DDC                              l593 16AF  
                            l745 0E8C                              l762 0F52                              l754 0FFF  
                            l843 06C8                              l747 0E67                              l772 0F99  
                            l837 0756                              l766 0F76                              l783 0FF5  
                            l775 0FD5                              l856 1502                              l784 0FFF  
                            l849 074C                              l881 096C                              l858 1514  
                            l882 097D                              l787 14C3                              l883 09FD  
                            l894 09C7                              l895 09D3                              l887 09AB  
                            _GIE 005F                              _RB0 0030                              _RC1 0039  
                            _RC2 003A                              _RE1 0049                              _RE2 004A  
                            _PR2 0092                              _min 006C                              _sec 006D  
                            _isr 1548                   clcd_putch@addr 0020                              fsr0 0004  
                 clcd_putch@data 0021                              indf 0000                     ___awmod@sign 0077  
                   ___flmul@aexp 0034                     ___flmul@bexp 0039                     ___flmul@sign 0033  
                   ___flmul@temp 003E                     ___flmul@prod 003A                     ___fltol@exp1 0049  
                           l2100 0E1F                             l2110 0E29                             l2102 0E21  
                           l2200 0F85                             l2120 0E33                             l2112 0E2B  
                           l2104 0E23                             l2210 0F96                             l2202 0F87  
                           l2130 0E6B                             l2122 0E35                             l2114 0E2D  
                           l2106 0E25                             l2050 0DBA                             l2300 1455  
                           l2220 0FB5                             l2204 0F8B                             l2140 0E82  
                           l2132 0E72                             l2116 0E2F                             l2108 0E27  
                           l2124 0E37                             l2060 0DD1                             l2052 0DBE  
                           l2044 0DB0                             l2310 1657                             l2230 0FEC  
                           l2222 0FD3                             l2214 0F9E                             l2206 0F8C  
                           l2150 0E9E                             l2134 0E74                             l2142 0E84  
                           l2126 0E38                             l2118 0E31                             l2070 0DE6  
                           l2062 0DD2                             l2054 0DBF                             l2046 0DB4  
                           l2320 1666                             l2312 1659                             l2304 164D  
                           l2400 07F7                             l3200 1510                             l2240 0FFE  
                           l2232 0FED                             l2224 0FDA                             l2216 0FA3  
                           l2208 0F90                             l2160 0EC6                             l2152 0EB5  
                           l2144 0E90                             l2136 0E78                             l2128 0E4F  
                           l2080 0DF5                             l2072 0DE7                             l2056 0DC4  
                           l2064 0DD4                             l2048 0DB6            ??_read_digital_keypad 0072  
                           l2330 167C                             l2322 166C                             l2314 165D  
                           l2306 164E                             l2402 07F9                             l2234 0FF1  
                           l2226 0FDF                             l2218 0FB1                             l2170 0EED  
                           l2162 0ECA                             l2154 0EB9                             l2146 0E95  
                           l2138 0E79                             l2090 0E13                             l2082 0DFA  
                           l2074 0DEB                             l2066 0DDE                             l2058 0DC9  
                           l3210 16B9                             l3204 146D                             l2332 168D  
                           l2324 166F                             l2340 16A1                             l2316 1662  
                           l2308 1652                             l3300 0563                             l2236 0FF3  
                           l2228 0FE7                             l2172 0F2B                             l2180 0F44  
                           l2164 0ECB                             l2156 0EBD                             l2092 0E17  
                           l2084 0E02                             l2076 0DEF                             l2068 0DE0  
                           l2420 0851                             l2412 0833                             l3220 16F3  
                           l3212 16BE                             l3150 148D                             l3230 1421  
                           l2342 16A6                             l2334 1693                             l2326 1676  
                           l2318 1664                             l2350 15F7                             l3310 05ED  
                           l3302 0571                             l2238 0FFA                             l2190 0F71  
                           l2182 0F5A                             l2174 0F2D                             l2166 0ED4  
                           l2158 0EC4                             l2094 0E19                             l2086 0E03  
                           l2078 0DF0                             l2422 0855                             l2430 086D  
                           l2414 0846                             l2406 081F                             l3222 1700  
                           l3214 16CB                             l3206 16B0                             l3152 148E  
                           l3232 1422                             l2256 1428                             l3160 151F  
                           l3400 176C                             l2344 16AB                             l2336 1694  
                           l2328 1678                             l2360 160B                             l2352 15FB  
                           l3320 067D                             l3312 05FB                             l3304 058E  
                           l3240 041F                             l2192 0F75                             l2184 0F5F  
                           l2176 0F30                             l2168 0ED7                             l2096 0E1B  
                           l2088 0E05                             l2440 0889                             l2416 0847  
                           l2408 082A                             l3224 170D                             l3216 16E1  
                           l3208 16B6                             l3154 1493                             l3146 1480  
                           l3170 159F                             l3226 141D                             l3162 152F  
                           l3402 177A                             l2338 169B                             l2370 1621  
                           l2362 1611                             l2354 1600                             l2290 1445  
                           l3330 06A2                             l3322 068B                             l3314 0626  
                           l3306 05A5                             l3250 0436                             l3242 0423  
                           l3234 0415                             l2194 0F7A                             l2178 0F35  
                           l2098 0E1D                             l2442 14A0                             l2418 084F  
                           l2610 09A2                             l2602 0980                             l3218 16E6  
                           l3410 0A0F                             l3156 1496                             l3148 148B  
                           l3180 15CA                             l3172 15A7                             l3228 1420  
                           l3164 1537                             l3404 1782                             l2380 1643  
                           l2372 162B                             l2364 1614                             l2356 1602  
                           l2348 15F6                             l2292 1446                             l3340 06C5  
                           l3324 0694                             l3332 06A8                             l3316 064C  
                           l3308 05C2                             l3260 044B                             l3252 0438  
                           l3244 0424                             l3236 0419                             l2196 0F7E  
                           l2188 0F68                             l2444 14A4                             l2436 0874  
                           l2428 085D                             l2620 09D5                             l2612 09B2  
                           l2604 098B                             l3500 021C                             l3420 0A4D  
                           l3412 0A15                             l3182 15CD                             l3174 15AE  
                           l3158 1515                             l2702 0B15                             l2382 1648  
                           l2374 1631                             l2366 161B                             l2358 1606  
                           l2294 144A                             l2390 0789                             l3190 14EF  
                           l3350 06E4                             l3334 06AC                             l3326 0698  
                           l3318 0674                             l3270 0460                             l3262 044C  
                           l3254 0440                             l3246 0429                             l3238 041B  
                           l2198 0F80                             l2438 0884                             l2622 09EB  
                           l2614 09BD                             l2606 0992                             l3166 1433  
                           l3510 0270                             l3502 0229                             l3430 0ADB  
                           l3422 0A55                             l3414 0A1D                             l3406 0A01  
                           l3184 15D4                             l3176 15BE                             l2288 1417  
                           l2720 0B36                             l2712 0B20                             l2704 0B18  
                           l2376 1638                             l2368 161D                             l2296 144C  
                           l2392 0791                             l3192 14F1                             l3360 072A  
                           l3352 06FD                             l3344 06CD                             l3336 06AD  
                           l3328 0699                             l3280 047B                             l3272 0468  
                           l3264 0451                             l3256 0443                             l3248 042E  
                           l2624 09F0                             l2616 09C1                             l2608 0994  
                           l3168 143A                             l3520 0326                             l3512 027E  
                           l3504 022F                             l3424 0A93                             l3416 0A38  
                           l3408 0A0A                             l3440 08B4                             l3432 0898  
                           l3600 0CC6                             l3186 15E0                             l3178 15C3  
                           l2810 0C0D                             l2802 0BF7                             l2730 0B4E  
                           l2722 0B39                             l2714 0B31                             l2378 163E  
                           l2298 144E                             l2394 0795                             l2386 0757  
                           l3194 14F8                             l3370 0747                             l3362 0734  
                           l3346 06D2                             l3354 0703                             l3338 06B1  
                           l3290 04F7                             l3282 0489                             l3274 046D  
                           l3266 0456                             l3258 0447                             l2626 09F4  
                           l2618 09CB                             l3530 036C                             l3522 0334  
                           l3506 0244                             l3514 028C                             l3450 004A  
                           l3426 0A99                             l3418 0A43                             l3442 08CF  
                           l3434 08A1                             l3610 0CEF                             l3602 0CCF  
                           l3188 15E9                             l2804 0C08                             l2740 0B56  
                           l2732 0B4F                             l2724 0B3A                             l2716 0B32  
                           l2396 07B9                             l2388 076D                             l3196 14FC  
                           l3372 074E                             l3364 0736                             l3356 0710  
                           l3348 06E0                             l3292 0513                             l3284 0496  
                           l3276 0472                             l3268 045E                             l2628 09F5  
                           l3540 03CE                             l3532 0387                             l3524 033A  
                           l3516 0292                             l3508 0252                             l3460 0099  
                           l3452 004F                             l3428 0AD5                             l3444 08DA  
                           l3436 08A6                             l3620 0D11                             l3612 0CF8  
                           l3604 0CD3                             l3390 1747                             l3382 171F  
                           l2806 0C09                             l2734 0B52                             l2718 0B35  
                           l2830 0C33                             l2398 07BD                             l3198 150B  
                           l3366 0742                             l3358 071B                             l3294 052F  
                           l3286 04B1                             l2590 094B                             l3550 03E7  
                           l3542 03D3                             l3534 0391                             l3526 0346  
                           l3518 0318                             l3470 00FA                             l3462 00B4  
                           l3454 005C                             l3446 003C                             l3438 08AC  
                           l3630 0D45                             l3622 0D1E                             l3614 0CFF  
                           l3606 0CE1                             l3392 175F                             l3384 1728  
                           l3376 171B                             l2808 0C0C                             l2760 0B97  
                           l2744 0B6C                             l2736 0B53                             l2728 0B3D  
                           l3368 0746                             l3296 0538                             l3288 04CD  
                           l2592 0950                             l3560 040F                             l3552 03F4  
                           l3544 03D8                             l3536 03AC                             l3528 0351  
                           l3480 0134                             l3472 0108                             l3464 00BE  
                           l3456 0071                             l3448 0041                             l3640 0D61  
                           l3632 0D4E                             l3624 0D2B                             l3616 0D08  
                           l3608 0CE7                             l3570 0816                             l3562 0805  
                           l3386 1736                             l2826 0C22                             l2818 0C10  
                           l2770 0BBD                             l2762 0BA8                             l2754 0B93  
                           l3298 0546                             l2594 0954                             l3554 0402  
                           l3546 03DB                             l3538 03C7                             l3490 020B  
                           l3482 0141                             l3474 010D                             l3466 00D9  
                           l3458 007E                             l3650 0D8E                             l3642 0D6A  
                           l3634 0D52                             l3626 0D38                             l3618 0D0C  
                           l3572 0819                             l3564 080F                             l3388 173E  
                           l2772 0BBE                             l2764 0BA9                             l2756 0B94  
                           l2748 0B82                             l2596 0964                             l3556 0405  
                           l3548 03DC                             l3492 020C                             l3484 0150  
                           l3476 011A                             l3468 00F4                             l3644 0D72  
                           l3636 0D55                             l3628 0D3E                             l3580 0C61  
                           l3574 081A                             l3566 0814                             l3398 1763  
                           l2950 1790                             l2790 0BDF                             l2782 0BC9  
                           l2774 0BC1                             l2598 0974                             l3558 040B  
                           l3486 018D                             l3478 0127                             l3494 020D  
                           l3646 0D7D                             l3638 0D58                             l3654 0D97  
                           l3590 0C9D                             l3582 0C6E                             l3576 081D  
                           l3568 0815                             l2960 17A2                             l2952 1792  
                           l2784 0BDA                             l2776 0BC2                             l2768 0BAC  
                           l3496 0214                             l3488 01CC                             l3648 0D83  
                           l3592 0CA8                             l3584 0C7B                             l2970 17C1  
                           l2954 1798                             l2962 17A5                             l2794 0BE2  
                           l2786 0BDB                             l2778 0BC7                             l3498 0216  
                           l3594 0CAD                             l3586 0C89                             l3578 0C5C  
                           l2980 17E2                             l2964 17AB                             l2956 179D  
                           l2948 178C                             l2796 0BF3                             l2788 0BDE  
                           l3692 0D9E                             l3596 0CB2                             l3588 0C8F  
                           l2982 17E7                             l2966 17B0                             l2974 17C5  
                           l2990 17FE                             l2958 179E                             l2798 0BF4  
                           l3598 0CC1                             l2984 17F0                             l2976 17CA  
                           l2968 17B2                             l2986 17F6                             l2978 17D9  
                           ?_isr 0070                             STR_1 1148                             STR_2 114E  
                           STR_3 10EA                             STR_4 1129                             STR_5 10CA  
                           STR_6 1092                             STR_7 111A                             STR_8 10D5  
                           STR_9 10FE                             u2010 0E8C                             u2011 0E8B  
                           u2020 0E90                             u2101 0F04                             u2021 0E8F  
                           u2005 0E7B                             u2110 0F18                             u2102 0F05  
                           u2030 0E95                             u2111 0F19                             u2103 0F0A  
                           u2031 0E94                             u2200 0F90                             u2120 0F35  
                           u2112 0F1E                             u2104 0F0B                             u2201 0F8F  
                           u2121 0F34                             u2113 0F1F                             u2105 0F10  
                           u2041 0EA7                             u2210 0F96                             u2130 0F5A  
                           u2106 0F11                             u2050 0EB9                             u2042 0EAE  
                           u2211 0F95                             u2131 0F59                             u2051 0EB8  
                           u2043 0EB5                             u2300 0FF1                             u2220 0F9D  
                           u2140 0F5F                             u2060 0EBD                             u2301 0FF0  
                           u2221 0F9C                             u2141 0F5E                             u2061 0EBC  
                           u2310 0FFE                             u2230 0FA3                             u2070 0ECA  
                           u2311 0FFD                             u2231 0FA2                             u2071 0EC9  
                           u2400 165D                             u4000 065A                             u2240 0FB5  
                           u2160 0F75                             u3200 09C1                             u3120 0950  
                           u2401 165C                             u2241 0FB4                             u2161 0F74  
                           u3201 09C0                             u3121 094F                             u2410 166C  
                           u2250 0FC4                             u2170 0F7A                             u2090 0EED  
                           u3210 09C7                             u3130 0954                             u2411 166B  
                           u4011 0666                             u2171 0F79                             u2155 0F6A  
                           u2091 0EEC                             u3211 09C6                             u3131 0953  
                           u2500 1606                             u4100 06D2                             u4012 066D  
                           u2260 0FD3                             u2180 0F85                             u3220 09CB  
                           u3140 0974                             u2501 1605                             u4101 06D1  
                           u4013 0674                             u4005 0655                             u2261 0FD2  
                           u2181 0F84                             u2093 0EE9                             u2085 0ECD  
                           u3221 09CA                             u3141 0973                             u2430 167C  
                           u2510 1611                             u4110 06E4                             u2270 0FDA  
                           u2190 0F8B                             u3230 09E0                             u2431 167B  
                           u2511 1610                             u4111 06E3                             u2271 0FD9  
                           u2255 0FBF                             u2191 0F8A                             u2600 0795  
                           u4120 06F3                             u4040 0698                             u2280 0FDF  
                           u3240 09F0                             u3160 0991                             u4200 0A55  
                           u2425 1670                             u2601 0794                             u4041 0697  
                           u4025 0676                             u2281 0FDE                             u3241 09EF  
                           u3161 0990                             u4201 0A54                             u2450 168D  
                           u2530 1621                             u2370 144A                             u4130 0710  
                           u2290 0FEC                             u3250 09F4                             u4210 0A99  
                           u2451 168C                             u2531 1620                             u2371 1449  
                           u2611 07A4                             u4131 070F                             u4035 068D  
                           u2291 0FEB                             u3251 09F3                             u3235 09DB  
                           u3155 0983                             u4211 0A98                             u3500 17CA  
                           u2540 162B                             u2380 1455                             u2620 07BD  
                           u2612 07A5                             u4140 072A                             u4060 06AC  
                           u1900 0DEF                             u2700 086C                             u3180 09B1  
                           u4300 0292                             u4220 0ADB                             u3501 17C9  
                           u2445 167D                             u2541 162A                             u2525 1615  
                           u2381 1454                             u2621 07BC                             u2613 07AA  
                           u4141 0729                             u4125 06EE                             u4061 06AB  
                           u1901 0DEE                             u2701 086B                             u3181 09B0  
                           u4301 0291                             u4221 0ADA                             u3510 17D9  
                           u2470 16A1                             u2390 1652                             u2614 07AB  
                           u4150 0746                             u4070 06B1                             u1910 0DF5  
                           u2710 0873                             u4310 0318                             u4230 08A1  
                           u3511 17D8                             u2471 16A0                             u2455 1689  
                           u2391 1651                             u2631 07CC                             u2615 07B0  
                           u4151 0745                             u4135 070C                             u4071 06B0  
                           u4055 069B                             u1911 0DF4                             u2711 0872  
                           u3175 09A3                             u4311 0317                             u4231 08A0  
                           u4160 1747                             u3520 17E7                             u2480 16A6  
                           u2560 163E                             u2640 07F7                             u2632 07CD  
                           u2616 07B1                             u4080 06C5                             u1920 0DFA  
                           u4320 033A                             u4240 08B4                             u4400 0CFF  
                           u4161 1746                             u3521 17E6                             u2481 16A5  
                           u2465 1695                             u2561 163D                             u2545 1627  
                           u2641 07F6                             u2633 07D2                             u4145 0726  
                           u4081 06C4                             u1921 0DF9                             u4321 0339  
                           u4241 08B3                             u4401 0CFE                             u4170 178B  
                           u3530 17F0                             u3450 1798                             u2570 1643  
                           u2490 15FB                             u2634 07D3                             u4090 06CC  
                           u1930 0E13                             u2730 0884                             u2650 082A  
                           u4330 03CE                             u4250 004A                             u4410 0D08  
                           u4171 178A                             u3531 17EF                             u3515 17D5  
                           u3451 1797                             u2571 1642                             u2555 1632  
                           u2491 15FA                             u2635 07D8                             u4091 06CB  
                           u1931 0E12                             u2731 0883                             u2651 0829  
                           u3195 09B6                             u4331 03CD                             u4251 0049  
                           u4411 0D07                             u3540 17F6                             u3460 179D  
                           u2636 07D9                             u2580 076D                             u1940 0E17  
                           u1860 0DBE                             u2740 0889                             u2660 0841  
                           u4340 03D3                             u4260 0214                             u4180 0A0A  
                           u4420 0D45                             u3541 17F5                             u3461 179C  
                           u2645 07F3                             u2581 076C                             u1941 0E16  
                           u1861 0DBD                             u2741 0888                             u2725 0876  
                           u4341 03D2                             u4261 0213                             u4181 0A09  
                           u4421 0D44                             u3710 1488                             u3470 17AB  
                           u2590 0789                             u1950 0E4F                             u1870 0DC4  
                           u2670 0855                             u4270 022F                             u4190 0A1D  
                           u4430 0D4E                             u4350 0C9D                             u3711 1484  
                           u3471 17AA                             u2591 0788                             u1951 0E4E  
                           u1871 0DC3                             u2671 0854                             u4271 022E  
                           u4191 0A1C                             u4431 0D4D                             u4351 0C9C  
                           u3480 17B0                             u3800 0429                             u1960 0E58  
                           u1880 0DC9                             u2680 085C                             u4280 0244  
                           u4440 0D72                             u4360 0CA8                             u3481 17AF  
                           u3801 0428                             u1961 0E56                             u1881 0DC8  
                           u2681 085B                             u2665 083C                             u4281 0243  
                           u4441 0D71                             u4361 0CA7                             u3730 1547  
                           u3490 17C1                             u3810 042E                             u1970 0E59  
                           u1890 0DE6                             u4290 0270                             u4450 0D83  
                           u4370 0CE1                             u3731 1546                             u4507 1730  
                           u3491 17C0                             u3811 042D                             u1955 0E4B  
                           u1891 0DE5                             u4291 026F                             u4451 0D82  
                           u4371 0CE0                             _PEIE 005E                             u3724 148B  
                           u3740 14FC                             u3820 044B                             u1980 0E6B  
                           u4380 0CE7                             u4517 1774                             u3741 14FB  
                           u3901 0521                             u3821 044A                             u1981 0E6A  
                           u4285 0240                             u4381 0CE6                             u3902 0528  
                           u3830 0451                             u1990 0E78                             u4390 0CEF  
                           u4527 15A3                             u3495 17BD                             u3903 052F  
                           u3831 0450                             u1991 0E77                             u2695 085E  
                           u4295 026C                             u4391 0CEE                             u3760 1510  
                           u3840 0456                             u4537 15B2                             u3761 150F  
                           u3921 0555                             u3841 0455                             u3922 055C  
                           u3850 046D                             u3770 16B6                             u4547 15C0  
                           u3755 1503                             u3931 0580                             u3923 0563  
                           u3915 0531                             u3851 046C                             u3771 16B5  
                           u4467 0CBA                             u3932 0587                             u3860 0472  
                           u3780 16DE                             u4557 15D6                             u3933 058E  
                           u3861 0471                             u3781 16DD                             u4477 0102  
                           u3790 0423                             u4567 15E4                             u3951 05B4  
                           u3871 04BF                             u3791 0422                             u4487 03FC  
                           u3952 05BB                             u3872 04C6                             u4577 15F2  
                           u3961 05DF                             u3953 05C2                             u3945 0590  
                           u3881 04DB                             u3873 04CD                             u4497 143E  
                           u3962 05E6                             u3882 04E2                             u4587 1490  
                           u3971 060A                             u3963 05ED                             u3891 0505  
                           u3883 04E9                             u3980 0632                             u3972 0611  
                           u3892 050C                             u4597 149A                             u3973 0618  
                           u3893 0513                             u3991 063E                             u3992 0645  
                           u3993 064C                             u3985 062D                             _main 0C5C  
                           _time 0069                             btemp 007E                             start 000C  
              ___bmul@multiplier 0074                   clcd_write@byte 0075                   clcd_write@mode 0072  
                          ??_isr 0070                    ___fltol@sign1 0048                  __end_of___fladd 1000  
                          ?_main 0070                  __end_of___awdiv 16B0                            STR_10 1111  
                          STR_11 10F4                            STR_20 1033                            STR_12 10BF  
                          STR_21 107A                            STR_13 1159                            STR_22 113C  
                          STR_30 1130                            STR_14 1163                            STR_31 1142  
                          STR_23 1136                            STR_15 1122                            STR_32 1130  
                          STR_40 115E                            STR_24 109E                            STR_16 1154  
                          STR_33 1130                            STR_41 10B4                            STR_25 115E  
                          STR_17 1167                            STR_42 10A9                            STR_34 10D0  
                          STR_26 10B4                            STR_18 1086                            STR_27 10A9  
                          STR_43 1043                            STR_19 1023                            STR_35 1012  
                          STR_28 10D0                            STR_44 1108                            STR_36 1052  
                __end_of___awmod 164D                            STR_45 1023                            STR_29 1142  
                          STR_37 106D                            STR_46 1060                            STR_38 1000  
                          STR_39 109E                            STR_47 10B4                            STR_48 10E0  
                __end_of___flmul 0757                  __end_of___flsub 14C4                  __end_of___fltol 0895  
                ___awdiv@divisor 0072                            i1l278 1598                     ?_init_config 0070  
                ___awdiv@counter 0076                            _PORTB 0006                            _PORTD 0008  
                          _TRISB 0086                            _TRISD 0088                     ?_init_timer2 0070  
                          _level 006E                            _start 0039                            pclath 000A  
                          status 0003                            wtemp0 007E                  __initialization 000F  
                   __end_of_main 0DB0                    main@delay_203 0066              washing_program_@key 0025  
                         ??_main 0061                 power_ON_screen@i 0026                 ___awdiv@dividend 0074  
                         ?_start 0070                           i1l3010 1548                           i1l3020 157D  
                         i1l3012 154E                           i1l3022 1582                           i1l3014 1569  
                         i1l3030 1595                           i1l3024 1587                           i1l3016 1570  
                         i1l3026 1589                           i1l3018 1572                           i1l3028 158B  
                         u355_20 154E                           u355_21 154D                           u356_20 1569  
                         u356_21 1568                           u357_20 1570                           u357_21 156F  
                         u358_20 1582                           u358_21 1581                           u359_20 1587  
                         u359_21 1586                           _TMR2IE 0461                           _TMR2IF 0061  
                         _TMR2ON 0092                           _TRISC1 0439                           _TRISC2 043A  
                         _TRISE1 0449                           _TRISE2 044A                 __end_of___xxtofl 09FE  
    __end_of_init_digital_keypad 141D                           ___flge 0757                           ___bmul 1444  
        _init_display_controller 159F                        ??___fladd 0020                        ??___awdiv 0076  
                      ??___awmod 0076                        ??___flmul 002E                        ??___flsub 007A  
                      ??___fltol 0044                 ___awdiv@quotient 0078                  ___awmod@divisor 0072  
                ___awmod@counter 0076                     __pdataCOMMON 007B                 __end_of_set_time 0C5C  
                         saved_w 007E                       ___flge@ff1 0048                       ___flge@ff2 004C  
                   ___xxtofl@arg 0022                     ___xxtofl@exp 0021                     ___xxtofl@val 0072  
        __end_of__initialization 0035                       ___fltol@f1 0040              ___bmul@multiplicand 0072  
                 __pcstackCOMMON 0070                     __pidataBANK1 14C4                    __end_of_start 0415  
                        ??_start 0054                       __pbssBANK0 0069                       __pbssBANK1 00C8  
      ??_init_display_controller 0076                       _clcd_print 1515                       _clcd_putch 146A  
                     _clcd_write 147F                __end_of__Umul8_16 1515                       _clear_clcd 1433  
                     __pmaintext 0C5C              power_ON_screen@i_92 0028                          ?___flge 0048  
                        ?___bmul 0072                       __pintentry 0004      __end_of_read_digital_keypad 1800  
                      ?___xxtofl 0072                       __stringtab 116B                        ?_set_time 0070  
                        ___fladd 0DB0                          ___awdiv 164D                          ___awmod 15F6  
                        ___flmul 0415                          ___flsub 14A0                          ___fltol 081F  
                        __ptext1 0895                          __ptext2 09FE                          __ptext3 0039  
                        __ptext4 16B0                          __ptext5 1433                          __ptext6 0948  
                        __ptext7 081F                          __ptext8 14A0                          __ptext9 0DB0  
__end_of_init_display_controller 15F6                __end_of_init_clcd 1428           read_digital_keypad@key 0072  
                     ??___xxtofl 0076                 ___awmod@dividend 0074                 _washing_program_ 09FE  
                        main@key 0068             end_of_initialization 0035                      ?_clcd_print 0020  
                    ?_clcd_putch 0020                      ?_clcd_write 0072                       _reset_flag 00C6  
                    ?_clear_clcd 0070                       ??_set_time 0072                     __pstringtext 1000  
                     _rinse_time 00CD                      ___fladd@grs 002B                       _program_no 006F  
                  ___xxtofl@sign 0020                    clcd_print@str 0020                ??_power_ON_screen 0023  
                    ___flmul@grs 0035                       _total_time 006B                   __end_of___flge 07FB  
                 __end_of___bmul 1457                    __pidataCOMMON 07FB              start_initialization 000F  
                    __end_of_isr 159F            water_level_screen@key 0025                         ??___flge 0050  
                       ??___bmul 0073                       init_fetch0 1457                        __Umul8_16 14EC  
     __end_of_water_level_screen 0948                      __pdataBANK1 00A0       read_digital_keypad@pre_key 00CC  
                  ??_init_config 0078                        ___fladd@a 0076                        ___fladd@b 0072  
                  ??_init_timer2 0072                        ___flmul@a 002A                        ___flmul@b 0026  
                    __pbssCOMMON 007A                        ___flsub@a 0040                        ___flsub@b 0044  
                      ___latbits 0002                    __pcstackBANK0 0020                _operational_state 00C4  
       __end_of_washing_program_ 0B15                         ?___fladd 0072                         ?___awdiv 0072  
                       ?___awmod 0072                         ?___flmul 0026                         ?___flsub 0040  
                       ?___fltol 0040                       ?__Umul8_16 0072                        __pstrings 116B  
                      _init_clcd 141D              __end_of_init_config 081F   read_digital_keypad@longpressed 00C2  
            __end_of_init_timer2 1433                  _washing_program 00A0         ?_init_display_controller 0070  
              interrupt_function 0004                     ??_clcd_print 0078                     ??_clcd_putch 007A  
                   ??_clcd_write 0073                     ??_clear_clcd 0076                        _wash_time 006A  
                      _spin_time 007A                  _power_ON_screen 171B                      __stringbase 117D  
                      main@delay 0064               __end_of_clcd_print 1548               __end_of_clcd_putch 147F  
             __end_of_clcd_write 14A0                       ?_init_clcd 0070               __end_of_clear_clcd 1444  
            _init_digital_keypad 1417                      ??__Umul8_16 0074              _water_level_options 00B8  
           ?_init_digital_keypad 0070               __end_of__stringtab 117D                      _init_config 0805  
                       ___xxtofl 0948                      _init_timer2 1428                         __ptext10 0415  
                       __ptext11 14EC                         __ptext20 1515                         __ptext12 0757  
                       __ptext21 0805                         __ptext13 1444                         __ptext22 1428  
                       __ptext14 15F6                         __ptext23 1417                         __ptext15 164D  
                       __ptext24 141D                         __ptext16 0B15                         __ptext25 159F  
                       __ptext17 178C                         __ptext26 147F                         __ptext18 171B  
                       __ptext27 1548                         __ptext19 146A          read_digital_keypad@mode 0070  
        read_digital_keypad@once 007B                         _set_time 0B15          __end_of_power_ON_screen 178C  
          ??_init_digital_keypad 0072                _door_status_check 16B0               ?_door_status_check 0070  
                       isr@count 00C8              ??_door_status_check 0078                         init_ram0 145B  
             _water_level_screen 0895                      ??_init_clcd 0078                         intlevel1 0000  
            ?_water_level_screen 0070                        stringcode 1175                ?_washing_program_ 0070  
      __end_of_door_status_check 171B               ??_washing_program_ 0023              _read_digital_keypad 178C  
                       start@key 0060             ??_water_level_screen 0023           __Umul8_16@multiplicand 0072  
                       stringtab 116B                    ___fladd@signs 0028             ?_read_digital_keypad 0070  
                   ___fladd@aexp 0029                     ___fladd@bexp 002A             __Umul8_16@multiplier 0024  
              __Umul8_16@product 0020  
